code,platform,module,variant,level,description,en_implication,en_solution,zh_implication,zh_solution,de_implication,de_solution,fr_implication,fr_solution,it_implication,it_solution,ja_implication,ja_solution,es_implication,es_solution,cs_implication,cs_solution,ko_implication,ko_solution,sk_implication,sk_solution,pl_implication,pl_solution,nl_implication,nl_solution,da_implication,da_solution,sr_implication,sr_solution,sv_implication,sv_solution,sl_implication,sl_solution,pt_implication,pt_solution,hu_implication,hu_solution,hr_implication,hr_solution,no_implication,no_solution,fi_implication,fi_solution,ro_implication,ro_solution,bg_implication,bg_solution,et_implication,et_solution,lv_implication,lv_solution,lt_implication,lt_solution
0,2,common,STATE_0,1,请求成功,Request succeeded,,请求成功,,Anfrage erfolgreich,,Demande réussie,,Richiesta riuscita,,,,Solicitud correcta,,Žádost byla úspěšná,,,,Žiadosť bola úspešná,,Żądanie pomyślne,,Verzoek Succesvol,,Anmodningen lykkedes,,,,Begäran lyckades,,Zahteva je bila uspešna,,,,,,,,,,,,,,,,,,,,,
2,3,upgrade,STATE_2,1,,Please try again after the battery level is over 30%,,确保电量大于30%后重试,,Nach überprüfung des Akkustands (〉30%) erneut versuchen,,Réessayez après batterie 〉 30%,,Riprova con batteria 〉 30%,,,,Reintentar después de asegurarse batería 〉 30%,,"Ujistěte se, že baterie je větší než 30%, a zkuste to znovu.",,,,Skúste to znova až bude batéria nabitá na viac ako 30%,,"Spróbuj ponownie po upewnieniu się, że bateria 〉 30%",,Probeer het opnieuw nadat de batterij 〉 30% is,,"Prøv igen, når batteriniveauet er over 30 %",,,,Försök igen när batterinivån är över 30 %,,"Poskusite znova, ko bo raven napolnjenosti baterije presegla 30 %.",,,,,,,,,,,,,,,,,,,,,
10,3,upgrade,STATE_10,1,,Firmware mismatch,,固件不匹配,,Firmware nicht kompatibel,,Incompatibilité du firmware,,Firmware non corrispondente,,,,Firmware no compatible,,Neshoda firmwaru,,,,Nezhoda firmware,,Nieodpowiednie oprogramowanie systemowe,,Firmware-incompatibiliteit,,Uoverensstemmelse mellem firmware,,,,Firmware matchar inte,,Neustrezna vdelana programska oprema,,,,,,,,,,,,,,,,,,,,,
12,3,upgrade,STATE_12,1,,Firmware error,,固件大小异常,,Ungewöhnliche Firmware-Größe,,Taille anormale du micrologiciel,,Dimensione anormale del firmware,,,,Tamaño anormal del firmware,,Výjimka velikosti firmwaru,,,,Error irmware,,Nienormalny rozmiar oprogramowania systemowego,,Firmware foutmelding,,Firmware fejl,,,,Firmware-fel,,Napaka strojne programske opreme,,,,,,,,,,,,,,,,,,,,,
13,3,upgrade,STATE_13,1,,Firmware download failed,,固件下载失败,,Firmware-Download fehlgeschlagen,,échec du téléchargement du micrologiciel,,Download del firmware non riuscito,Download del firmware fallito,,,Error al descargar el firmware,,Stažení firmwaru selhalo,,,,Stiahnutie firmware zlyhalo,,Niepowodzenie pobierania oprogramowania systemowego,,Firmware downloaden mislukt,,Download af firmware mislykkedes,,,,Nedladdning av fast programvara misslyckades,,Prenos vdelane programske opreme ni uspel,,,,,,,,,,,,,,,,,,,,,
40,3,upgrade,STATE_40,1,确保电量大于40%后重试,Please try again after the battery level is over 40%,,确保电量大于40%后重试,,Nach überprüfung des Akkustands (〉40%) erneut versuchen,,Réessayez après batterie 〉 40%,,Riprova con batteria 〉 40%,,,,Reintentar después de asegurarse batería 〉 40%,,"Ujistěte se, že baterie je větší než 40%, a zkuste to znovu.",,,,Skúste to znova až bude batéria nabitá na viac ako 40%,,"Spróbuj ponownie po upewnieniu się, że bateria 〉 40%",,Probeer het opnieuw nadat de batterij 〉 40% is,,"Prøv igen, når batteriniveauet er over 40 %",,,,Försök igen när batterinivån är över 40 %,,"Poskusite znova, ko bo raven napolnjenosti baterije presegla 40 %.",,,,,,,,,,,,,,,,,,,,,
100,3,navigation,STATE_100,1,机器超出边界，无法作业(%s),The robot cannot work as it is out of task areas (%s),,机器超出边界，无法作业(%s),,"Die Maschine kann nicht arbeiten, weil sie sich außerhalb der Grenze (%s) befindet.",,Impossible de faire fonctionner la machine car elle est hors limites ( %s),,La macchina non è in grado di funzionare perché è fuori confine (%s),,,,La máquina no puede funcionar porque está fuera de los límites (%s),,Robot nemůže pracovat protože je mimo oblast sečení (%s),,,,Robot nemôže pracovať pretože je mimo oblasti kosenia (%s),,"Maszyna nie może pracować, ponieważ jest poza granicami (%s)",,Kan de machine niet bedienen omdat deze buiten bereik is (%s),,"Robotten kan ikke arbejde, da den er uden for opgaveområder (%s)",,,,Roboten kan inte fungera eftersom den är utanför klippningsområdena (%s),,"Robot ne more delovati, ker je izven območij nalog (%s)",,,,,,,,,,,,,,,,,,,,,
111,3,motor,STATE_111,1,左前轮毂电机温度过高,The left front wheel hub motor is overheating,The robot will come back to normal once the motor temperature decreases. This may take several minutes,左前轮毂电机温度过高,温度下降后设备将恢复正常，该过程可能需要几分钟,Temperatur im linken vorderen Nabenmotor zu hoch,"Das Gerät normalisiert sich wieder, nachdem die Temperatur gefallen ist, und dieser Vorgang kann mehrere Minuten dauern",Température du moteur du moyeu avant gauche trop élevée,Le dispositif reviendra à la normale après une baisse de la température et ce processus peut prendre plusieurs minutes.,Temperatura del motore del mozzo anteriore sinistro troppo alta,"Il dispositivo tornerà alla normalità al calo della temperatura, e questo processo potrebbe richiedere diversi minuti",,,Temperatura del motor del buje delantero izquierdo demasiado alta,El dispositivo volverá a la normalidad después de que baje la temperatura y este proceso puede tardar varios minutos,Teplota motoru levého předního kola je příliš vysoká,"Robot se vrátí do normálu, jakmile teplota motoru klesne. To může trvat několik minut",,,Teplota motora ľavého predného kolesa je príliš vysoká,"Robot sa vráti do normálu, akonáhle teplota motora klesne. To môže trvať niekoľko minút",Zbyt wysoka temperatura silnika lewego koła przedniego,"Robot powróci do pracy po spadku temperatury, co może potrwać kilka minut",Temperatuur linker voornaafmotor te hoog,"Robot zal terugkeren naar de gewenste staat nadat de temperatuur gedaald is, dit kan enkele minuten duren",Den venstre forhjulsmotor er overophedet,"Robotten vender tilbage til normal, når motortemperaturen falder. Dette kan tage flere minutter",,,Vänster framhjulsnavsmotor är överhettad,Roboten kommer att återgå till det normala när motortemperaturen sjunker. Det här kan ta flera minuter,Motor levega sprednjega kolesa se pregreva,"Robot se bo normalizirala, ko se bo temperatura motorja zmanjšala. To lahko traja nekaj minut",,,,,,,,,,,,,,,,,,,,
112,3,motor,STATE_112,1,左前轮毂电机温度过低,The temperature of the left front wheel hub is too low,The ambient temperature is too low. Recommended to operate the robot above -10°C.,左前轮毂电机温度过低,环境温度过低，建议让Robot在高于-10摄氏度的作业环境下作业,Temperatur im linken vorderen Nabenmotor zu niedrig,"Die Umgebungstemperatur ist zu niedrig. Es wird empfohlen, dass Roboter in einer Umgebung über -10 °C arbeitet",Température du moteur du moyeu avant gauche trop basse,La température ambiante est trop basse. Il est recommandé que robot fonctionne dans une température ambiante supérieure à -10 °C.,Temperatura del motore del mozzo anteriore sinistro troppo bassa,La temperatura ambiente è troppo bassa. Si raccomanda che robot lavori in un ambiente con temperatura superiore a -10 gradi Celsius,,,Temperatura del motor del buje delantero izquierdo demasiado baja,La temperatura ambiente es demasiado baja. Se recomienda que robot funcione en un entorno superior a –10 grados Celsius,Teplota motoru levého předního kola je příliš nízká,Okolní teplota je příliš nízká. robot může pracovat při teplotě prostředí nad -10 °C,,,Teplota motora ľavého predného kolesa je príliš nízka,Okolitá teplota je príliš nízka. Robot môže pracovať pri teplote prostredie nad -10 °C,Zbyt niska temperatura silnika lewego koła przedniego,"Temperatura otoczenia jest zbyt niska. Zaleca się, aby robot pracowała w środowisku powyżej -10°C",Temperatuur linker voornaafmotor te laag,De temperatuur is te laag. Het wordt aanbevolen dat robot maait in een omgeving boven -10°C,Temperaturen på venstre forhjulsmotor er for lav,Omgivelsestemperaturen er for lav. Anbefales til at betjene robotten over -10 °C.,,,Temperaturen på det vänstra framhjulsnavet är för låg,Den omgivande temperaturen är för låg. Rekommenderas för att använda roboten över -10°C.,Temperatura levega sprednjega kolesa je prenizka,"Temperatura okolice je prenizka. Priporočljivo je, da naprava robot deluje pri temperaturi nad -10 °C.",,,,,,,,,,,,,,,,,,,,
113,3,motor,STATE_113,2,左前轮毂电机过载,The left front wheel hub motor is overloaded,The robot or wheel hub stuck. Check if the robot gets stuck by obstacles and if the left front wheels run well,左前轮毂电机过载,机器或轮毂卡住，请检查Robot是否被障碍卡住以及左前轮状态；,Überlastung des linken vorderen Nabenmotors,"Die Maschine oder Nabe steckt fest. Prüfen Sie, ob Roboter an Hindernissen feststeckt, und den Status des linken Vorderrads;",Surcharge du moteur du moyeu avant gauche,La machine ou le moyeu est coincé. Vérifiez si robot est coincé par des obstacles et l’état de la roue avant gauche ;,Sovraccarico del motore del mozzo anteriore sinistro,Blocco della macchina o del mozzo. Controllare se robot è bloccato da ostacoli e verificare lo stato della ruota anteriore sinistra;,,,Sobrecarga del motor del buje delantero izquierdo,La máquina o el cubo están atascados. Compruebe si robot está atascado por obstáculos y verifique el estado de la rueda delantera izquierda.,Motor levého předního kola je přetížený,Robot nebo kolo uvízly. Zkontrolujte robot a zda se levé přední kolo dobře otáčí,,,Motor ľavého predného kolesa je preťažený,Robot alebo koleso uviazli. Skontrolujte robot a či sa ľavé predné koleso dobre otáča,Przeciążenie silnika lewego koła przedniego,"Robot utknęła, sprawdź lewe przednie koło",Overbelasting van de linker voornaafmotor,Robot zit vast. Controleer op obstakels en kijk de toestand van het linker voorwiel na,Den venstre forhjulsmotor er overbelastet,"Robotten eller hjulnavet sidder fast. Kontroller, om robotten sidder fast af forhindringer, og om venstre forhjul kører godt",,,Vänster framhjulsnavsmotor är överbelastad,Roboten eller hjulnavet har fastnat. Kontrollera om roboten fastnar av hinder och om de vänstra framhjulen går bra,Motor levega sprednjega kolesa je preobremenjen,"Robot ali pesto kolesa se je zataknilo. Preverite, ali se robot zatakne ob ovire in ali leva sprednja kolesa dobro delujejo.",,,,,,,,,,,,,,,,,,,,
114,3,motor,STATE_114,3,左前轮毂电机堵转,The left front wheel hub motor stalled,Robot or wheel hub stuck. Check if the robot gets stuck by obstacles and if the left front wheels run well,左前轮毂电机堵转,机器或轮毂卡住，请检查Robot是否被障碍卡住以及左前轮状态；,Linker vorderer Nabenmotor ist blockiert,"Die Maschine oder Nabe steckt fest. Prüfen Sie, ob Roboter an Hindernissen feststeckt, und den Status des linken Vorderrads;",Moteur du moyeu avant gauche bloqué,La machine ou le moyeu est coincé. Vérifiez si robot est coincé par des obstacles et l’état de la roue avant gauche ;,Motore del mozzo anteriore sinistro in stallo,Blocco della macchina o del mozzo. Controllare se robot è bloccato da ostacoli e verificare lo stato della ruota anteriore sinistra;,,,Motor del buje delantero izquierdo parado,La máquina o el cubo están atascados. Compruebe si robot está atascado por obstáculos y verifique el estado de la rueda delantera izquierda.,Motor levého předního kola je zablokovaný,Robot nebo kolo uvízly. Zkontrolujte robot a zda se levé přední kolo dobře otáčí,,,Motor ľavého predného kolesa je zablokovaný,Robot alebo koleso uviazli. Skontrolujte robot a či sa ľavé predné koleso dobre otáča,Zablokowany silnik lewego koła przedniego,"Robot utknęła, sprawdź lewe przednie koło",Linker voornaafmotor vastgelopen,De machine of hub zit vast. Controleer of robot vastzit door obstakels en de staat van het linker voorwiel,Den venstre forhjulsmotor gik i stå,"Robot eller hjulnav sidder fast. Kontroller, om robotten sidder fast af forhindringer, og om venstre forhjul kører godt",,,Vänster framhjulsnavsmotor stannade,Robot eller hjulnav har fastnat. Kontrollera om roboten fastnar av hinder och om de vänstra framhjulen går bra,Motor levega sprednjega kolesa se je ustavil,"Robot ali pesto kolesa se je zataknilo. Preverite, ali se robot zatakne ob ovire in ali leva sprednja kolesa dobro tečejo.",,,,,,,,,,,,,,,,,,,,
115,3,motor,STATE_115,3,左前轮毂电机霍尔传感器错误,The Hall sensor on the left front wheel hub error,"Restart the robot. If the issue persists, contact the after-sales support",左前轮毂电机霍尔传感器错误,请重启Robot，若多次重启无效，请联系售后,Fehler im Hallwandler des linken vorderen Nabenmotors,"Bitte starten Sie Roboter neu. Wenn mehrere Neustarts fehlschlagen, kontaktieren Sie bitte den Kundendienst",Erreur du transducteur Hall du moteur du moyeu avant gauche,"Veuillez redémarrer robot. Si plusieurs redémarrages échouent, veuillez contacter le service après-vente",Errore trasduttore Hall motore del mozzo anteriore sinistro,"Si prega di riavviare robot. Se diversi riavvii falliscono, si prega di contattare il servizio post-vendita",,,Error del transductor Hall del motor del buje delantero izquierdo,"Por favor, reinicie robot. Si varios reinicios fallan, por favor, póngase en contacto con el servicio postventa",Chyba Hallova senzoru levého předního kola,"Restartujte robot. Pokud problém přetrvává, kontaktujte autorizovaný servis",,,Chyba Hallovho senzora ľavého predného kolesa,"Reštartujte robot. Ak problém pretrváva, kontaktujte autorizovaný servis",Błąd przetwornika Halla silnika lewego koła przedniego,"Uruchom ponownie robot. Jeśli nie działa, skontaktuj się z naszym zespołem obsługi posprzedażnej.",Hall-sensorfout linker voornaafmotor,"Start robot opnieuw op. Als meerdere herstarts mislukken, neem dan contact op met onze na-verkoop",Hall-sensoren på venstre forhjulsmotor fejl,"robotten. Hvis problemet fortsætter, skal du kontakte support",,,Fel i Hall-sensorn på vänster framhjulsnav,"Starta om roboten. Om problemet kvarstår, kontakta kundsupporten",Napaka Hallovega senzorja na levem sprednjem kolesnu,"Ponovno zaženite napravo robot. Če se težava nadaljuje, se obrnite na poprodajno podporo",,,,,,,,,,,,,,,,,,,,
116,3,motor,STATE_116,1,左前轮毂电机传感器失效,Left front wheel hub motor sensor failed,"Restart the robot. If the issue persists, contact the after-sales support",左前轮毂电机传感器失效,请重启Robot，若多次重启无效，请联系售后,Der Sensor für den linken vorderen Radnabenmotor ist ausgefallen,"Bitte starten Sie Roboter neu. Wenn mehrere Neustarts fehlschlagen, kontaktieren Sie bitte den Kundendienst",Le capteur du moteur de la roue avant gauche est défectueux,"Veuillez redémarrer robot. Si plusieurs redémarrages échouent, veuillez contacter le service après-vente",Il sensore del motore della ruota anteriore sinistra è guasto,"Si prega di riavviare robot. Se diversi riavvii falliscono, si prega di contattare il servizio post-vendita",,,El sensor del motor del cubo de la rueda delantera izquierda ha fallado,"Por favor, reinicie robot. Si varios reinicios fallan, por favor, póngase en contacto con el servicio postventa",Snímač motoru levého předního kola selhal,"Restartujte robot. Pokud problém přetrvává, kontaktujte autorizovaný servis",,,Snímač motora ľavého predného kolesa zlyhal,"Reštartujte robot. Ak problém pretrváva, kontaktujte autorizovaný servis",Czujnik silnika lewej przedniej piasty koła jest uszkodzony,"Uruchom ponownie robot. Jeśli nie działa, skontaktuj się z naszym zespołem obsługi posprzedażnej.",Motorsensor linker voorwiel is defect,"Start robot opnieuw op. Als meerdere herstarts mislukken, neem dan contact op met de klantenservice.",Venstre forhjulsmotor sensor mislykkedes,"Genstart robotten. Hvis problemet fortsætter, skal du kontakte support",,,Vänster framhjulsnavsmotorsensor misslyckades,"Starta om roboten. Om problemet kvarstår, kontakta kundsupporten",Senzor motorja levega sprednjega kolesa ni deloval,"Ponovno zaženite napravo robot. Če se težava nadaljuje, se obrnite na poprodajno podporo",,,,,,,,,,,,,,,,,,,,
121,3,motor,STATE_121,1,右前轮毂电机温度过高,The right front wheel hub motor is overheating,The robot will come back to normal once the motor temperature decreases. This may take several minutes,右前轮毂电机温度过高,温度下降后设备将恢复正常，该过程可能需要几分钟,Temperatur im rechten vorderen Nabenmotor zu hoch,"Das Gerät normalisiert sich wieder, nachdem die Temperatur gefallen ist, und dieser Vorgang kann mehrere Minuten dauern",Température du moteur du moyeu avant droit trop élevée,Le dispositif reviendra à la normale après une baisse de la température et ce processus peut prendre plusieurs minutes.,Temperatura del motore del mozzo anteriore destro troppo alta,"Il dispositivo tornerà alla normalità al calo della temperatura, e questo processo potrebbe richiedere diversi minuti",,,Temperatura del motor del buje delantero derecho demasiado alta,El dispositivo volverá a la normalidad después de que baje la temperatura y este proceso puede tardar varios minutos,Teplota motoru pravého předního kola je příliš vysoká,"Robot se vrátí do normálu, jakmile teplota motoru klesne. To může trvat několik minut",,,Teplota motora pravého predného kolesa je príliš vysoká,"Robot sa vráti do normálu, akonáhle teplota motora klesne. To môže trvať niekoľko minút",Zbyt wysoka temperatura silnika prawego koła przedniego,"robot powróci do pracy po spadku temperatury, co może potrwać kilka minut",Rechter voornaafmotortemperatuur te hoog,"Robot zal weer normaal functioneren wanneer de temperatuur daalt, dit kan enkele minuten duren.",højre forhjulsmotor er overophedet,"Robotten vender tilbage til normal, når motortemperaturen falder. Dette kan tage flere minutter",,,Höger framhjulsnavsmotor är överhettad,Roboten kommer att återgå till det normala när motortemperaturen sjunker. Det här kan ta flera minuter,Motor desnega sprednjega kolesa se pregreva,"Robot se bo normalizirala, ko se bo temperatura motorja znižala. To lahko traja nekaj minut",,,,,,,,,,,,,,,,,,,,
122,3,motor,STATE_122,1,右前轮毂电机温度过低,The temperature of the right front wheel hub is too low,The ambient temperature is too low. Recommended to operate the robot above -10°C.,右前轮毂电机温度过低,环境温度过低，建议让Robot在高于-10摄氏度的作业环境下作业,Temperatur im rechten vorderen Nabenmotor zu niedrig,"Die Umgebungstemperatur ist zu niedrig. Es wird empfohlen, dass Roboter in einer Umgebung über -10 °C arbeitet",Température du moteur du moyeu avant droit trop basse,La température ambiante est trop basse. Il est recommandé que robot fonctionne dans une température ambiante supérieure à -10 °C.,Temperatura del motore del mozzo anteriore destro troppo bassa,La temperatura ambiente è troppo bassa. Si raccomanda che robot lavori in un ambiente con temperatura superiore a -10 gradi Celsius,,,Temperatura del motor del buje delantero derecho demasiado baja,La temperatura ambiente es demasiado baja. Se recomienda que robot funcione en un entorno superior a –10 grados Celsius,Teplota motoru pravého předního kola je příliš nízká,Okolní teplota je příliš nízká. robot může pracovat při teplotě prostředí nad -10 °C,,,Teplota motora pravého predného kolesa je príliš nízka,Okolitá teplota je príliš nízka. Robot môže pracovať pri teplote prostredie nad -10 °C,Zbyt niska temperatura silnika prawego koła przedniego,"Temperatura otoczenia jest zbyt niska. Zaleca się, aby robot pracowała w środowisku powyżej -10°C",Rechter voornaafmotortemperatuur te laag,De temperatuur is te laag. Het wordt aanbevolen dat robot maait in een omgeving boven -10°C,Temperaturen på højre forhjulsmotor er for lav,Omgivelsestemperaturen er for lav. Anbefales til at betjene robotten over -10 °C.,,,Temperaturen på det högra framhjulsnavet är för låg,Den omgivande temperaturen är för låg. Rekommenderas för att använda roboten över -10°C.,Temperatura desnega sprednjega kolesa je prenizka,"Temperatura okolice je prenizka. Priporočljivo je, da naprava robot deluje pri temperaturi nad -10 °C.",,,,,,,,,,,,,,,,,,,,
123,3,motor,STATE_123,2,右前轮毂电机过流,The right front wheel hub motor overcurrent,Robot or wheel hub stuck. Check if the robot gets stuck by obstacles and if the right front wheels run well,右前轮毂电机过流,机器或轮毂卡住，请检查Robot是否被障碍卡住以及右前轮状态；,Zu hohe Stromstärke im rechten vorderen Nabenmotor,"Die Maschine oder Nabe steckt fest. Prüfen Sie, ob Roboter an Hindernissen feststeckt, und den Status des rechten Vorderrads;",Surintensité du moteur du moyeu avant droit,La machine ou le moyeu est coincé. Vérifiez si robot est coincé par des obstacles et l’état de la roue avant droit ;,Sovracorrente del motore del mozzo anteriore destro,Blocco della macchina o del mozzo. Controllare se robot è bloccato da ostacoli e verificare lo stato della ruota anteriore destra;,,,Sobreintensidad en el motor del buje delantero derecho,La máquina o el cubo están atascados. Compruebe si robot está atascado por obstáculos y el estado de la rueda delantera derecha.,Motor pravého předního kola je přetížený,Robot nebo kolo uvízly. Zkontrolujte robot a zda se pravé přední kolo dobře otáčí,,,Motor pravého predného kolesa je preťažený,Robot alebo koleso uviazli. Skontrolujte robot a či sa pravé predné koleso dobre otáča,Przeciążenie silnika prawego koła przedniego,"Maszyna jest zablokowana. Sprawdź, czy robot nie utknęła w strefach zakazanych i stan prawego przedniego koła",Rechter voornaafmotor overstroom,De machine of hub zit vast. Controleer of robot vastzit door obstakels en de staat van het rechter voorwiel,Den højre forhjulsmotor er overbelastet,"Robot eller hjulnav sidder fast. Kontroller, om robotten sidder fast af forhindringer, og om det højre forhjul kører godt",,,Höger framhjulsnavsmotor överström,Robot eller hjulnav har fastnat. Kontrollera om roboten fastnar av hinder och om de högra framhjulen går bra,Prevelik tok motorja desnega sprednjega kolesa,"Robot ali pesto kolesa se je zataknilo. Preverite, ali se robot zatakne ob ovire in ali desna sprednja kolesa dobro delujejo.",,,,,,,,,,,,,,,,,,,,
124,3,motor,STATE_124,3,右前轮毂电机堵转,The right front wheel hub motor stalled,Robot or wheel hub stuck. Check if the robot gets stuck by obstacles and if the right front wheels run well,右前轮毂电机堵转,机器或轮毂卡住，请检查Robot是否被障碍卡住以及右前轮状态；,Rechter vorderer Nabenmotor ist blockiert,"Die Maschine oder Nabe steckt fest. Prüfen Sie, ob Roboter an Hindernissen feststeckt, und den Status des rechten Vorderrads;",Moteur du moyeu avant droit bloqué,La machine ou le moyeu est coincé. Vérifiez si robot est coincé par des obstacles et l’état de la roue avant droit ;,Motore del mozzo anteriore destro in stallo,Blocco della macchina o del mozzo. Controllare se robot è bloccato da ostacoli e verificare lo stato della ruota anteriore destra;,,,Motor del buje delantero derecho parado,La máquina o el cubo están atascados. Compruebe si robot está atascado por obstáculos y el estado de la rueda delantera derecha.,Motor pravého předního kola je zablokovaný,Robot nebo kolo uvízly. Zkontrolujte robot a zda se pravé přední kolo dobře otáčí,,,Motor pravého predného kolesa je zablokovaný,Robot alebo koleso uviazli. Skontrolujte robot a či sa pravé predné koleso dobre otáča,Zablokowany silnik prawego koła przedniego,"Maszyna jest zablokowana. Sprawdź, czy robot nie utknęła w strefach zakazanych i stan prawego przedniego koła",Rechter voornaafmotor vastgelopen,De machine of hub zit vast. Controleer of robot vastzit door obstakels en de staat van het rechter voorwiel;,Højre forhjulsmotor gik i stå,"Robot eller hjulnav sidder fast. Kontroller, om robotten sidder fast af forhindringer, og om det højre forhjul kører godt",,,Höger framhjulsnavsmotor stannade,Robot eller hjulnav har fastnat. Kontrollera om roboten fastnar av hinder och om de högra framhjulen går bra,Motor desnega sprednjega kolesa je zastal,"Robot ali pesto kolesa se je zataknilo. Preverite, ali se robot zatakne ob ovire in ali desna sprednja kolesa dobro vozijo.",,,,,,,,,,,,,,,,,,,,
125,3,motor,STATE_125,3,右前轮毂电机霍尔传感器错误,The Hall sensor on the right front wheel hub error,"Restart the robot. If the issue persists, contact the after-sales support",右前轮毂电机霍尔传感器错误,请重启Robot，若多次重启无效，请联系售后,Fehler im Hallwandler des rechten vorderen Nabenmotors,"Bitte starten Sie Roboter neu. Wenn mehrere Neustarts fehlschlagen, kontaktieren Sie bitte den Kundendienst",Erreur du transducteur Hall du moteur du moyeu avant droit,"Veuillez redémarrer robot. Si plusieurs redémarrages échouent, veuillez contacter le service après-vente",Errore trasduttore Hall motore del mozzo anteriore destro,"Si prega di riavviare robot. Se diversi riavvii falliscono, si prega di contattare il servizio post-vendita",,,Error del transductor Hall del motor del buje delantero derecho,"Por favor, reinicie robot. Si varios reinicios fallan, por favor, póngase en contacto con el servicio postventa",Chyba Hallova senzoru pravého předního kola,"Restartujte robot. Pokud problém přetrvává, kontaktujte autorizovaný servis",,,Chyba Hallovho senzora pravého predného kolesa,"Reštartujte robot. Ak problém pretrváva, kontaktujte autorizovaný servis",Błąd przetwornika Halla silnika prawego koła przedniego,"Uruchom ponownie robot. Jeśli nie działa, skontaktuj się z naszym zespołem obsługi posprzedażnej.",Hall-sensorfout rechter voornaafmotor,"Start robot opnieuw op. Als meerdere herstarts mislukken, neem dan contact op met onze na-verkoop",Hall-sensoren på højre forhjulsmotor fejl,"Genstart robotten. Hvis problemet fortsætter, skal du kontakte support",,,Fel i Hall-sensorn på höger framhjulsnav,"Starta om roboten. Om problemet kvarstår, kontakta kundsupporten",Napaka Hallovega senzorja na desnem sprednjem kolesu,"Ponovno zaženite robot. Če se težava nadaljuje, se obrnite na poprodajno podporo",,,,,,,,,,,,,,,,,,,,
126,3,motor,STATE_126,1,右前轮毂电机传感器失效,Right front wheel hub motor sensor failed,"Restart the robot. If the issue persists, contact the after-sales support",右前轮毂电机传感器失效,请重启Robot，若多次重启无效，请联系售后,Der Sensor für den rechten vorderen Radnabenmotor ist ausgefallen,"Bitte starten Sie Roboter neu. Wenn mehrere Neustarts fehlschlagen, kontaktieren Sie bitte den Kundendienst",Le capteur du moteur de la roue avant droite est défectueux,"Veuillez redémarrer robot. Si plusieurs redémarrages échouent, veuillez contacter le service après-vente",Il sensore del motore della ruota anteriore destra è guasto,"Si prega di riavviare robot. Se diversi riavvii falliscono, si prega di contattare il servizio post-vendita",,,El sensor del motor del cubo de la rueda delantera derecha ha fallado,"Por favor, reinicie robot. Si varios reinicios fallan, por favor, póngase en contacto con el servicio postventa",Snímač motoru pravého předního kola selhal,"Restartujte robot. Pokud problém přetrvává, kontaktujte autorizovaný servis",,,Snímač motora pravého predného kolesa zlyhal,"Reštartujte robot. Ak problém pretrváva, kontaktujte autorizovaný servis",Czujnik silnika prawego przedniego piasty koła jest uszkodzony,"Uruchom ponownie robot. Jeśli nie działa, skontaktuj się z naszym zespołem obsługi posprzedażnej.",De motorsensor van het rechter voorwiel is defect.,"Start robot opnieuw op. Als meerdere herstarts mislukken, neem dan contact op met de klantenservice.",Højre forhjulsmotor sensor mislykkedes,"Genstart robotten. Hvis problemet fortsætter, skal du kontakte eftersalgssupport",,,Höger framhjulsnavsmotorsensor misslyckades,"Starta om roboten. Om problemet kvarstår, kontakta kundsupporten",Senzor motorja desnega sprednjega kolesa ni deloval,"Ponovno zaženite napravo robot. Če se težava nadaljuje, se obrnite na poprodajno podporo.",,,,,,,,,,,,,,,,,,,,
131,3,motor,STATE_131,1,左后轮毂电机温度过高,The left rear wheel hub motor is overheating,The robot will come back to normal once the motor temperature decreases. This may take several minutes,左后轮毂电机温度过高,温度下降后设备将恢复正常，该过程可能需要几分钟,Temperatur im linken hinteren Nabenmotor zu hoch,"Das Gerät normalisiert sich wieder, nachdem die Temperatur gefallen ist, und dieser Vorgang kann mehrere Minuten dauern",Température du moteur du moyeu arrière gauche trop élevée,Le dispositif reviendra à la normale après une baisse de la température et ce processus peut prendre plusieurs minutes.,Temperatura del motore del mozzo posteriore sinistro troppo alta,"Il dispositivo tornerà alla normalità al calo della temperatura, e questo processo potrebbe richiedere diversi minuti",,,Temperatura del motor del buje trasero izquierdo demasiado alta,El dispositivo volverá a la normalidad después de que baje la temperatura y este proceso puede tardar varios minutos,Teplota motoru levého zadního kola je příliš vysoká,"Robot se vrátí do normálu, jakmile teplota motoru klesne. To může trvat několik minut",,,Teplota motora ľavého zadného kolesa je príliš vysoká,"Robot sa vráti do normálu, akonáhle teplota motora klesne. To môže trvať niekoľko minút",Zbyt wysoka temperatura silnika lewego koła tylnego,"Robot powróci do pracy po spadku temperatury, co może potrwać kilka minut",Temperatuur linker achternaafmotor te hoog,"Robot zal weer normaal functioneren wanneer de temperatuur daalt, dit kan enkele minuten duren.",Den venstre baghjulsmotor er overophedet,"Robotten vender tilbage til normal, når motortemperaturen falder. Dette kan tage flere minutter",,,Vänster bakhjulsnavsmotor är överhettad,Roboten kommer att återgå till det normala när motortemperaturen sjunker. Det här kan ta flera minuter,Motor levega zadnjega kolesa se pregreva,"Robot se bo normalizirala, ko se bo temperatura motorja znižala. To lahko traja nekaj minut",,,,,,,,,,,,,,,,,,,,
132,3,motor,STATE_132,1,左后轮毂电机温度过低,The temperature of the left rear wheel hub is too low,The ambient temperature is too low. Recommended to operate the robot above -10°C.,左后轮毂电机温度过低,环境温度过低，建议让Robot在高于-10摄氏度的作业环境下作业,Temperatur im linken hinteren Nabenmotor zu niedrig,"Die Umgebungstemperatur ist zu niedrig. Es wird empfohlen, dass Roboter in einer Umgebung über -10 °C arbeitet",Température du moteur du moyeu arrière gauche trop basse,La température ambiante est trop basse. Il est recommandé que robot fonctionne dans une température ambiante supérieure à -10 °C.,Temperatura del motore del mozzo posteriore sinistro troppo bassa,La temperatura ambiente è troppo bassa. Si raccomanda che robot lavori in un ambiente con temperatura superiore a -10 gradi Celsius,,,Temperatura del motor del buje trasero izquierdo demasiado baja,La temperatura ambiente es demasiado baja. Se recomienda que robot funcione en un entorno superior a –10 grados Celsius,Teplota motoru levého zadního kola je příliš nízká,Okolní teplota je příliš nízká. robot může pracovat při teplotě prostředí nad -10 °C,,,Teplota motora ľavého zadného kolesa je príliš nízka,Okolitá teplota je príliš nízka. Robot môže pracovať pri teplote prostredie nad -10 °C,Zbyt niska temperatura silnika lewego koła tylnego,"Temperatura otoczenia jest zbyt niska. Zaleca się, aby robot pracowała w środowisku powyżej -10°C",Temperatuur linker achternaafmotor te laag,De temperatuur is te laag. Het wordt aanbevolen dat robot maait in een omgeving boven -10°C,Temperaturen på venstre baghjulmotor er for lav,Omgivelsestemperaturen er for lav. Anbefales til at betjene robotten over -10 °C.,,,Temperaturen på det vänstra bakhjulsnavet är för låg,Den omgivande temperaturen är för låg. Rekommenderas för att använda roboten över -10°C.,Temperatura levega zadnjega kolesa je prenizka,"Temperatura okolice je prenizka. Priporočljivo je, da naprava robot deluje pri temperaturi nad -10 °C.",,,,,,,,,,,,,,,,,,,,
133,3,motor,STATE_133,2,左后轮毂电机过流,The left rear wheel hub motor overcurrent,The robot or wheel hub stuck. Check if the robot gets stuck by obstacles and if the left rear wheels run well,左后轮毂电机过流,机器或轮毂卡住，请检查Robot是否被障碍卡住以及左后轮状态；,Zu hohe Stromstärke im linken hinteren Nabenmotor,"Die Maschine oder Nabe steckt fest. Prüfen Sie, ob Roboter an Hindernissen feststeckt, und den Status des linken Hinterrads;",Surintensité du moteur du moyeu arrière gauche,La machine ou le moyeu est coincé. Vérifiez si robot est coincé par des obstacles et l’état de la roue arrière gauche ;,Sovracorrente del motore del mozzo posteriore sinistro,Blocco della macchina o del mozzo. Controllare se robot è bloccato da ostacoli e verificare lo stato della ruota posteriore sinistra;,,,Sobreintensidad del motor del buje trasero izquierdo,La máquina o el cubo están atascados. Compruebe si robot está atascado por obstáculos y el estado de la rueda trasera izquierda;,Motor levého zadního kola je přetížený,Robot nebo kolo uvízly. Zkontrolujte robot a zda se levé zadní kolo dobře otáčí,,,Motor ľavého zadného kolesa je preťažený,Robot alebo koleso uviazli. Skontrolujte robot a či sa ľavé zadné koleso dobre otáča,Przeciążenie silnika lewego koła tylnego,"Maszyna jest zablokowana. Sprawdź, czy robot nie utknęła w strefach zakazanych i stan lewego tylnego koła",Linker achternaafmotor overstroom,De machine of hub zit vast. Controleer of robot vastzit door obstakels en de staat van het linker voorwiel,Overbelastning af venstre baghjulsmotor,"Robotten eller hjulnavet sidder fast. Kontroller, om robotten sidder fast af forhindringer, og om venstre baghjul kører godt",,,Vänster bakhjulsnavsmotor överström,Roboten eller hjulnavet har fastnat. Kontrollera om roboten fastnar av hinder och om de vänstra bakhjulen går bra,Prevelik tok motorja levega zadnjega kolesa,"Robot ali pesto kolesa se je zataknilo. Preverite, ali se robot zatakne ob ovire in ali leva zadnja kolesa dobro delujejo.",,,,,,,,,,,,,,,,,,,,
134,3,motor,STATE_134,3,左后轮毂电机堵转,The left rear wheel hub motor stalled,Robot or wheel hub stuck. Check if the robot gets stuck by obstacles and if the left rear wheels run well,左后轮毂电机堵转,机器或轮毂卡住，请检查Robot是否被障碍卡住以及左后轮状态；,Linker hinterer Nabenmotor blockiert,"Die Maschine oder Nabe steckt fest. Prüfen Sie, ob Roboter an Hindernissen feststeckt, und den Status des linken Hinterrads;",Moteur du moyeu arrière gauche bloqué,La machine ou le moyeu est coincé. Vérifiez si robot est coincé par des obstacles et l’état de la roue arrière gauche ;,Motore del mozzo posteriore sinistro in stallo,Blocco della macchina o del mozzo. Controllare se robot è bloccato da ostacoli e verificare lo stato della ruota posteriore sinistra;,,,Motor del buje trasero izquierdo parado,La máquina o el cubo están atascados. Compruebe si robot está atascado por obstáculos y el estado de la rueda trasera izquierda;,Motor levého zadního kola je zablokovaný,Robot nebo kolo uvízly. Zkontrolujte robot a zda se levé zadní kolo dobře otáčí,,,Motor ľavého zadného kolesa je zablokovaný,Robot alebo koleso uviazli. Skontrolujte robot a či sa ľavé zadné koleso dobre otáča,Zablokowany silnik lewego koła tylnego,"Maszyna jest zablokowana. Sprawdź, czy robot nie utknęła w strefach zakazanych i stan lewego tylnego koła",Linker achternaafmotor vastgelopen,De machine of hub zit vast. Controleer of robot vastzit door obstakels en de staat van het linker voorwiel,Venstre baghjulsmotor gik i stå,"Robotten eller hjulnavet sidder fast. Kontroller, om robotten sidder fast af forhindringer, og om venstre baghjul kører godt",,,Vänster bakhjulsnavsmotor stannade,Robot eller hjulnav har fastnat. Kontrollera om roboten fastnar av hinder och om de vänstra bakhjulen går bra,Motor levega zadnjega kolesa se je ustavil,"Robot ali pesto kolesa se je zataknilo. Preverite, ali se robot zatakne ob ovire in ali leva zadnja kolesa dobro delujejo.",,,,,,,,,,,,,,,,,,,,
135,3,motor,STATE_135,3,左后轮毂电机霍尔传感器错误,The Hall sensor on the left rear wheel hub error,"Restart the robot. If the issue persists, contact the after-sales support",左后轮毂电机霍尔传感器错误,请重启Robot，若多次重启无效，请联系售后,Fehler im Hallwandler des linken hinteren Nabenmotors,"Bitte starten Sie Roboter neu. Wenn mehrere Neustarts fehlschlagen, kontaktieren Sie bitte den Kundendienst",Erreur du transducteur Hall du moteur du moyeu arrière gauche,"Veuillez redémarrer robot. Si plusieurs redémarrages échouent, veuillez contacter le service après-vente",Errore trasduttore Hall motore del mozzo posteriore sinistro,"Si prega di riavviare robot. Se diversi riavvii falliscono, si prega di contattare il servizio post-vendita",,,Error del transductor Hall del motor del buje trasero izquierdo,"Por favor, reinicie robot. Si varios reinicios fallan, por favor, póngase en contacto con el servicio postventa",Chyba Hallova senzoru levého zadního kola,"Restartujte robot. Pokud problém přetrvává, kontaktujte autorizovaný servis",,,Chyba Hallovho senzora ľavého zadného kolesa,"Reštartujte robot. Ak problém pretrváva, kontaktujte autorizovaný servis",Błąd przetwornika Halla silnika lewego koła tylnego,"Uruchom ponownie robot. Jeśli nie działa, skontaktuj się z naszym zespołem obsługi posprzedażnej.",Linker achternaafmotor Hall transducer fout,"Start robot opnieuw op. Als meerdere herstarts mislukken, neem dan contact op met onze na-verkoop",Hall-sensoren på venstre baghjulsmotor fejl,"Genstart robotten. Hvis problemet fortsætter, skal du kontakte eftersalgssupport",,,Fel på Hall-sensorn på vänster bakhjulsnav,"Starta om roboten. Om problemet kvarstår, kontakta kundsupporten",Napaka Hallovega senzorja na levem zadnjem kolesu,"Ponovno zaženite robot. Če se težava nadaljuje, se obrnite na poprodajno podporo",,,,,,,,,,,,,,,,,,,,
136,3,motor,STATE_136,1,左后轮毂电机传感器失效,Left rear wheel hub motor sensor failed,"Restart the robot. If the issue persists, contact the after-sales support",左后轮毂电机传感器失效,请重启Robot，若多次重启无效，请联系售后,Der Sensor des hinteren Radnabenmotors ist ausgefallen,"Bitte starten Sie Roboter neu. Wenn mehrere Neustarts fehlschlagen, kontaktieren Sie bitte den Kundendienst",Le capteur de moteur de la roue arrière est en panne,"Veuillez redémarrer robot. Si plusieurs redémarrages échouent, veuillez contacter le service après-vente",Il sensore del motore del mozzo posteriore è guasto,"Si prega di riavviare robot. Se diversi riavvii falliscono, si prega di contattare il servizio post-vendita",,,El sensor del motor del cubo de la rueda trasera ha fallado,"Por favor, reinicie robot. Si varios reinicios fallan, por favor, póngase en contacto con el servicio postventa",Snímač motoru levého zadního kola selhal,"Restartujte robot. Pokud problém přetrvává, kontaktujte autorizovaný servis",,,Snímač motora ľavého zadného kolesa zlyhal,"Reštartujte robot. Ak problém pretrváva, kontaktujte autorizovaný servis",Czujnik silnika tylnej piasty się zepsuł,"Uruchom ponownie robot. Jeśli nie działa, skontaktuj się z naszym zespołem obsługi posprzedażnej.",De sensor van de achterwielmotor is defect,"Start robot opnieuw op. Als meerdere herstarts mislukken, neem dan contact op met de klantenservice.",Venstre baghjulsmotor sensor mislykkedes,"Genstart robotten. Hvis problemet fortsætter, skal du kontakte support",,,Vänster bakhjulsnavs motorsensor misslyckades,"Starta om roboten. Om problemet kvarstår, kontakta kundsupporten",Poškodovan senzor motorja levega zadnjega kolesa,"Ponovno zaženite napravo robot. Če se težava nadaljuje, se obrnite na poprodajno podporo.",,,,,,,,,,,,,,,,,,,,
141,3,motor,STATE_141,1,右后轮毂电机温度过高,The right rear wheel hub motor is overheating,The robot will come back to normal once the motor temperature decreases. This may take several minutes,右后轮毂电机温度过高,温度下降后设备将恢复正常，该过程可能需要几分钟,Temperatur im rechten hinteren Nabenmotor zu hoch,"Das Gerät normalisiert sich wieder, nachdem die Temperatur gefallen ist, und dieser Vorgang kann mehrere Minuten dauern",Température du moteur du moyeu arrière droit trop élevée,Le dispositif reviendra à la normale après une baisse de la température et ce processus peut prendre plusieurs minutes.,Temperatura del motore del mozzo posteriore destro troppo alta,"Il dispositivo tornerà alla normalità al calo della temperatura, e questo processo potrebbe richiedere diversi minuti",,,Temperatura del motor del buje trasero derecho demasiado alta,El dispositivo volverá a la normalidad después de que baje la temperatura y este proceso puede tardar varios minutos,Teplota motoru pravého zadního kola je příliš vysoká,"Robot se vrátí do normálu, jakmile teplota motoru klesne. To může trvat několik minut",,,Teplota motora pravého zadného kolesa je príliš vysoká,"Robot sa vráti do normálu, akonáhle teplota motora klesne. To môže trvať niekoľko minút",Zbyt wysoka temperatura silnika prawego koła tylnego,"Robot powróci do pracy po spadku temperatury, co może potrwać kilka minut",Rechter achternaaf motortemperatuur te hoog,"Robot zal weer normaal functioneren wanneer de temperatuur daalt, dit kan enkele minuten duren.",Den højre baghjulsmotor er overophedet,"Robotten vender tilbage til normal, når motortemperaturen falder. Dette kan tage flere minutter",,,Höger bakhjulsnavsmotor är överhettad,Roboten kommer att återgå till det normala när motortemperaturen sjunker. Det här kan ta flera minuter,Motor desnega zadnjega kolesa se pregreva,"Robot se bo normalizirala, ko se bo temperatura motorja znižala. To lahko traja nekaj minut",,,,,,,,,,,,,,,,,,,,
142,3,motor,STATE_142,1,右后轮毂电机温度过低,The temperature of the right rear wheel hub is too low,The ambient temperature is too low. Recommended to operate the robot above -10°C.,右后轮毂电机温度过低,环境温度过低，建议让Robot在高于-10摄氏度的作业环境下作业,Temperatur im rechten hinteren Nabenmotor zu niedrig,"Die Umgebungstemperatur ist zu niedrig. Es wird empfohlen, dass Roboter in einer Umgebung über -10 °C arbeitet",Température du moteur du moyeu arrière droit trop basse,La température ambiante est trop basse. Il est recommandé que robot fonctionne dans une température ambiante supérieure à -10 °C.,Temperatura del motore del mozzo posteriore destro troppo bassa,La temperatura ambiente è troppo bassa. Si raccomanda che robot lavori in un ambiente con temperatura superiore a -10 gradi Celsius,,,Temperatura del motor del buje trasero derecho demasiado baja,La temperatura ambiente es demasiado baja. Se recomienda que robot funcione en un entorno superior a –10 grados Celsius,Teplota motoru pravého zadního kola je příliš nízká,Okolní teplota je příliš nízká. robot může pracovat při teplotě prostředí nad -10 °C,,,Teplota motora pravého zadného kolesa je príliš nízka,Okolitá teplota je príliš nízka. Robot môže pracovať pri teplote prostredie nad -10 °C,Zbyt niska temperatura silnika prawego koła tylnego,"Temperatura otoczenia jest zbyt niska. Zaleca się, aby robot pracowała w środowisku powyżej -10°C",Rechter achternaaf motortemperatuur te laag,De temperatuur is te laag. Het wordt aanbevolen dat robot maait in een omgeving boven -10°C,Temperaturen på højre baghjulsmotor er for lav,Omgivelsestemperaturen er for lav. Anbefales til at betjene robotten over -10 °C.,,,Temperaturen på det högra bakre hjulnavet är för låg,Den omgivande temperaturen är för låg. Rekommenderas för att använda roboten över -10°C.,Temperatura desnega zadnjega kolesa je prenizka,"Temperatura okolice je prenizka. Priporočljivo je, da naprava robot deluje pri temperaturi nad -10 °C.",,,,,,,,,,,,,,,,,,,,
143,3,motor,STATE_143,2,右后轮毂电机过流,The right rear wheel hub motor overcurrent,Robot or wheel hub stuck. Check if the robot gets stuck by obstacles and if the right rear wheels run well,右后轮毂电机过流,机器或轮毂卡住，请检查Robot是否被障碍卡住以及右后轮状态；,Zu hohe Stromstärke im rechten hinteren Nabenmotor,"Die Maschine oder Nabe steckt fest. Prüfen Sie, ob Roboter an Hindernissen feststeckt, und den Status des rechten Hinterrads;",Surintensité du moteur du moyeu arrière droit,La machine ou le moyeu est coincé. Vérifiez si robot est coincé par des obstacles et l’état de la roue arrière droit ;,Sovracorrente del motore del mozzo posteriore destro,Blocco della macchina o del mozzo. Controllare se robot è bloccato da ostacoli e verificare lo stato della ruota posteriore destra;,,,Sobreintensidad del motor del buje trasero derecho,La máquina o el cubo están atascados. Compruebe si robot está atascado por obstáculos y el estado de la rueda trasera derecha.,Motor pravého zadního kola je přetížený,Robot nebo kolo uvízly. Zkontrolujte robot a zda se pravé zadní kolo dobře otáčí,,,Motor pravého zadného kolesa je preťažený,Robot alebo koleso uviazli. Skontrolujte robot a či sa pravé zadné koleso dobre otáča,Przetężenie silnika prawego koła tylnego,"Maszyna jest zablokowana. Sprawdź, czy robot nie utknęła w strefach zakazanych i stan prawego tylnego koła",Rechter achternaafmotor overstroom,De machine of hub zit vast. Controleer of robot vastzit door obstakels en de staat van het rechter achterwiel,Overbelastning af højre baghjulsmotor,"Robot eller hjulnav sidder fast. Kontroller, om robotten sidder fast af forhindringer, og om højre baghjul kører godt",,,Höger bakhjulsnavsmotor överström,Robot eller hjulnav har fastnat. Kontrollera om roboten fastnar av hinder och om de högra bakhjulen går bra,Prevelik tok motorja desnega zadnjega kolesa,"Robot ali pesto kolesa se je zataknilo. Preverite, ali se robot zatakne ob ovire in ali desna zadnja kolesa dobro tečejo.",,,,,,,,,,,,,,,,,,,,
144,3,motor,STATE_144,3,右后轮毂电机堵转,The right rear wheel hub motor stalled,Robot or wheel hub stuck. Check if the robot gets stuck by obstacles and if the right rear wheels run well,右后轮毂电机堵转,机器或轮毂卡住，请检查Robot是否被障碍卡住以及右后轮状态；,Rechter hinterer Nabenmotor blockiert,"Die Maschine oder Nabe steckt fest. Prüfen Sie, ob Roboter an Hindernissen feststeckt, und den Status des rechten Hinterrads;",Moteur du moyeu arrière droit bloqué,La machine ou le moyeu est coincé. Vérifiez si robot est coincé par des obstacles et l’état de la roue arrière droit ;,Motore del mozzo posteriore destro in stallo,Blocco della macchina o del mozzo. Controllare se robot è bloccato da ostacoli e verificare lo stato della ruota posteriore destra;,,,Motor del buje trasero derecho parado,La máquina o el cubo están atascados. Compruebe si robot está atascado por obstáculos y el estado de la rueda trasera derecha.,Motor pravého zadního kola je zablokovaný,Robot nebo kolo uvízly. Zkontrolujte robot a zda se pravé zadní kolo dobře otáčí,,,Motor pravého zadného kolesa je zablokovaný,Robot alebo koleso uviazli. Skontrolujte robot a či sa pravé zadné koleso dobre otáča,Zablokowany silnik prawego koła tylnego,"Maszyna jest zablokowana. Sprawdź, czy robot nie utknęła w strefach zakazanych i stan prawego tylnego koła",Rechter achternaafmotor vastgelopen,De machine of hub zit vast. Controleer of robot vastzit door obstakels en de staat van het rechter achterwiel,Den højre baghjulsmotor gik i stå,"Robot eller hjulnav sidder fast. Kontroller, om robotten sidder fast af forhindringer, og om højre baghjul kører godt",,,Motorn till höger bakhjulsnav stannade,Robot eller hjulnav har fastnat. Kontrollera om roboten fastnar av hinder och om de högra bakhjulen går bra,Motor desnega zadnjega kolesa se je ustavil,"Robot ali pesto kolesa se je zataknilo. Preverite, ali se robot zatakne ob ovire in ali desna zadnja kolesa dobro delujejo.",,,,,,,,,,,,,,,,,,,,
145,3,motor,STATE_145,3,右后轮毂电机霍尔传感器错误,The Hall sensor on the right rear wheel hub error,"Restart the robot. If the issue persists, contact the after-sales support",右后轮毂电机霍尔传感器错误,请重启Robot，若多次重启无效，请联系售后,Fehler im Hallwandler des rechten hinteren Nabenmotors,"Bitte starten Sie Roboter neu. Wenn mehrere Neustarts fehlschlagen, kontaktieren Sie bitte den Kundendienst",Erreur du transducteur Hall du moteur du moyeu arrière droit,"Veuillez redémarrer robot. Si plusieurs redémarrages échouent, veuillez contacter le service après-vente",Errore trasduttore Hall motore del mozzo posteriore destro,"Si prega di riavviare robot. Se diversi riavvii falliscono, si prega di contattare il servizio post-vendita",,,Error del transductor Hall del motor del buje trasero derecho,"Por favor, reinicie robot. Si varios reinicios fallan, por favor, póngase en contacto con el servicio postventa",Chyba Hallova senzoru pravého zadního kola,"Restartujte robot. Pokud problém přetrvává, kontaktujte autorizovaný servis",,,Chyba Hallovho senzora pravého zadného kolesa,"Reštartujte robot. Ak problém pretrváva, kontaktujte autorizovaný servis",Błąd przetwornika Halla silnika prawego koła tylnego,"Uruchom ponownie robot. Jeśli nie działa, skontaktuj się z naszym zespołem obsługi posprzedażnej.",Hall-sensorfout rechter achternaafmotor,"Start robot opnieuw op. Als meerdere herstarts mislukken, neem dan contact op met onze na-verkoop",Hall-sensoren på højre baghjulsmotor fejl,"Genstart robotten. Hvis problemet fortsætter, skal du kontakte eftersalgssupport",,,Hallsensorn på höger bakhjulsnavsfel,"Starta om roboten. Om problemet kvarstår, kontakta kundsupporten",Napaka Hallovega senzorja na desnem zadnjem kolesu,"Ponovno zaženite robot. Če se težava nadaljuje, se obrnite na poprodajno podporo",,,,,,,,,,,,,,,,,,,,
146,3,motor,STATE_146,1,右后轮毂电机传感器失效,Right rear wheel hub motor sensor failed,"Restart the robot. If the issue persists, contact the after-sales support",右后轮毂电机传感器失效,请重启Robot，若多次重启无效，请联系售后,Der Sensor des hinteren Radnabenmotors auf der rechten Seite ist ausgefallen,"Bitte starten Sie Roboter neu. Wenn mehrere Neustarts fehlschlagen, kontaktieren Sie bitte den Kundendienst",Le capteur de moteur de la roue arrière droite est en panne,"Veuillez redémarrer robot. Si plusieurs redémarrages échouent, veuillez contacter le service après-vente",Il sensore del motore del mozzo posteriore destro è guasto,"Si prega di riavviare robot. Se diversi riavvii falliscono, si prega di contattare il servizio post-vendita",,,El sensor del motor del cubo de la rueda trasera derecha ha fallado,"Por favor, reinicie robot. Si varios reinicios fallan, por favor, póngase en contacto con el servicio postventa",Snímač motoru pravého zadního kola selhal,"Restartujte robot. Pokud problém přetrvává, kontaktujte autorizovaný servis",,,Snímač motora pravého zadného kolesa zlyhal,"Reštartujte robot. Ak problém pretrváva, kontaktujte autorizovaný servis",Czujnik silnika prawego tylnego piasty się zepsuł,"Uruchom ponownie robot. Jeśli nie działa, skontaktuj się z naszym zespołem obsługi posprzedażnej.",De motorsensor van het rechterachterwiel is defect.,"Start robot opnieuw op. Als meerdere herstarts mislukken, neem dan contact op met de klantenservice.",Højre baghjulsmotor sensor mislykkedes,"Genstart robotten. Hvis problemet fortsætter, skal du kontakte support",,,Höger bakhjulsnavs motorsensor misslyckades,"Starta om roboten. Om problemet kvarstår, kontakta kundsupporten",Poškodovan senzor motorja desnega zadnjega kolesa,"Ponovno zaženite napravo robot. Če se težava nadaljuje, se obrnite na poprodajno podporo.",,,,,,,,,,,,,,,,,,,,
150,3,navigation,STATE_150,1,无红外信号，上桩失败(%s),The robot has failed to return to the charging station due to no infrared signal (%s),,无红外信号，上桩失败(%s),,Die Maschine konnte aufgrund fehlender Infrarotsignale (%s) nicht auf die Ladestation hinauffahren.,,La machine n’a pas réussi à rejoindre la station de charge en raison de l’absence de signal infrarouge ( %s),,La macchina non è riuscita a salire sulla stazione di ricarica a causa dell’assenza di segnale a infrarossi (%s),,,,La máquina no ha podido subir a la estación de carga debido a la ausencia de señal infrarroja (%s),,Robot nemůže zajet do nabíjecí základny kvůli absenci infračerveného signálu (%s),,,,Robot nemôže zájsť do nabíjacej základne kvôli absencii infračerveného signálu (%s),,Maszyna nie dojechała do stacji ładującej z powodu braku sygnału podczerwieni (%s),,De machine kan het laadstation niet bereiken vanwege de afwezigheid van een infraroodsignaal (%s),,Robotten har undladt at vende tilbage til ladestationen på grund af fraværet af det infrarøde signal (%s),,,,Roboten har misslyckats med att återvända till laddstationen på grund av dåliga kontakt med  den infraröda signalen (%s),,"Robot se ni vrnila na polnilno postajo, ker ni infrardečega signala (%s)",,,,,,,,,,,,,,,,,,,,,
188,3,common,STATE_188,3,环境过暗，已经关闭视觉避障功能,"The environment is too dark, and the visual obstacle avoidance function has been turned off",,环境过暗，已经关闭视觉避障功能,,"Die Umgebung ist zu dunkel, und die visuelle Hindernisvermeidungsfunktion wurde ausgeschaltet",,"Environnement trop sombre, évitement visuel désactivé",,,,,,,,,,,,,,,,,,,,,,,,,,,,,,,,,,,,,,,,,,,,,
211,3,motor,STATE_211,2,左驱动板温度过高,The left driver board is overheating,Task paused. The robot will come back to normal once the motor temperature decreases. This may take several minutes,左驱动板温度过高,作业暂停，温度下降后Robot将恢复作业，该过程可能需要几分钟,Temperatur der linken Antriebsplatine zu hoch,"Die Aufgabe wurde ausgesetzt, Roboter wird sich wiederherstellen, sobald die Motortemperatur sinkt. Dieser Vorgang kann mehrere Minuten dauern",Température de la carte d’entraînement gauche trop élevée,"Tâche suspendue, robot se rétablira après la baisse de la température du moteur. Ce processus peut prendre plusieurs minutes",Temperatura scheda di azionamento sinistra troppo alta,"Attività sospesa, robot si ripristinerà dopo che la temperatura del motore sarà scesa. Questo processo potrebbe richiedere diversi minuti",,,Temperatura de la placa de transmisión izquierda demasiado alta,"Tarea suspendida, robot se restaurará después de que la temperatura del motor disminuya. Este proceso puede llevar varios minutos",Teplota PCB levého kola je příliš vysoká,"Úloha byla pozastavena, robot se obnoví poté, co klesne teplota motoru. Tento proces může trvat několik minut",,,Teplota PCB ľavého kolesa je príliš vysoká,"Úloha bola pozastavená, robot sa obnoví po poklese teploty motora. Tento proces môže trvať niekoľko minút",Zbyt wysoka temperatura lewej płyty napędowej,"Zadanie zawieszone, robot zostanie przywrócona po obniżeniu temperatury silnika. Ten proces może zająć kilka minut",Temperatuur linker aandrijfbord te hoog,Taak onderbroken. Robot wordt hervat nadat de temperatuur van de motor is gedaald. Dit proces kan enkele minuten duren.,Det venstre drivermodul er overophedet,"Opgaven er sat på pause. Robotten vender tilbage til normal, når motortemperaturen falder. Dette kan tage flere minutter",,,Det vänstra drivkortet är överhettat,Klippingenen pausad. Roboten kommer att återgå till det normala när motortemperaturen sjunker. Det här kan ta flera minuter,Leva plošča gonilnika se pregreva,"Naloga je ustavljena. Robot se bo vrnila v normalno stanje, ko se bo temperatura motorja zmanjšala. To lahko traja nekaj minut",,,,,,,,,,,,,,,,,,,,
212,3,motor,STATE_212,1,左驱动板温度过低,The temperature of the left driver board is too low,The ambient temperature is too low. Recommended to operate the robot above -10°C.,左驱动板温度过低,环境温度过低，建议让Robot在高于-10摄氏度的作业环境下作业,Temperatur der linken Antriebsplatine zu niedrig,"Die Umgebungstemperatur ist zu niedrig. Es wird empfohlen, dass Roboter in einer Umgebung über -10 °C arbeitet",Température de la carte d’entraînement gauche trop basse,La température ambiante est trop basse. Il est recommandé que robot fonctionne dans une température ambiante supérieure à -10 °C.,Temperatura scheda di azionamento sinistra troppo bassa,La temperatura ambiente è troppo bassa. Si raccomanda che robot lavori in un ambiente con temperatura superiore a -10 gradi Celsius,,,Temperatura de la placa de transmisión izquierda demasiado baja,La temperatura ambiente es demasiado baja. Se recomienda que robot funcione en un entorno superior a –10 grados Celsius,Teplota PCB levého kola je příliš nízká,Okolní teplota je příliš nízká. robot může pracovat při teplotě prostředí nad -10 °C,,,Teplota PCB ľavého kolesa je príliš nízka,Okolitá teplota je príliš nízka. Robot môže pracovať pri teplote prostredie nad -10 °C,Zbyt niska temperatura lewej płyty napędowej,"Temperatura otoczenia jest zbyt niska. Zaleca się, aby robot pracowała w środowisku powyżej -10°C",Temperatuur linker aandrijfbord te laag,De temperatuur is te laag. Het wordt aanbevolen dat robot maait in een omgeving boven -10°C,Temperaturen på venstre drivermodul er for lav,Omgivelsestemperaturen er for lav. Anbefales til at betjene robotten over -10 °C.,,,Temperaturen på det vänstra förarkortet är för låg,Den omgivande temperaturen är för låg. Rekommenderas för att använda roboten över -10°C.,Temperatura plošče levega gonilnika je prenizka,"Temperatura okolice je prenizka. Priporočljivo je, da robot deluje pri temperaturi nad -10 °C.",,,,,,,,,,,,,,,,,,,,
213,3,motor,STATE_213,3,左驱动板电压过高,The left driver board voltage is too high,"Restart the robot. If the issue persists, contact the after-sales support",左驱动板电压过高,请重启Robot，若多次重启无效，请联系售后,Spannung der linken Antriebsplatine zu hoch,"Bitte starten Sie Roboter neu. Wenn mehrere Neustarts fehlschlagen, kontaktieren Sie bitte den Kundendienst",Tension de la carte d’entraînement gauche trop élevée,"Veuillez redémarrer robot. Si plusieurs redémarrages échouent, veuillez contacter le service après-vente",Tensione scheda di azionamento sinistra troppo alta,"Si prega di riavviare robot. Se diversi riavvii falliscono, si prega di contattare il servizio post-vendita",,,Tensión de la placa de transmisión izquierda demasiado alta,"Por favor, reinicie robot. Si varios reinicios fallan, por favor, póngase en contacto con el servicio postventa",Napětí na PCB levého kola příliš vysoké,"Restartujte robot. Pokud problém přetrvává, kontaktujte autorizovaný servis",,,Napätie na PCB ľavého kolesa príliš vysoké,"Reštartujte robot. Ak problém pretrváva, kontaktujte autorizovaný servis",Zbyt wysokie napięcie lewej płyty napędu,"Uruchom ponownie robot. Jeśli nie działa, skontaktuj się z naszym zespołem obsługi posprzedażnej.",Spanning linker aandrijfbord te hoog,"Start robot opnieuw op. Als meerdere herstarts mislukken, neem dan contact op met onze na-verkoop",Det venstre drivermodul spænding er for høj,"Genstart robotten. Hvis problemet fortsætter, skal du kontakte support",,,Spänningen på det vänstra drivkortet är för hög,"Starta om roboten. Om problemet kvarstår, kontakta kundsupporten",Napetost plošče levega gonilnika je previsoka,"Ponovno zaženite napravo robot. Če se težava nadaljuje, se obrnite na poprodajno podporo",,,,,,,,,,,,,,,,,,,,
214,3,motor,STATE_214,3,左驱动板电压过低,The left driver board voltage is too low,"Restart the robot. If the issue persists, contact the after-sales support",左驱动板电压过低,请重启Robot，若多次重启无效，请联系售后,Spannung der linken Antriebsplatine zu niedrig,"Bitte starten Sie Roboter neu. Wenn mehrere Neustarts fehlschlagen, kontaktieren Sie bitte den Kundendienst",Tension de la carte d’entraînement gauche trop basse,"Veuillez redémarrer robot. Si plusieurs redémarrages échouent, veuillez contacter le service après-vente",Tensione scheda di azionamento sinistra troppo bassa,"Si prega di riavviare robot. Se diversi riavvii falliscono, si prega di contattare il servizio post-vendita",,,Tensión de la placa de transmisión izquierda demasiado baja,"Por favor, reinicie robot. Si varios reinicios fallan, por favor, póngase en contacto con el servicio postventa",Napětí na PCB levého kola příliš nízké,"Restartujte robot. Pokud problém přetrvává, kontaktujte autorizovaný servis",,,Napätie na PCB ľavého kolesa príliš nízke,"Reštartujte robot. Ak problém pretrváva, kontaktujte autorizovaný servis",Zbyt niskie napięcie lewej płyty napędu,"Uruchom ponownie robot. Jeśli nie działa, skontaktuj się z naszym zespołem obsługi posprzedażnej.",Spanning linker aandrijfbord te laag,"Start robot opnieuw op. Als meerdere herstarts mislukken, neem dan contact op met onze na-verkoop",Det venstre drivermodul spænding er for lav,"Genstart robotten. Hvis problemet fortsætter, skal du kontakte support",,,Spänningen på det vänstra drivkortet är för låg,"Starta om roboten. Om problemet kvarstår, kontakta kundsupporten",Napetost plošče levega gonilnika je prenizka,"Ponovno zaženite napravo robot. Če se težava nadaljuje, se obrnite na poprodajno podporo.",,,,,,,,,,,,,,,,,,,,
215,3,motor,STATE_215,3,左驱动板通信失联,The left driver board has lost communication,"Restart the robot. If the issue persists, contact the after-sales support",左驱动板通信失联,请重启Robot，若多次重启无效，请联系售后,Kommunikation der linken Antriebsplatine unterbrochen,"Bitte starten Sie Roboter neu. Wenn mehrere Neustarts fehlschlagen, kontaktieren Sie bitte den Kundendienst",Perte de communication avec la carte d’entraînement gauche,"Veuillez redémarrer robot. Si plusieurs redémarrages échouent, veuillez contacter le service après-vente",Comunicazione persa scheda di azionamento sinistra,"Si prega di riavviare robot. Se diversi riavvii falliscono, si prega di contattare il servizio post-vendita",,,Se ha perdido la comunicación con la placa de transmisión izquierda,"Por favor, reinicie robot. Si varios reinicios fallan, por favor, póngase en contacto con el servicio postventa",Ztráta komunikace s PCB levého kola,"Restartujte robot. Pokud problém přetrvává, kontaktujte autorizovaný servis",,,Strata komunikácie s PCB ľavého kolesa,"Reštartujte robot. Ak problém pretrváva, kontaktujte autorizovaný servis",Utracono komunikację z lewą płytą napędową,"Uruchom ponownie robot. Jeśli nie działa, skontaktuj się z naszym zespołem obsługi posprzedażnej.",Communicatie met linker schijfbord verloren,"Start robot opnieuw op. Als meerdere herstarts mislukken, neem dan contact op met onze na-verkoop",Det venstre drivermodul har mistet kommunikationen,"Genstart robotten. Hvis problemet fortsætter, skal du kontakte support",,,Det vänstra förarkortet har tappat kommunikationen,"Starta om roboten. Om problemet kvarstår, kontakta kundsupporten",Leva voznikova plošča je izgubila komunikacijo,"Ponovno zaženite napravo robot. Če se težava nadaljuje, se obrnite na poprodajno podporo",,,,,,,,,,,,,,,,,,,,
218,3,common,STATE_218,1,电源适配器电压过低,The power supply voltage is too low,"Please ensure that you are using the standard power supply. If the issue persists, please contact our after-sales support",电源适配器电压过低,请检查是否是使用标配的适配器，若持续报错请联系售后,Die Spannung des Netzteils ist zu niedrig,"Sie müssen das Standard-Netzteil verwenden. Wenn das Problem weiterhin besteht, wenden Sie sich bitte an unseren Kundendienst",La tension d'alimentation est trop faible,"Veuillez vous assurer que vous utilisez le boitier d'alimentation standard. Si le problème persiste, veuillez contacter notre service après-vente",La tensione di alimentazione è troppo basa,"Assicurarsi di utilizzare l’alimentazione standard. Se il problema persiste, contattare il nostro centro di assistenza post-vendita",,,La tensión de la alimentación es demasiado baja,"Asegúrese de que está usando la alimentación estándar. Si el problema persiste, póngase en contacto con nuestro servicio postventa",Napětí napájecího zdroje je příliš nízké,"Je nutné použít standardní napájecí zdroj. Pokud problém přetrvává, obraťte se na naši poprodejní podporu",,,Napätie zdroja napájania je príliš nízke,"Skontrolujte, či používate štandardný zdroj napájania. Ak problém pretrváva, obráťte sa na naše oddelenie podpory po predaji",Niskie napięcie zasilania.,"Upewnij się, że używany jest standardowy zasilacz. Jeśli problem będzie się powtarzał, skontaktuj się z naszym serwisem posprzedażnym.",De voedingsspanning is te laag,"Controleer of u de standaardvoeding gebruikt. Als het probleem aanhoudt, neem dan contact op met onze dienst na verkoop",Spændingen på strømforsyningen er for lav,"Sørg for at bruge standardstrømforsyningen. Kontakt vores kundesupport, hvis problemet varer ved",,,Matningsspänningen är för låg,Kontrollera att du använder den vanliga matarspänningen. Om problemet kvarstår ber vi dig kontakta vår eftermarknadssupport,Napetost napajanja je prenizka,"Preverite, ali uporabljate standardni napajalnik. Če težave ne morete odpraviti, se obrnite na našo poprodajno podporo",A tensão da fonte de alimentação é demasiado baixa,"Certifique-se de que está a utilizar a fonte de alimentação padrão. Se o problema persistir, contacte a nossa assistência pós-venda",A tápegység feszültsége túl alacsony,"Győződjön meg arról, hogy a szabványos tápegységet használja. Ha a probléma továbbra is fennáll, kérjük, forduljon értékesítés utáni ügyfélszolgálatunkhoz",Napon napajanja je prenizak,"Provjerite upotrebljavate li standardno napajanje. Ako se problem ne riješi, obratite se našoj poslijeprodajnoj podršci",Spenningen på strømforsyningen er for lav,Sørg for at du bruker standard strømforsyning. Kontakt vår ettersalgsstøtte hvis problemet vedvarer,Virtalähteen jännite on liian alhainen,"Varmista, että käytät vakiovirtalähdettä. Jos ongelma jatkuu, ota yhteyttä myynnin jälkeiseen tukeen",Tensiunea de alimentare este prea scăzută,"Vă rugăm să vă asigurați că utilizați sursa de alimentare standard. Dacă problema persistă, vă rugăm să contactați asistența noastră post-vânzare",Напрежението на захранването е прекалено ниско,"Уверете се, че използвате стандартно електрозахранване. Ако проблемът продължава, свържете се с нашия екип за обслужване на клиенти",Toitepinge on liiga madal,"Veenduge, et kasutaksite standardset toiteplokki. Kui probleem püsib, võtke ühendust meie müügijärgse toega",Barošanas avota spriegums ir pārāk zems,"Lūdzu, pārliecinieties, vai izmantojat standarta barošanas avotu. Ja problēma joprojām pastāv, lūdzu, sazinieties ar mūsu pēcpārdošanas atbalsta dienestu",Maitinimo šaltinio įtampa yra per žema,"Naudokite tik standartinį maitinimo šaltinį. Jei problema išlieka, susisiekite su mūsų aptarnavimo komanda"
221,3,motor,STATE_221,2,右驱动板温度过高,The right driver board is overheating,The robot will come back to normal once the motor temperature decreases. This may take several minutes,右驱动板温度过高,温度下降后设备将恢复正常，该过程可能需要几分钟,Temperatur der rechten Antriebsplatine zu hoch,"Das Gerät normalisiert sich wieder, nachdem die Temperatur gefallen ist, und dieser Vorgang kann mehrere Minuten dauern",Température de la carte d’entraînement droite trop élevée,Le dispositif reviendra à la normale après une baisse de la température et ce processus peut prendre plusieurs minutes.,Temperatura scheda di azionamento destra troppo alta,"Il dispositivo tornerà alla normalità al calo della temperatura, e questo processo potrebbe richiedere diversi minuti",,,Temperatura de la placa de transmisión derecha demasiado alta,El dispositivo volverá a la normalidad después de que baje la temperatura y este proceso puede tardar varios minutos,Teplota PCB pravého kola je příliš vysoká,"Po poklesu teploty se robot vrátí do normálního stavu, tento proces může trvat několik minut",,,Teplota PCB pravého kolesa je príliš vysoká,"Po poklese teploty sa robot vráti do normálneho stavu, tento proces môže trvať niekoľko minút",Zbyt wysoka temperatura prawej płyty napędowej,"Robot powróci do pracy po spadku temperatury, co może potrwać kilka minut",Rechter aandrijfbordtemperatuur te hoog,"Robot zal weer normaal functioneren wanneer de temperatuur daalt, dit kan enkele minuten duren.",Det højre drivermodul er overophedet,"Robotten vender tilbage til normal, når motortemperaturen falder. Dette kan tage flere minutter",,,Det högra drivkortet är överhettat,Roboten kommer att återgå till det normala när motortemperaturen sjunker. Det här kan ta flera minuter,Desna plošča gonilnika se pregreva,"Sistem robot se bo normaliziral, ko se bo temperatura motorja znižala. To lahko traja nekaj minut.",,,,,,,,,,,,,,,,,,,,
222,3,motor,STATE_222,1,右驱动板温度过低,The temperature of the right driver board is too low,The ambient temperature is too low. Recommended to operate the robot above -10°C.,右驱动板温度过低,环境温度过低，建议让Robot在高于-10摄氏度的作业环境下作业,Temperatur der rechten Antriebsplatine zu niedrig,"Die Umgebungstemperatur ist zu niedrig. Es wird empfohlen, dass Roboter in einer Umgebung über -10 °C arbeitet",Température de la carte d’entraînement droite trop basse,La température ambiante est trop basse. Il est recommandé que robot fonctionne dans une température ambiante supérieure à -10 °C.,Temperatura scheda di azionamento destra troppo bassa,La temperatura ambiente è troppo bassa. Si raccomanda che robot lavori in un ambiente con temperatura superiore a -10 gradi Celsius,,,Temperatura de la placa de transmisión derecha demasiado baja,La temperatura ambiente es demasiado baja. Se recomienda que robot funcione en un entorno superior a –10 grados Celsius,Teplota PCB pravého kola je příliš nízká,Okolní teplota je příliš nízká. robot může pracovat při teplotě prostředí nad -10 °C,,,Teplota PCB pravého kolesa je príliš nízka,Okolitá teplota je príliš nízka. Robot môže pracovať pri teplote prostredie nad -10 °C,Zbyt niska temperatura prawej płyty napędowej,"Temperatura otoczenia jest zbyt niska. Zaleca się, aby robot pracowała w środowisku powyżej -10°C",Rechter drive board temperatuur te laag,De temperatuur is te laag. Het wordt aanbevolen dat robot maait in een omgeving boven -10°C,Temperaturen på højre drivermodul er for lav,Omgivelsestemperaturen er for lav. Anbefales til at betjene robotten over -10 °C.,,,Temperaturen på höger drivkort är för låg,Den omgivande temperaturen är för låg. Rekommenderas för att använda roboten över -10°C.,Temperatura desne plošče gonilnika je prenizka,"Temperatura okolja je prenizka. Priporočljivo je, da naprava robot deluje pri temperaturi nad -10 °C.",,,,,,,,,,,,,,,,,,,,
223,3,motor,STATE_223,3,右驱动板电压过高,The right driver board voltage is too high,"Restart the robot. If the issue persists, contact the after-sales support",右驱动板电压过高,请重启Robot，若多次重启无效，请联系售后,Spannung der rechten Antriebsplatine zu hoch,"Bitte starten Sie Roboter neu. Wenn mehrere Neustarts fehlschlagen, kontaktieren Sie bitte den Kundendienst",Tension de la carte d’entraînement droite trop élevée,"Veuillez redémarrer robot. Si plusieurs redémarrages échouent, veuillez contacter le service après-vente",Tensione scheda di azionamento destra troppo alta,"Si prega di riavviare robot. Se diversi riavvii falliscono, si prega di contattare il servizio post-vendita",,,Tensión de la placa de transmisión derecha demasiado alta,"Por favor, reinicie robot. Si varios reinicios fallan, por favor, póngase en contacto con el servicio postventa",Napětí na PCB pravého kola příliš vysoké,"Restartujte robot. Pokud problém přetrvává, kontaktujte autorizovaný servis",,,Napätie na PCB pravého kolesa príliš vysoké,"Reštartujte robot. Ak problém pretrváva, kontaktujte autorizovaný servis",Zbyt wysokie napięcie prawej płyty napędu,"Uruchom ponownie robot. Jeśli nie działa, skontaktuj się z naszym zespołem obsługi posprzedażnej.",Rechter aandrijfbordspanning te hoog,Start robot opnieuw op. Als meerdere malen herstarten mislukt neem dan contact op met onze na-verkoop,Det højre drivermodul spænding er for høj,"Genstart robotten. Hvis problemet fortsætter, skal du kontakte support",,,Spänningen för höger drivkort är för hög,"Starta om roboten. Om problemet kvarstår, kontakta kundsupporten",Napetost desne plošče gonilnika je previsoka,"Ponovno zaženite napravo robot. Če se težava nadaljuje, se obrnite na poprodajno podporo",,,,,,,,,,,,,,,,,,,,
224,3,motor,STATE_224,3,右驱动板电压过低,The right driver board voltage is too low,"Restart the robot. If the issue persists, contact the after-sales support",右驱动板电压过低,请重启Robot，若多次重启无效，请联系售后,Spannung der rechten Antriebsplatine zu niedrig,"Bitte starten Sie Roboter neu. Wenn mehrere Neustarts fehlschlagen, kontaktieren Sie bitte den Kundendienst",Tension de la carte d’entraînement droite trop basse,"Veuillez redémarrer robot. Si plusieurs redémarrages échouent, veuillez contacter le service après-vente",Tensione scheda di azionamento destra troppo bassa,"Si prega di riavviare robot. Se diversi riavvii falliscono, si prega di contattare il servizio post-vendita",,,Tensión de la placa de transmisión derecha demasiado baja,"Por favor, reinicie robot. Si varios reinicios fallan, por favor, póngase en contacto con el servicio postventa",Napětí na PCB pravého kola příliš nízké,"Restartujte robot. Pokud problém přetrvává, kontaktujte autorizovaný servis",,,Napätie na PCB pravého kolesa príliš nízke,"Reštartujte robot. Ak problém pretrváva, kontaktujte autorizovaný servis",Zbyt niskie napięcie prawej płyty napędu,"Uruchom ponownie robot. Jeśli nie działa, skontaktuj się z naszym zespołem obsługi posprzedażnej.",Rechter aandrijfbordspanning te laag,Start robot opnieuw op. Als meerdere malen herstarten mislukt neem dan contact op met onze na-verkoop,Det højre drivermodul spænding er for lav,"Genstart robotten. Hvis problemet fortsætter, skal du kontakte support",,,Spänningen för höger drivkort är för låg,"Starta om roboten. Om problemet kvarstår, kontakta kundsupporten",Napetost desnega gonilnika je prenizka,"Ponovno zaženite napravo robot. Če se težava nadaljuje, se obrnite na poprodajno podporo.",,,,,,,,,,,,,,,,,,,,
225,3,motor,STATE_225,3,右驱动板通信失联,The right driver board has lost communication,"Restart the robot. If the issue persists, contact the after-sales support",右驱动板通信失联,请重启Robot，若多次重启无效，请联系售后,Kommunikation der rechten Antriebsplatine unterbrochen,"Bitte starten Sie Roboter neu. Wenn mehrere Neustarts fehlschlagen, kontaktieren Sie bitte den Kundendienst",Perte de communication avec la carte d’entraînement droite,"Veuillez redémarrer robot. Si plusieurs redémarrages échouent, veuillez contacter le service après-vente",Comunicazione persa scheda di azionamento destra,"Si prega di riavviare robot. Se diversi riavvii falliscono, si prega di contattare il servizio post-vendita",,,Se ha perdido la comunicación con la placa de transmisión derecha,"Por favor, reinicie robot. Si varios reinicios fallan, por favor, póngase en contacto con el servicio postventa",Ztráta komunikace s PCB pravého kola,"Restartujte robot. Pokud problém přetrvává, kontaktujte autorizovaný servis",,,Strata komunikácie s PCB pravého kolesa,"Reštartujte robot. Ak problém pretrváva, kontaktujte autorizovaný servis",Utracono komunikację z prawą płytą napędową,"Uruchom ponownie robot. Jeśli nie działa, skontaktuj się z naszym zespołem obsługi posprzedażnej.",Communicatie met het rechterstation verloren,Start robot opnieuw op. Als meerdere malen herstarten mislukt neem dan contact op met onze na-verkoop,Det højre drivermodul har mistet kommunikationen,"Genstart robotten. Hvis problemet fortsætter, skal du kontakte support",,,Rätt förarkort har tappat kommunikationen,"Starta om roboten. Om problemet kvarstår, kontakta kundsupporten",Desna plošča gonilnika je izgubila komunikacijo,"Ponovno zaženite napravo robot. Če se težava nadaljuje, se obrnite na poprodajno podporo",,,,,,,,,,,,,,,,,,,,
311,3,motor,STATE_311,3,左刀盘电机采样电阻偏置错误,The sampling resistance offset for the left cutting disk motor error,"Restart the robot. If the issue persists, contact the after-sales support",左刀盘电机采样电阻偏置错误,请重启Robot，若多次重启无效，请联系售后,Fehler beim Abtastwiderstandsversatz des linken Schneidmotors,"Bitte starten Sie Roboter neu. Wenn mehrere Neustarts fehlschlagen, kontaktieren Sie bitte den Kundendienst",Erreur de décalage de la résistance d’échantillonnage du moteur de coupe gauche,"Veuillez redémarrer robot. Si plusieurs redémarrages échouent, veuillez contacter le service après-vente",Errore di offset resistenza del campionamento motore lama sinistra,"Si prega di riavviare robot. Se diversi riavvii falliscono, si prega di contattare il servizio post-vendita",,,Error de desplazamiento de la resistencia de muestreo del motor de corte izquierdo,"Por favor, reinicie robot. Si varios reinicios fallan, por favor, póngase en contacto con el servicio postventa",Chyba vyrovnávacího odporu motoru levého žacího kotouče,"Restartujte robot. Pokud problém přetrvává, kontaktujte autorizovaný servis",,,Chyba vyrovnávacieho odporu motora ľavého žacieho kotúča,"Reštartujte robot. Ak problém pretrváva, kontaktujte autorizovaný servis",Błąd rezystencji lewego silnika noża,"Uruchom ponownie robot. Jeśli nie działa, skontaktuj się z naszym zespołem obsługi posprzedażnej.",Linker snijmotor bemonsteringsweerstand offset fout,Start robot opnieuw op. Als meerdere malen herstarten mislukt neem dan contact op met onze na-verkoop,Forskydningen af samplingmodstanden for motorfejlen på venstre slåskive,"Genstart robotten. Hvis problemet fortsætter, skal du kontakte support",,,Provtagningsmotståndsoffset för vänster skärskivmotorfel,"Starta om roboten. Om problemet kvarstår, kontakta kundsupporten",Odmik upornosti vzorčenja za napako motorja levega rezalnega diska,"Ponovno zaženite napravo robot. Če se težava nadaljuje, se obrnite na poprodajno podporo",,,,,,,,,,,,,,,,,,,,
312,3,motor,STATE_312,3,左刀盘电机过载,The left cutting disk motor is overloaded,The left cutting disk is jammed or the current cutting height is too low. Please clean the cutting disk or increase the cutting height,左刀盘电机过载,左刀盘卡草或当前割草高度过低，请及时清理卡草或调高割草高度,Überlastung des linken Schneidmotors,Die linke Schneide klemmt oder die aktuelle Mähhöhe ist zu niedrig. Reinigen Sie zeitnah die Schneide oder erhöhen Sie die Mähhöhe,Surcharge du moteur de coupe gauche,La lame gauche est coincée ou la hauteur de tonte actuelle est trop basse. Vérifiez et nettoyez la lame ou augmentez la hauteur de tonte.,Sovraccarico motore lama sinistra,La lama sinistra è bloccata oppure l’attuale altezza di taglio è troppo bassa. Pulire la lama in modo tempestivo o aumentare l’altezza di taglio,,,Sobrecarga del motor de corte izquierdo,Cortador izquierdo atascado o altura de corte actual demasiado baja. Limpie el cortador de manera adecuada o aumente la altura del corte,Přetížení motoru levého žacího kotouče,Levý žací kotouč je zablokovaný nebo je aktuální výška sečení příliš nízká. Vyčistěte žací kotouč nebo zvyšte výšku sečení,,,Preťaženie motora ľavého žacieho kotúča,Ľavý kosiaci kotúč je zablokovaný alebo je aktuálna výška kosenia príliš nízka. Vyčistite kosiaci kotúč alebo zvýšte výšku kosenia,Przeciążenie lewego silnika noża,Lewa płyta tnąca zablokowała się. Sprawdź i wyczyść płytę tnącą lub zwiększ wysokość koszenia.,Overbelasting van de linker freesmotor,"De linker maaischijf zit vast of de huidige maaihoogte is te laag, maak de maaischijf proper of pas de maaihoogte op tijd aan.",Den venstre slåskivemotor er overbelastet,"Den venstre slåskive sidder fast, eller den aktuelle klippehøjde er for lav. Rengør slåskiven, eller øg klippehøjden",,,Den vänstra klipptallrikens motor är överbelastad,Den vänstra klippskivan har fastnat eller den aktuella klipphöjden är för låg. Rengör klipptallriken eller öka klipphöjden,Motor levega rezalnega diska je preobremenjen,Levi rezalni disk je zataknjen ali pa je trenutna višina rezanja prenizka. Očistite rezalni disk ali povečajte višino rezanja.,,,,,,,,,,,,,,,,,,,,
313,3,motor,STATE_313,2,左刀盘电机过载,The left cutting disk motor is overloaded,The left cutting disk is jammed or the current cutting height is too low. Please clean the cutting disk or increase the cutting height,左刀盘电机过载,左刀盘卡草或当前割草高度过低，请及时清理卡草或调高割草高度,Überlastung des linken Schneidmotors,Die linke Schneide klemmt oder die aktuelle Mähhöhe ist zu niedrig. Reinigen Sie zeitnah die Schneide oder erhöhen Sie die Mähhöhe,Surcharge du moteur de coupe gauche,La lame gauche est coincée ou la hauteur de tonte actuelle est trop basse. Vérifiez et nettoyez la lame ou augmentez la hauteur de tonte.,Sovraccarico motore lama sinistra,La lama sinistra è bloccata oppure l’attuale altezza di taglio è troppo bassa. Pulire la lama in modo tempestivo o aumentare l’altezza di taglio,,,Sobrecarga del motor de corte izquierdo,Cortador izquierdo atascado o altura de corte actual demasiado baja. Limpie el cortador de manera adecuada o aumente la altura del corte,Přetížení motoru levého žacího kotouče,Levý žací kotouč je zablokovaný nebo je aktuální výška sečení příliš nízká. Vyčistěte žací kotouč nebo zvyšte výšku sečení,,,Preťaženie motora ľavého žacieho kotúča,Ľavý kosiaci kotúč je zablokovaný alebo je aktuálna výška kosenia príliš nízka. Vyčistite kosiaci kotúč alebo zvýšte výšku kosenia,Przeciążenie lewego silnika noża,Lewa płyta tnąca zablokowała się. Sprawdź i wyczyść płytę tnącą lub zwiększ wysokość koszenia.,Overbelasting van de linker freesmotor,"De linker maaischijf zit vast of de huidige maaihoogte is te laag, maak de maaischijf proper of pas de maaihoogte op tijd aan.",Den venstre slåskivemotor er overbelastet,"Den venstre slåskive sidder fast, eller den aktuelle klippehøjde er for lav. Rengør slåskiven, eller øg klippehøjden",,,Den vänstra klipptallrikens motor är överbelastad,Den vänstra klippskivan har fastnat eller den aktuella klipphöjden är för låg. Rengör klipptallriken eller öka klipphöjden,Motor levega rezalnega diska je preobremenjen,Levi rezalni disk je zataknjen ali pa je trenutna višina rezanja prenizka. Očistite rezalni disk ali povečajte višino rezanja.,,,,,,,,,,,,,,,,,,,,
314,3,motor,STATE_314,3,左刀盘堵转,The left cutting disk stalled,The left cutting disk is jammed or the current cutting height is too low. Please clean the cutting disk or increase the cutting height,左刀盘堵转,左刀盘卡草或当前割草高度过低，请及时清理卡草或调高割草高度,Linke Schneidscheibe blockiert,Die linke Schneide klemmt oder die aktuelle Mähhöhe ist zu niedrig. Reinigen Sie zeitnah die Schneide oder erhöhen Sie die Mähhöhe,Disque de coupe gauche bloqué,La lame gauche est coincée ou la hauteur de tonte actuelle est trop basse. Vérifiez et nettoyez la lame ou augmentez la hauteur de tonte.,Disco lama sinistra in stallo,La lama sinistra è bloccata oppure l’attuale altezza di taglio è troppo bassa. Pulire la lama in modo tempestivo o aumentare l’altezza di taglio,,,Disco cortador izquierdo parado,Cortador izquierdo atascado o altura de corte actual demasiado baja. Limpie el cortador de manera adecuada o aumente la altura del corte,Levý žací kotouč zablokovaný,Levý žací kotouč je zablokovaný nebo je aktuální výška sečení příliš nízká. Vyčistěte žací kotouč nebo zvyšte výšku sečení,,,Ľavý kosiaci kotúč zablokovaný,Ľavý kosiaci kotúč je zablokovaný alebo je aktuálna výška kosenia príliš nízka. Vyčistite kosiaci kotúč alebo zvýšte výšku kosenia,Zablokowana lewa tarcza tnąca,Lewa płyta tnąca zablokowała się. Sprawdź i wyczyść płytę tnącą lub zwiększ wysokość koszenia.,Linker snijschijf vastgelopen,"De linker maaischijf zit vast of de huidige maaihoogte is te laag, maak de maaischijf proper of pas de maaihoogte op tijd aan.",Den venstre slåskive gik i stå,"Den venstre slåskive sidder fast, eller den aktuelle klippehøjde er for lav. Rengør slåskiven, eller øg klippehøjden",,,Den vänstra klipptallriken stannade,Den vänstra klippskivan har fastnat eller den aktuella klipphöjden är för låg. Rengör klipptallriken eller öka klipphöjden,Levi rezalni disk se je ustavil,Levi rezalni disk je zataknjen ali pa je trenutna višina rezanja prenizka. Očistite rezalni disk ali povečajte višino rezanja.,,,,,,,,,,,,,,,,,,,,
315,3,motor,STATE_315,3,左刀盘电机启动失败,The left cutting disk failed to start,"Check if the left cutting disk motor is jammed. If not, restart the robot. If the issue persists, contact the after-sales support",左刀盘电机启动失败,请检查左刀盘电机是否卡草并重启设备，若未卡草且多次重启无效，请联系售后,Start des linken Schneidmotors fehlgeschlagen,"Bitte überprüfen Sie den linken Schneidmotor auf Gras und starten Sie das Gerät neu. Wenden Sie sich bitte an Kundendienst, wenn kein Gras vorhanden ist und mehrere Neustarts fehlschlagen",Échec du démarrage du moteur de coupe gauche,"Vérifiez que le moteur de coupe gauche ne contient pas d’herbe et redémarrez le dispositif. S’il n’y a pas d’herbe et que plusieurs redémarrages échouent, veuillez contacter le service après-vente.",Avvio motore lama sinistra non riuscito,"Controllare che il motore della lama sinistra non presenti erba e riavviare il dispositivo. Se non c’è erba e il problema non si risolve tramite i riavvii multipli, contattare l’assistenza post-vendita",,,Fallo de arranque del motor de corte izquierdo,"Compruebe si el motor de corte izquierdo tiene césped y reinicie el dispositivo. Si no hay césped y fallan varios reinicios, póngase en contacto con el servicio posventa",Levý žací kotouč se nerozběhl,"Zkontrolujte, zda není zablokovaný motor levého žacího kotouče. Pokud ne, restartujte robot. Pokud problém přetrvává, kontaktujte autorizovaný servis",,,Ľavý kosiaci kotúč sa nerozbehol,"Skontrolujte, či nie je zablokovaný motor ľavého žacieho kotúča. Pokiaľ nie, reštartujte robot. Ak problém pretrváva, kontaktujte autorizovaný servis",Uruchomienie silnika lewego noża nie powiodło się,Lewa płyta tnąca zablokowała się. Sprawdź i wyczyść płytę tnącą lub zwiększ wysokość koszenia.,Start linker freesmotor mislukt,De linker snijplaat is vastgelopen. Inspecteer en maak de snijplaat vrij of verhoog de maaihoogte,Den venstre slåskive kunne ikke starte,"Kontroller, om den venstre slåskivemotor sidder fast. Hvis ikke, genstart robotten. Hvis problemet fortsætter, skal du kontakte ssupport",,,Den vänstra klipptallriken kunde inte starta,"Kontrollera om den vänstra klipptallrikens motor har fastnat. Om inte, starta om roboten. Om problemet kvarstår, kontakta kundsupporten",Levi rezalni disk se ni zagnal,"Preverite, ali je motor levega rezalnega diska zataknjen. Če ne, ponovno zaženite napravo robot. Če se težava nadaljuje, se obrnite na poprodajno podporo",,,,,,,,,,,,,,,,,,,,
316,3,motor,STATE_316,1,左刀盘电机温度过高,The left cutting disk motor is overheating,The robot will come back to normal once the motor temperature decreases. This may take several minutes,左刀盘电机温度过高,温度下降后设备将恢复正常，该过程可能需要几分钟,Die Temperatur des linken Messermotors ist zu hoch,"Das Gerät normalisiert sich wieder, nachdem die Temperatur gefallen ist, und dieser Vorgang kann mehrere Minuten dauern",La température du moteur de la lame gauche est trop élevée,Le dispositif reviendra à la normale après une baisse de la température et ce processus peut prendre plusieurs minutes.,La temperatura del motore della lama sinistra è troppo alta,"Il dispositivo tornerà alla normalità al calo della temperatura, e questo processo potrebbe richiedere diversi minuti",,,La temperatura del motor de la cuchilla izquierda es demasiado alta,El dispositivo volverá a la normalidad después de que baje la temperatura y este proceso puede tardar varios minutos,Motor levého žacího kotouče se přehřívá,"Robot se vrátí do normálu, jakmile teplota motoru klesne. To může trvat několik minut",,,Motor ľavého žacieho kotúča sa prehrieva,"Robot sa vráti do normálu, akonáhle teplota motora klesne. To môže trvať niekoľko minút",Temperatura silnika lewej ostrza jest zbyt wysoka,"robot powróci do pracy po spadku temperatury, co może potrwać kilka minut",De motortemperatuur van het linkermesblad is te hoog,"Robot keert terug naar normaal nadat de temperatuur is gedaald, dit proces kan enkele minuten duren.",Den venstre slåskivemotor er overophedet,"Robotten vender tilbage til normal, når motortemperaturen falder. Dette kan tage flere minutter",,,Den vänstra klipptallrikens motor är överhettad,Roboten kommer att återgå till det normala när motortemperaturen sjunker. Det här kan ta flera minuter,Motor levega rezalnega diska se pregreva,"Robot se bo normalizirala, ko se bo temperatura motorja zmanjšala. To lahko traja nekaj minut",,,,,,,,,,,,,,,,,,,,
317,3,motor,STATE_317,1,左刀盘电机温度过低,The left cutting disk motor temperature is too low,The ambient temperature is too low. Recommended to operate the robot above -10°C.,左刀盘电机温度过低,环境温度过低，建议让Robot在高于-10摄氏度的作业环境下作业,Die Temperatur des linken Messermotors ist zu niedrig,"Die Umgebungstemperatur ist zu niedrig. Es wird empfohlen, dass Roboter in einer Umgebung über -10 °C arbeitet",La température du moteur de la lame gauche est trop basse,La température ambiante est trop basse. Il est recommandé que robot fonctionne dans une température ambiante supérieure à -10 °C.,La temperatura del motore della lama sinistra è troppo bassa,La temperatura ambiente è troppo bassa. Si raccomanda che robot lavori in un ambiente con temperatura superiore a -10 gradi Celsius,,,La temperatura del motor de la cuchilla izquierda es demasiado baja,La temperatura ambiente es demasiado baja. Se recomienda que robot funcione en un entorno superior a –10 grados Celsius,Teplota motoru levého žacího kotouče je příliš nízká,Okolní teplota je příliš nízká. robot může pracovat při teplotě prostředí nad -10 °C,,,Teplota motora ľavého žacieho kotúča je príliš nízka,Okolitá teplota je príliš nízka. Robot môže pracovať pri teplote prostredie nad -10 °C,Temperatura silnika lewej ostrza jest zbyt niska,"Temperatura otoczenia jest zbyt niska. Zaleca się, aby robot pracowała w środowisku powyżej -10°C",Motortemperatuur linkermesblad is te laag.,Omgevingstemperatuur is te laag. Het wordt aanbevolen om robot te laten werken bij een omgevingstemperatuur boven -10°C.,Motortemperaturen på venstre slåskive er for lav,Omgivelsestemperaturen er for lav. Anbefales til at betjene robotten over -10 °C.,,,Den vänstra klipptallrikens motortemperatur är för låg,Den omgivande temperaturen är för låg. Rekommenderas för att använda roboten över -10°C.,Temperatura motorja levega rezalnega diska je prenizka,"Temperatura okolja je prenizka. Priporočljivo je, da robot deluje pri temperaturi nad -10 °C.",,,,,,,,,,,,,,,,,,,,
318,3,motor,STATE_318,1,左刀盘电机传感器失效,The sensor in the left cutting disk motor failed,"Restart the robot. If the issue persists, contact the after-sales support",左刀盘电机传感器失效,请重启Robot，若多次重启无效，请联系售后,Der Sensor des linken Messermotors ist ausgefallen,"Bitte starten Sie Roboter neu. Wenn mehrere Neustarts fehlschlagen, kontaktieren Sie bitte den Kundendienst",Le capteur du moteur de la lame gauche est en panne,"Veuillez redémarrer robot. Si plusieurs redémarrages échouent, veuillez contacter le service après-vente",Il sensore del motore della lama sinistra è guasto,"Si prega di riavviare robot. Se diversi riavvii falliscono, si prega di contattare il servizio post-vendita",,,El sensor del motor de la cuchilla izquierda ha fallado,"Por favor, reinicie robot. Si varios reinicios fallan, por favor, póngase en contacto con el servicio postventa",Snímač motoru levého žacího kotouče selhal,"Restartujte robot. Pokud problém přetrvává, kontaktujte autorizovaný servis",,,Snímač motora ľavého žacieho kotúča zlyhal,"Reštartujte robot. Ak problém pretrváva, kontaktujte autorizovaný servis",Czujnik silnika lewej ostrza się zepsuł,"Uruchom ponownie robot. Jeśli nie działa, skontaktuj się z naszym zespołem obsługi posprzedażnej.",Linker mesmotorsensor is defect.,"Start robot opnieuw op. Als meerdere herstarts mislukken, neem dan contact op met de klantenservice",Sensoren i venstre slåskivemotor svigtede,"Genstart robotten. Hvis problemet fortsætter, skal du kontakte support",,,Sensorn i den vänstra klipptallrikens motor misslyckades,"Starta om roboten. Om problemet kvarstår, kontakta kundsupporten",Senzor v motorju levega rezalnega diska je odpovedal,"Ponovno zaženite napravo robot. Če se težava nadaljuje, se obrnite na poprodajno podporo",,,,,,,,,,,,,,,,,,,,
321,3,motor,STATE_321,3,右刀盘电机采样电阻偏置错误,The sampling resistance offset for the right cutting disk motor error,"Restart the robot. If the issue persists, contact the after-sales support",右刀盘电机采样电阻偏置错误,请重启Robot，若多次重启无效，请联系售后,Fehler beim Abtastwiderstandsversatz des rechten Schneidmotors,"Bitte starten Sie Roboter neu. Wenn mehrere Neustarts fehlschlagen, kontaktieren Sie bitte den Kundendienst",Erreur de décalage de la résistance d’échantillonnage du moteur de coupe droit,"Veuillez redémarrer robot. Si plusieurs redémarrages échouent, veuillez contacter le service après-vente",Errore di offset resistenza del campionamento motore lama destra,"Si prega di riavviare robot. Se diversi riavvii falliscono, si prega di contattare il servizio post-vendita",,,Error de desplazamiento de la resistencia de muestreo del motor de corte derecho,"Por favor, reinicie robot. Si varios reinicios fallan, por favor, póngase en contacto con el servicio postventa",Chyba vyrovnávacího odporu motoru pravého žacího kotouče,"Restartujte robot. Pokud problém přetrvává, kontaktujte autorizovaný servis",,,Chyba vyrovnávacieho odporu motora pravého žacieho kotúča,"Reštartujte robot. Ak problém pretrváva, kontaktujte autorizovaný servis",Błąd rezystencji prawego silnika noża,"Uruchom ponownie robot. Jeśli nie działa, skontaktuj się z naszym zespołem obsługi posprzedażnej.",Offset fout van de bemonsteringsweerstand van de rechtersnijmotor,Start robot opnieuw op. Als meerdere malen herstarten mislukt neem dan contact op met onze na-verkoop,Samplingmodstanden kompenseres for den rigtige slåskivemotorfejl,"Genstart robotten. Hvis problemet fortsætter, skal du kontakte support",,,Provtagningsmotståndsoffset för rätt skärskivmotorfel,"Starta om roboten. Om problemet kvarstår, kontakta kundsupporten",Odmik upornosti vzorčenja za napako motorja desnega rezalnega diska,"Ponovno zaženite napravo robot. Če se težava ne odpravi, se obrnite na poprodajno podporo",,,,,,,,,,,,,,,,,,,,
322,3,motor,STATE_322,3,右刀盘电机过载,The right cutting disk motor is overloaded,The right cutting disk is jammed or the current cutting height is too low. Please clean the cutting disk or increase the cutting height,右刀盘电机过载,右刀盘卡草或当前割草高度过低，请及时清理卡草或调高割草高度,Überlastung des rechten Schneidmotors,Die rechte Schneide klemmt oder die aktuelle Mähhöhe ist zu niedrig. Reinigen Sie zeitnah die Schneide oder erhöhen Sie die Mähhöhe,Surcharge du moteur de coupe droit,La lame droite est coincée ou la hauteur de tonte actuelle est trop basse. Vérifiez et nettoyez la lame ou augmentez la hauteur de tonte.,Sovraccarico motore lama destra,La lama destra è bloccata oppure l’attuale altezza di taglio è troppo bassa. Pulire la lama in modo tempestivo o aumentare l’altezza di taglio,,,Sobrecarga del motor de corte derecho,Cortador derecho atascado o altura de corte actual demasiado baja. Limpie el cortador de manera adecuada o aumente la altura del corte,Přetížení motoru pravého žacího kotouče,Pravý žací kotouč je zablokovaný nebo je aktuální výška sečení příliš nízká. Vyčistěte žací kotouč nebo zvyšte výšku sečení,,,Preťaženie motora pravého žacieho kotúča,Pravý kosiaci kotúč je zablokovaný alebo je aktuálna výška kosenia príliš nízka. Vyčistite kosiaci kotúč alebo zvýšte výšku kosenia,Przeciążenie prawego silnika noża,Prawa płyta tnąca zablokowała się. Sprawdź i wyczyść płytę tnącą lub zwiększ wysokość koszenia.,Overbelasting van de rechter freesmotor,"De rechter maaischijf zit vast of de huidige maaihoogte is te laag, ruim het vastzittende gras op of pas de maaihoogte op tijd aan.",Den højre slåskivemotor er overbelastet,"Den højre slåskive sidder fast, eller den aktuelle klippehøjde er for lav. Rengør skæreskiven, eller øg klippehøjden",,,Den högra klipptallrikens motor är överbelastad,Den högra klippskivan har fastnat eller den aktuella klipphöjden är för låg. Rengör klipptallriken eller öka klipphöjden,Motor desnega rezalnega koluta je preobremenjen,Desni rezalni disk je zataknjen ali pa je trenutna višina rezanja prenizka. Očistite rezalni disk ali povečajte višino rezanja,,,,,,,,,,,,,,,,,,,,
323,3,motor,STATE_323,2,右刀盘电机过载,The right cutting disk motor is overloaded,The right cutting disk is jammed or the current cutting height is too low. Please clean the cutting disk or increase the cutting height,右刀盘电机过载,右刀盘卡草或当前割草高度过低，请及时清理卡草或调高割草高度,Überlastung des rechten Schneidmotors,Die rechte Schneide klemmt oder die aktuelle Mähhöhe ist zu niedrig. Reinigen Sie zeitnah die Schneide oder erhöhen Sie die Mähhöhe,Surcharge du moteur de coupe droit,La lame droite est coincée ou la hauteur de tonte actuelle est trop basse. Vérifiez et nettoyez la lame ou augmentez la hauteur de tonte.,Sovraccarico motore lama destra,La lama destra è bloccata oppure l’attuale altezza di taglio è troppo bassa. Pulire la lama in modo tempestivo o aumentare l’altezza di taglio,,,Sobrecarga del motor de corte derecho,Cortador derecho atascado o altura de corte actual demasiado baja. Limpie el cortador de manera adecuada o aumente la altura del corte,Přetížení motoru pravého žacího kotouče,Pravý žací kotouč je zablokovaný nebo je aktuální výška sečení příliš nízká. Vyčistěte žací kotouč nebo zvyšte výšku sečení,,,Preťaženie motora pravého žacieho kotúča,Pravý kosiaci kotúč je zablokovaný alebo je aktuálna výška kosenia príliš nízka. Vyčistite kosiaci kotúč alebo zvýšte výšku kosenia,Przeciążenie prawego silnika noża,Prawa płyta tnąca zablokowała się. Sprawdź i wyczyść płytę tnącą lub zwiększ wysokość koszenia.,Overbelasting van de rechter freesmotor,"De rechter maaischijf zit vast of de huidige maaihoogte is te laag, ruim het vastzittende gras op of pas de maaihoogte op tijd aan.",Den højre slåskivemotor er overbelastet,"Den højre slåskive sidder fast, eller den aktuelle klippehøjde er for lav. Rengør skæreskiven, eller øg klippehøjden",,,Den högra klipptallrikens motor är överbelastad,Den högra klippskivan har fastnat eller den aktuella klipphöjden är för låg. Rengör klipptallriken eller öka klipphöjden,Motor desnega rezalnega koluta je preobremenjen,Desni rezalni disk je zataknjen ali je trenutna višina rezanja prenizka. Očistite rezalni disk ali povečajte višino rezanja.,,,,,,,,,,,,,,,,,,,,
324,3,motor,STATE_324,3,右刀盘堵转,The right cutting disk stalled,The right cutting disk is jammed or the current cutting height is too low. Please clean the cutting disk or increase the cutting height,右刀盘堵转,右刀盘卡草或当前割草高度过低，请及时清理卡草或调高割草高度,Rechte Schneidschale blockiert,Die rechte Schneide klemmt oder die aktuelle Mähhöhe ist zu niedrig. Reinigen Sie zeitnah die Schneide oder erhöhen Sie die Mähhöhe,Plateau de coupe droit bloqué,La lame droite est coincée ou la hauteur de tonte actuelle est trop basse. Vérifiez et nettoyez la lame ou augmentez la hauteur de tonte.,Vassoio della lama destra bloccato,La lama destra è bloccata oppure l’attuale altezza di taglio è troppo bassa. Pulire la lama in modo tempestivo o aumentare l’altezza di taglio,,,Bandeja de corte derecha parada,Cortador derecho atascado o altura de corte actual demasiado baja. Limpie el cortador de manera adecuada o aumente la altura del corte,Pravý žací kotouč zablokovaný,Pravý žací kotouč je zablokovaný nebo je aktuální výška sečení příliš nízká. Vyčistěte žací kotouč nebo zvyšte výšku sečení,,,Pravý kosiaci kotúč zablokovaný,Pravý kosiaci kotúč je zablokovaný alebo je aktuálna výška kosenia príliš nízka. Vyčistite kosiaci kotúč alebo zvýšte výšku kosenia,Zablokowana prawa tarcza tnąca,Prawa płyta tnąca zablokowała się. Sprawdź i wyczyść płytę tnącą lub zwiększ wysokość koszenia.,Rechter maaischijf geblokkeerd,"De rechter maaischijf zit vast of de huidige maaihoogte is te laag, ruim het vastzittende gras op of pas de maaihoogte op tijd aan.",Den højre slåskive gik i stå,"Den højre slåskive sidder fast, eller den aktuelle klippehøjde er for lav. Rengør skæreskiven, eller øg klippehøjden",,,Den högra klipptallriken stannade,Den högra klippskivan har fastnat eller den aktuella klipphöjden är för låg. Rengör klipptallriken eller öka klipphöjden,Desni rezalni disk se je ustavil,Desni rezalni disk je zataknjen ali pa je trenutna višina rezanja prenizka. Očistite rezalni disk ali povečajte višino rezanja.,,,,,,,,,,,,,,,,,,,,
325,3,motor,STATE_325,3,右刀盘电机启动失败,The right cutting disk failed to start,"Check if the right cutting disk motor is jammed. If not, restart the robot. If the issue persists, contact the after-sales support",右刀盘电机启动失败,请检查右刀盘电机是否卡草并重启设备，若未卡草且多次重启无效，请联系售后,Start des rechten Schneidmotors fehlgeschlagen,"Bitte überprüfen Sie den rechten Schneidmotor auf Gras und starten Sie das Gerät neu. Wenden Sie sich bitte an Kundendienst, wenn kein Gras vorhanden ist und mehrere Neustarts fehlschlagen",Échec du démarrage du moteur de coupe droit,"Vérifiez que le moteur de coupe droit ne contient pas d’herbe et redémarrez le dispositif. S’il n’y a pas d’herbe et que plusieurs redémarrages échouent, veuillez contacter le service après-vente.",Avvio motore lama destra non riuscito,"Controllare che il motore della lama destra non presenti erba e riavviare il dispositivo. Se non c’è erba e il problema non si risolve tramite i riavvii multipli, contattare l’assistenza post-vendita",,,Fallo de arranque del motor de corte derecho,"Compruebe si hay césped en el motor de corte derecho y reinicie el dispositivo. Si no hay césped y fallan varios reinicios, póngase en contacto con el servicio posventa",Pravý žací kotouč se nerozběhl,"Zkontrolujte, zda není zablokovaný motor pravého žacího kotouče. Pokud ne, restartujte robot. Pokud problém přetrvává, kontaktujte autorizovaný servis",,,Pravý kosiaci kotúč sa nerozbehol,"Skontrolujte, či nie je zablokovaný motor pravého žacieho kotúča. Pokiaľ nie, reštartujte robot. Ak problém pretrváva, kontaktujte autorizovaný servis",Uruchomienie silnika prawego noża nie powiodło się,Prawa płyta tnąca zablokowała się. Sprawdź i wyczyść płytę tnącą lub zwiększ wysokość koszenia.,Startfout rechter mesmotor,Rechter snijplaat komt vast te zitten. Controleer en reinig de snijplaat of verhoog de maaihoogte.,Den højre slåskive kunne ikke starte,"Kontroller, om den højre slåskivemotor sidder fast. Hvis ikke, genstart robotten. Hvis problemet fortsætter, skal du kontakte eftersalgssupport",,,Den högra klipptallriken kunde inte starta,"Kontrollera om den högra klipptallrikens motor har fastnat. Om inte, starta om roboten. Om problemet kvarstår, kontakta kundsupporten",Desni rezalni disk se ni zagnal,"Preverite, ali je motor desnega rezalnega diska zataknjen. Če ne, ponovno zaženite napravo robot. Če se težava nadaljuje, se obrnite na poprodajno podporo",,,,,,,,,,,,,,,,,,,,
326,3,motor,STATE_326,1,右刀盘电机温度过高,The right cutting disk motor is overheating,The robot will resume to task once the motor temperature decreases. This process may take several minutes,右刀盘电机温度过高,温度下降后设备将恢复正常，该过程可能需要几分钟,Die Temperatur des rechten Messermotors ist zu hoch,"Das Gerät normalisiert sich wieder, nachdem die Temperatur gefallen ist, und dieser Vorgang kann mehrere Minuten dauern",La température du moteur de la lame droite est trop élevée,Le dispositif reviendra à la normale après une baisse de la température et ce processus peut prendre plusieurs minutes.,La temperatura del motore della lama destra è troppo alta,"Il dispositivo tornerà alla normalità al calo della temperatura, e questo processo potrebbe richiedere diversi minuti",,,La temperatura del motor de la cuchilla derecha es demasiado alta,El dispositivo volverá a la normalidad después de que baje la temperatura y este proceso puede tardar varios minutos,Motor pravého žacího kotouče se přehřívá,"Robot bude pokračovat v práci, jakmile teplota motoru klesne. Tento proces může trvat několik minut",,,Motor pravého žacieho kotúča sa prehrieva,"Robot bude pokračovať v práci, akonáhle teplota motora klesne. Tento proces môže trvať niekoľko minút",Temperatura silnika prawego ostrza jest zbyt wysoka,"Robot powróci do pracy po spadku temperatury, co może potrwać kilka minut",De temperatuur van de rechter mesmotor is te hoog,Het apparaat keert terug naar normaal nadat de temperatuur is gedaald en dit proces kan enkele minuten duren.,Den højre slåskivemotor er overophedet,"Robotten genoptager opgaven, når motortemperaturen falder. Denne proces kan tage flere minutter",,,Den högra klipptallrikens motor är överhettad,Roboten kommer att återuppta arbetet när motortemperaturen sjunker. Denna process kan ta flera minuter,Motor desnega rezalnega diska se pregreva,"Robot bo nadaljevala z delom, ko se bo temperatura motorja znižala. Ta postopek lahko traja nekaj minut",,,,,,,,,,,,,,,,,,,,
327,3,motor,STATE_327,1,右刀盘电机温度过低,The right cutting disk motor temperature is too low,The ambient temperature is too low. Recommended to operate the robot above -10°C.,右刀盘电机温度过低,环境温度过低，建议让Robot在高于-10摄氏度的作业环境下作业,Die Temperatur des rechten Messermotors ist zu niedrig,"Die Umgebungstemperatur ist zu niedrig. Es wird empfohlen, dass Roboter in einer Umgebung über -10 °C arbeitet",La température du moteur de la lame droite est trop basse,La température ambiante est trop basse. Il est recommandé que robot fonctionne dans une température ambiante supérieure à -10 °C.,La temperatura del motore della lama destra è troppo bassa,La temperatura ambiente è troppo bassa. Si raccomanda che robot lavori in un ambiente con temperatura superiore a -10 gradi Celsius,,,La temperatura del motor de la cuchilla derecha es demasiado baja,La temperatura ambiente es demasiado baja. Se recomienda que robot funcione en un entorno superior a –10 grados Celsius,Teplota motoru pravého žacího kotouče je příliš nízká,Okolní teplota je příliš nízká. robot může pracovat při teplotě prostředí nad -10 °C,,,Teplota motora pravého žacieho kotúča je príliš nízka,Okolitá teplota je príliš nízka. Robot môže pracovať pri teplote prostredie nad -10 °C,Temperatura silnika prawego ostrza jest zbyt niska,"Temperatura otoczenia jest zbyt niska. Zaleca się, aby robot pracowała w środowisku powyżej -10°C",Motortemperatuur rechtermesblad is te laag.,Omgevingstemperatuur is te laag. Het wordt aanbevolen om robot te laten werken bij een omgevingstemperatuur boven -10°C.,Den højre slåskivemotor temperatur er for lav,Omgivelsestemperaturen er for lav. Anbefales til at betjene robotten over -10 °C.,,,Den högra klipptallrikens motortemperatur är för låg,Den omgivande temperaturen är för låg. Rekommenderas för att använda roboten över -10°C.,Temperatura motorja desnega rezalnega diska je prenizka,"Temperatura okolice je prenizka. Priporočljivo je, da se robot uporablja pri temperaturi nad -10 °C.",,,,,,,,,,,,,,,,,,,,
328,3,motor,STATE_328,1,右刀盘电机传感器失效,The sensor in the right cutting disk motor failed,"Restart the robot. If the issue persists, contact the after-sales support",右刀盘电机传感器失效,请重启Robot，若多次重启无效，请联系售后,Der Sensor des rechten Messermotors ist ausgefallen,"Bitte starten Sie Roboter neu. Wenn mehrere Neustarts fehlschlagen, kontaktieren Sie bitte den Kundendienst",Le capteur du moteur de la lame droite est en panne,"Veuillez redémarrer robot. Si plusieurs redémarrages échouent, veuillez contacter le service après-vente",Il sensore del motore della lama destra è guasto,"Si prega di riavviare robot. Se diversi riavvii falliscono, si prega di contattare il servizio post-vendita",,,El sensor del motor de la cuchilla derecha ha fallado,"Por favor, reinicie robot. Si varios reinicios fallan, por favor, póngase en contacto con el servicio postventa",Snímač motoru pravého žacího kotouče selhal,"Restartujte robot. Pokud problém přetrvává, kontaktujte autorizovaný servis",,,Snímač motora pravého žacieho kotúča zlyhal,"Reštartujte robot. Ak problém pretrváva, kontaktujte autorizovaný servis",Czujnik silnika prawego ostrza się zepsuł,"Uruchom ponownie robot. Jeśli nie działa, skontaktuj się z naszym zespołem obsługi posprzedażnej.",De rechter mesmotorsensor is defect,"Start robot opnieuw op. Als meerdere herstarts mislukken, neem dan contact op met de klantenservice",Sensoren i den højre slåskivemotor svigtede,"Genstart robotten. Hvis problemet fortsætter, skal du kontakte support",,,Sensorn i den högra klipptallrikens motor misslyckades,"Starta om roboten. Om problemet kvarstår, kontakta kundsupporten",Senzor v motorju desnega rezalnega diska je odpovedal,"Ponovno zaženite napravo robot. Če se težava nadaljuje, se obrnite na poprodajno podporo",,,,,,,,,,,,,,,,,,,,
350,3,common,STATE_350,1,左轮毂电机堵转,The left wheel hub motor has stalled,The robot or wheel hub is stuck. Check if the robot gets stuck by obstacles and if the wheels run well,左轮毂电机堵转,机器或轮毂卡住，请检查Robot是否被障碍卡住以及轮子状态,Der linke Radnabenmotor ist ausgefallen,"Der Roboter oder Radnabe ist blockiert. Überprüfen Sie, ob der Roboter durch Hindernisse blockiert ist und ob die Räder gut laufen",Le moteur de moyeu de roue gauche est calé,Le robot ou le moyeu de roue est bloqué. Vérifiez si le robot est bloqué par des obstacles et si les roues fonctionnent bien,Il motore del mozzo della ruota sinistra si è bloccato,Il robot o il mozzo della ruota è bloccato. Verificare se il robot è bloccato da ostacoli e se le ruote girano correttamente,,,El motor del buje de la rueda izquierda se ha detenido,El robot o el buje de la rueda está atascado. Verifique si el robot se atasca con obstáculos y si las ruedas funcionan bien,Levý motor pohánějící náboj kola se zasekl,"Robot nebo náboj kola je zaseknutý. Zkontrolujte, zda je robot blokován překážkami, a zda kola dobře fungují",,,Ľavý motor hnacieho náboja sa zasekol,"Robot alebo náboj kolesa je zaseknutý. Skontrolujte, či je robot blokovaný prekážkami, a či sa kolesá dobre otáčajú",Lewe koło napędowe zatrzymało się,"Robot lub piasta koła jest zablokowana. Sprawdź, czy robot jest blokowany przez przeszkody, i czy koła dobrze się obracają",Linker naaf motor vergrendeld-rotor,"De machine of wielnaaf zit vast, controleer of de robot vastzit door obstakels en de wielstatus",Motoren til venstre hjul er gået i stå,"Robotten eller hjulmotor sidder fast. Kontroller, om robotten sidder fast af forhindringer, og om hjulene kører godt",,,Vänster hjulnavsmotor har stannat,Roboten eller hjulnavet har fastnat. Kontrollera om roboten fastnar av hinder och om hjulen går bra,Zaklenjeni motor z levim,"Naprava ali kolesa je zataknjena, preverite, ali je robot zataknil ovire in status kolesa",,,,,,,,,,,,,,,,,,,,
351,3,common,STATE_351,1,左轮毂电机过载,The left wheel hub motor is overloaded,The robot or wheel hub is stuck. Check if the robot gets stuck by obstacles and if the wheels run well,左轮毂电机过载,机器或轮毂卡住，请检查Robot是否被障碍卡住以及轮子状态,Der linke Radnabenmotor ist überlastet,"Der Roboter oder Radnabe ist blockiert. Überprüfen Sie, ob der Roboter durch Hindernisse blockiert ist und ob die Räder gut laufen",Le moteur de moyeu de roue gauche est surchargé,Le robot ou le moyeu de roue est bloqué. Vérifiez si le robot est bloqué par des obstacles et si les roues fonctionnent bien,Il motore del mozzo della ruota sinistra è sovraccarico,Il robot o il mozzo della ruota è bloccato. Verificare se il robot è bloccato da ostacoli e se le ruote girano correttamente,,,El motor del buje de la rueda izquierda está sobrecargado,El robot o el buje de la rueda está atascado. Verifique si el robot se atasca con obstáculos y si las ruedas funcionan bien,Levý motor pohánějící náboj kola je přetížen,"Robot nebo náboj kola je zaseknutý. Zkontrolujte, zda je robot blokován překážkami, a zda kola dobře fungují",,,Ľavý motor hnacieho náboja je preťažený,"Robot alebo náboj kolesa je zaseknutý. Skontrolujte, či je robot blokovaný prekážkami, a či sa kolesá dobre otáčajú",Lewe koło napędowe jest przeciążone,"Robot lub piasta koła jest zablokowana. Sprawdź, czy robot jest blokowany przez przeszkody, i czy koła dobrze się obracają",Overbelasting van de linker naaf motor,"De machine of wielnaaf zit vast, controleer of de robot vastzit door obstakels en de wielstatus",Venstre hjulmotor er overbelastet,"Robotten eller hjulmotor sidder fast. Kontroller, om robotten sidder fast af forhindringer, og om hjulene kører godt",,,Vänster hjulnavsmotor är överbelastad,Roboten eller hjulnavet har fastnat. Kontrollera om roboten fastnar av hinder och om hjulen går bra,Preobremenitev levih motornih vozlišča,"Naprava ali kolesa je zataknjena, preverite, ali je robot zataknil ovire in status kolesa",,,,,,,,,,,,,,,,,,,,
352,3,common,STATE_352,1,左轮毂电机缺相,Phase loss detected in the left wheel hub motor,"Restart the robot. If the issue persists, please contact our after-sales support",左轮毂电机缺相,重启设备，若多次重启无效，请联系售后,Phasenausfall im linken Radnabenmotor festgestellt,"Starten Sie das Gerät neu. Wenn mehrere Neustarts ungültig sind, wenden Sie sich bitte an den Kundendienst",Perte de phase détectée dans le moteur de moyeu de roue gauche,"Redémarrez l'appareil, si plusieurs redémarrages sont invalides, veuillez contacter après-vente",Rilevata perdita di fase nel motore del mozzo della ruota sinistra,"Riavvia il dispositivo. Se più riavvii non sono validi, contatta il servizio post-vendita.",,,Se detectó pérdida de fase en el motor del buje de la rueda izquierda,"Reinicie el equipo, si varios reinicios no son válidos, comuníquese con el servicio posventa",Ztráta fáze zjištěna v levém motoru pohánějícím náboj kola,"Restartujte zařízení. Pokud více restartů není platné, obraťte se na poprodejní službu.",,,Zistila sa strata fázy v ľavom motori hnacieho náboja kolesa,"Reštartovať zariadenie. Ak je viacero reštartov neplatné, kontaktujte prosím popredajnú službu.",Wykryto utratę fazy w lewym silniku piasty koła,"Uruchom ponownie urządzenie. Jeśli wiele restartów jest nieprawidłowych, skontaktuj się z działem obsługi posprzedażnej.",Linker naaf motorfase verlies,"Start het apparaat opnieuw op. Als meerdere herstarts ongeldig zijn, kunt u contact opnemen met de after-sales service.",Fasetab detekteret i venstre hjulmotor,"Genstart robotten. Hvis problemet fortsætter, bedes du kontakte vores support",,,Fasförlust upptäckt i vänster hjulnavsmotor,"Starta om roboten. Om problemet kvarstår, kontakta vår kundsupport",Izguba motorne faze levega vozlišča,"Zaženi napravo. Če več ponovnih zagonov niso veljavni, se obrnite na poprodajne storitve.",,,,,,,,,,,,,,,,,,,,
353,3,common,STATE_353,1,左轮毂电机电流不平衡,Current unbalance detected in the left wheel hub motor,"Restart the robot. If the issue persists, please contact our after-sales support",左轮毂电机电流不平衡,重启设备，若多次重启无效，请联系售后,Strom ungleich gewicht des linken Rad motors,"Starten Sie das Gerät neu. Wenn mehrere Neustarts ungültig sind, wenden Sie sich bitte an den Kundendienst",Déséquilibre du courant du moteur du moyeu gauche,"Redémarrez l'appareil, si plusieurs redémarrages sont invalides, veuillez contacter après-vente",Sbilanciamento della corrente del motore del mozzo sinistro,"Riavvia il dispositivo. Se più riavvii non sono validi, contatta il servizio post-vendita.",,,Desequilibrio de corriente del motor del cubo izquierdo,"Reinicie el equipo, si varios reinicios no son válidos, comuníquese con el servicio posventa",Levá nerovnováha prúdu motoru,"Restartujte zařízení. Pokud více restartů není platné, obraťte se na poprodejní službu.",,,Ľavá huba motor prúdovej nerovnováhy,"Reštartovať zariadenie. Ak je viacero reštartov neplatné, kontaktujte prosím popredajnú službu.",Brak równowagi prądu silnika lewego piasty,"Uruchom ponownie urządzenie. Jeśli wiele restartów jest nieprawidłowych, skontaktuj się z działem obsługi posprzedażnej.",Linker hub motorstroom onbalans,"Start het apparaat opnieuw op. Als meerdere herstarts ongeldig zijn, kunt u contact opnemen met de after-sales service.",Ubalance registreret i venstre hjulnavmotor,"Genstart robotten. Hvis problemet fortsætter, bedes du kontakte vores support",,,Aktuell obalans upptäckt i vänster hjulnavsmotor,"Starta om roboten. Om problemet kvarstår, kontakta vår kundsupport",Neravnovesje levo motornega vozlišča,"Zaženi napravo. Če več ponovnih zagonov niso veljavni, se obrnite na poprodajne storitve.",,,,,,,,,,,,,,,,,,,,
354,3,common,STATE_354,1,左轮毂电机霍尔异常,Error detected in the Hall sensor of the left wheel hub motor,"Restart the robot. If the issue persists, please contact our after-sales support",左轮毂电机霍尔异常,重启设备，若多次重启无效，请联系售后,Hall-Anomalie des linken Naben motors,"Starten Sie das Gerät neu. Wenn mehrere Neustarts ungültig sind, wenden Sie sich bitte an den Kundendienst",Moteur Hall anormal du moyeu gauche,"Redémarrez l'appareil, si plusieurs redémarrages sont invalides, veuillez contacter après-vente",Corridoio motore mozzo sinistro anormale,"Riavvia il dispositivo. Se più riavvii non sono validi, contatta il servizio post-vendita.",,,El motor del cubo izquierdo Hall es anormal,"Reinicie el equipo, si varios reinicios no son válidos, comuníquese con el servicio posventa",Left hub motor hall abnormal,"Restartujte zařízení. Pokud více restartů není platné, obraťte se na poprodejní službu.",,,Ľavá huba motorová hala abnormálne,"Reštartovať zariadenie. Ak je viacero reštartov neplatné, kontaktujte prosím popredajnú službu.",Nieprawidłowa hala motorowa lewego piasty,"Uruchom ponownie urządzenie. Jeśli wiele restartów jest nieprawidłowych, skontaktuj się z działem obsługi posprzedażnej.",Linker naaf motor hal abnormaal,"Start het apparaat opnieuw op. Als meerdere herstarts ongeldig zijn, kunt u contact opnemen met de after-sales service.",Fejl registreret i Hall-sensoren på venstre hjulmotor,"Genstart robotten. Hvis problemet fortsætter, bedes du kontakte vores support",,,Fel upptäckt i Hall-sensorn på vänster hjulnavsmotor,"Starta om roboten. Om problemet kvarstår, kontakta vår kundsupport",Neobičajna motorna dvorana levega vozlišča,"Zaženi napravo. Če več ponovnih zagonov niso veljavni, se obrnite na poprodajne storitve.",,,,,,,,,,,,,,,,,,,,
355,3,common,STATE_355,1,左轮毂电机霍尔零漂异常,Zero drift detected in the Hall sensor of the left wheel hub motor,"Restart the robot. If the issue persists, please contact our after-sales support",左轮毂电机霍尔零漂异常,重启设备，若多次重启无效，请联系售后,Hol Zero Drift abnormal des linken Radnaben motors,"Starten Sie das Gerät neu. Wenn mehrere Neustarts ungültig sind, wenden Sie sich bitte an den Kundendienst",Anomalie de dérive zéro du moteur du moyeu gauche,"Redémarrez l'appareil, si plusieurs redémarrages sont invalides, veuillez contacter après-vente",Motore mozzo sinistro Hall zero deriva anormale,"Riavvia il dispositivo. Se più riavvii non sono validi, contatta il servizio post-vendita.",,,Motor de cubo izquierdo Hall cero deriva anormal,"Reinicie el equipo, si varios reinicios no son válidos, comuníquese con el servicio posventa",Left hub motor hall zero drift abnormal,"Restartujte zařízení. Pokud více restartů není platné, obraťte se na poprodejní službu.",,,Ľavá hlavice motorová hala zero drift abnormálne,"Reštartovať zariadenie. Ak je viacero reštartov neplatné, kontaktujte prosím popredajnú službu.",Silnik lewej piasty Nieprawidłowy dryf Halla zero,"Uruchom ponownie urządzenie. Jeśli wiele restartów jest nieprawidłowych, skontaktuj się z działem obsługi posprzedażnej.",Linkernaafmotor Hall nul afwijking abnormaal,"Start het apparaat opnieuw op. Als meerdere herstarts ongeldig zijn, kunt u contact opnemen met de after-sales service.",Nul drift detekteret i Hall-sensoren på venstre hjulmotor,"Genstart robotten. Hvis problemet fortsætter, bedes du kontakte vores support",,,Noll drift upptäckt i Hall-sensorn på vänster hjulnavsmotor,"Starta om roboten. Om problemet kvarstår, kontakta vår kundsupport",Levo vozlišče motor dvorana nič nenormalno odmika,"Zaženi napravo. Če več ponovnih zagonov niso veljavni, se obrnite na poprodajne storitve.",,,,,,,,,,,,,,,,,,,,
356,3,common,STATE_356,1,左轮毂电机母线电流异常,Current error detected in the left wheel hub motor bus,The robot or wheel hub is stuck. Check if the robot gets stuck by obstacles and if the wheels run well,左轮毂电机母线电流异常,机器或轮毂卡住，请检查Robot是否被障碍卡住以及右前轮状态,Abnormaler Strom des linken Naben motors,"Die Maschine oder die Nabe stecken fest, überprüfen Sie, ob der Robot durch die Barriere und den Zustand des rechten Vorderrads fests teckt",Courant de jeu de barres anormal du moteur du moyeu gauche,"Machine ou moyeu coincé, veuillez vérifier si Robot est bloqué par un obstacle et l'état de la roue avant droite",Corrente anomala del motore del mozzo sinistro,"Il mozzo della macchina o della ruota è bloccato, si prega di verificare se il Robot è bloccato da ostacoli e lo stato della ruota anteriore destra",,,Corriente anormal del bus del motor del cubo izquierdo,"Máquina o cubo atascado, compruebe si Robot está atascado por obstáculos y el estado de la rueda delantera derecha",Abnormální proud zbernice levé huby motoru,"Stroj nebo kotouč je uvězněn, zkontrolujte, zda je robot uvězněn překážkami a stav pravého předního kola.",,,Abnormálny prúd zbernice ľavého motora,"Stroj alebo kolies je uviaznutý, skontrolujte, či je robot uviaznutý prekážkami a stav pravého predného kolesa",Nieprawidłowy prąd magistrali lewego silnika piasty,"Piasta maszyny lub koła utknęła, sprawdź, czy robot nie jest zablokowany przez przeszkody i czy ma status prawego przedniego koła",Abnormale busstroom van linker naafmotor,"De machine of wielnaaf zit vast, controleer of de robot vastzit door obstakels en de status van het rechter voorwiel",Aktuel fejl registreret i venstre hjulmotor,"Robotten eller hjulmotor sidder fast. Kontroller, om robotten sidder fast af forhindringer, og om hjulene kører godt",,,Strömfel upptäckts i motorbussen till vänster hjulnav,Roboten eller hjulnavet har fastnat. Kontrollera om roboten fastnar av hinder och om hjulen går bra,Neobičajni tok avtobusnega toka motorja levega vozlišča,"Naprava ali kolesa se je zataknila. prosimo preverite, ali je robot zataknil ovire in stanje desnega sprednjega kolesa",,,,,,,,,,,,,,,,,,,,
357,3,common,STATE_357,1,左轮毂电机过载警告,The left wheel hub motor is overloaded,The robot or wheel hub is stuck. Check if the robot gets stuck by obstacles and if the wheels run well,左轮毂电机过载警告,机器或轮毂卡住，请检查Robot是否被障碍卡住以及轮子状态,Warnung vor Überlastung des linken Naben motors,"Der Roboter oder Radnabe ist blockiert. Überprüfen Sie, ob der Roboter durch Hindernisse blockiert ist und ob die Räder gut laufen",Avertissement de surcharge du moteur du moyeu gauche,Le robot ou le moyeu de roue est bloqué. Vérifiez si le robot est bloqué par des obstacles et si les roues fonctionnent bien,Avviso di sovraccarico del motore del mozzo sinistro,Il robot o il mozzo della ruota è bloccato. Verificare se il robot è bloccato da ostacoli e se le ruote girano correttamente,,,Advertencia de sobrecarga del motor del cubo izquierdo,El robot o el buje de la rueda está atascado. Verifique si el robot se atasca con obstáculos y si las ruedas funcionan bien,Levá varování nad přetížením motoru,"Robot nebo náboj kola je zaseknutý. Zkontrolujte, zda je robot blokován překážkami, a zda kola dobře fungují",,,Ľavá huba motor preťaženie varovanie,"Robot alebo náboj kolesa je zaseknutý. Skontrolujte, či je robot blokovaný prekážkami, a či sa kolesá dobre otáčajú",Ostrzeżenie przed przeciążeniem silnika lewego piasty,"Robot lub piasta koła jest zablokowana. Sprawdź, czy robot jest blokowany przez przeszkody, i czy koła dobrze się obracają",Linker naaf motor overbelasting waarschuwing,"De machine of wielnaaf zit vast, controleer of de robot vastzit door obstakels en de wielstatus",Venstre hjulmotor er overbelastet,"Robotten eller hjulmotor sidder fast. Kontroller, om robotten sidder fast af forhindringer, og om hjulene kører godt",,,Vänster hjulnavsmotor är överbelastad,Roboten eller hjulnavet har fastnat. Kontrollera om roboten fastnar av hinder och om hjulen går bra,Opozorilo s preobremenitvijo motorja z levega vozlišča,"Naprava ali kolesa je zataknjena, preverite, ali je robot zataknil ovire in status kolesa",,,,,,,,,,,,,,,,,,,,
358,3,common,STATE_358,1,左轮毂电机通讯异常,Communication error detected in the left wheel hub motor,"Restart the robot. If the issue persists, please contact our after-sales support",左轮毂电机通讯异常,重启设备，若多次重启无效，请联系售后,Kommunikation störung des linken Rad motors,"Starten Sie das Gerät neu. Wenn mehrere Neustarts ungültig sind, wenden Sie sich bitte an den Kundendienst",Anomalies de communication du moteur du moyeu gauche,"Redémarrez l'appareil, si plusieurs redémarrages sont invalides, veuillez contacter après-vente",Anomalia della comunicazione del motore del mozzo sinistro,"Riavvia il dispositivo. Se più riavvii non sono validi, contatta il servizio post-vendita.",,,Comunicación anormal del motor del cubo izquierdo,"Reinicie el equipo, si varios reinicios no son válidos, comuníquese con el servicio posventa",Abnormalita komunikace s levým hlaveřem,"Restartujte zařízení. Pokud více restartů není platné, obraťte se na poprodejní službu.",,,Ľavá huba motora komunikácie abnormality,"Reštartovať zariadenie. Ak je viacero reštartov neplatné, kontaktujte prosím popredajnú službu.",Nieprawidłowość komunikacji motorycznej lewego piasty,"Uruchom ponownie urządzenie. Jeśli wiele restartów jest nieprawidłowych, skontaktuj się z działem obsługi posprzedażnej.",Left hub motorcommunicatie afwijking,"Start het apparaat opnieuw op. Als meerdere herstarts ongeldig zijn, kunt u contact opnemen met de after-sales service.",Kommunikationsfejl registreret i venstre hjulmotor,"Genstart robotten. Hvis problemet fortsætter, bedes du kontakte vores support",,,Kommunikationsfel upptäckt i vänster hjulnavsmotor,"Starta om roboten. Om problemet kvarstår, kontakta vår kundsupport",Nepravilnost motornega komunikacija,"Zaženi napravo. Če več ponovnih zagonov niso veljavni, se obrnite na poprodajne storitve.",,,,,,,,,,,,,,,,,,,,
359,3,common,STATE_359,1,左轮毂电机电压过高,The voltage of the left wheel hub motor is too high,"Restart the robot. If the issue persists, please contact our after-sales support",左轮毂电机电压过高,重启设备，若多次重启无效，请联系售后,Die Spannung des linken Rad motors ist zu hoch,"Starten Sie das Gerät neu. Wenn mehrere Neustarts ungültig sind, wenden Sie sich bitte an den Kundendienst",La tension du moteur du moyeu gauche est trop élevée,"Redémarrez l'appareil, si plusieurs redémarrages sont invalides, veuillez contacter après-vente",Tensione del motore del mozzo sinistro troppo alta,"Riavvia il dispositivo. Se più riavvii non sono validi, contatta il servizio post-vendita.",,,El voltaje del motor del cubo izquierdo es demasiado alto,"Reinicie el equipo, si varios reinicios no son válidos, comuníquese con el servicio posventa",Napětí motoru levé hlavice je příliš vysoké!,"Restartujte zařízení. Pokud více restartů není platné, obraťte se na poprodejní službu.",,,Vľavo hubu motora napätie príliš vysoké,"Reštartovať zariadenie. Ak je viacero reštartov neplatné, kontaktujte prosím popredajnú službu.",Zbyt wysokie napięcie silnika lewego piasty,"Uruchom ponownie urządzenie. Jeśli wiele restartów jest nieprawidłowych, skontaktuj się z działem obsługi posprzedażnej.",Linker naaf motorspanning te hoog,"Start het apparaat opnieuw op. Als meerdere herstarts ongeldig zijn, kunt u contact opnemen met de after-sales service.",Spændingen på venstre hjulmotor er for høj,"Genstart robotten. Hvis problemet fortsætter, bedes du kontakte vores support",,,Spänningen på vänster hjulnavsmotor är för hög,"Starta om roboten. Om problemet kvarstår, kontakta vår kundsupport",Previska motorna napetost levega vozlišča,"Zaženi napravo. Če več ponovnih zagonov niso veljavni, se obrnite na poprodajne storitve.",,,,,,,,,,,,,,,,,,,,
360,3,common,STATE_360,1,左轮毂电机电压过低,The voltage of the left wheel hub motor is too low,"Restart the robot. If the issue persists, please contact our after-sales support",左轮毂电机电压过低,重启设备，若多次重启无效，请联系售后,Die Spannung des linken Rad motors ist zu niedrig,"Starten Sie das Gerät neu. Wenn mehrere Neustarts ungültig sind, wenden Sie sich bitte an den Kundendienst",La tension du moteur du moyeu gauche est trop basse,"Redémarrez l'appareil, si plusieurs redémarrages sont invalides, veuillez contacter après-vente",Tensione del motore del mozzo sinistro bassa,"Riavvia il dispositivo. Se più riavvii non sono validi, contatta il servizio post-vendita.",,,El voltaje del motor del cubo izquierdo es demasiado bajo,"Reinicie el equipo, si varios reinicios no son válidos, comuníquese con el servicio posventa",Dolní napětí motoru,"Restartujte zařízení. Pokud více restartů není platné, obraťte se na poprodejní službu.",,,Vľavo hubu motora napätie nízke,"Reštartovať zariadenie. Ak je viacero reštartov neplatné, kontaktujte prosím popredajnú službu.",Niskie napięcie silnika lewego piasty,"Uruchom ponownie urządzenie. Jeśli wiele restartów jest nieprawidłowych, skontaktuj się z działem obsługi posprzedażnej.",Linker naaf motorspanning laag,"Start het apparaat opnieuw op. Als meerdere herstarts ongeldig zijn, kunt u contact opnemen met de after-sales service.",Spændingen på venstre hjulnavmotor er for lav,"Genstart robotten. Hvis problemet fortsætter, bedes du kontakte vores support",,,Spänningen på vänster hjulnavsmotor är för låg,"Starta om roboten. Om problemet kvarstår, kontakta vår kundsupport",Nizka motorna napetost levega vozlišča,"Zaženi napravo. Če več ponovnih zagonov niso veljavni, se obrnite na poprodajne storitve.",,,,,,,,,,,,,,,,,,,,
361,3,common,STATE_361,1,左轮毂电机转速响应超时,Timeout occurred in the speed response of the left wheel hub motor,The robot or wheel hub is stuck. Check if the robot gets stuck by obstacles and if the wheels run well,左轮毂电机转速响应超时,机器或轮毂卡住，请检查Robot是否被障碍卡住以及轮子状态,Drehzahl ansprech zeit überschreitung des linken Rad motors,"Der Roboter oder Radnabe ist blockiert. Überprüfen Sie, ob der Roboter durch Hindernisse blockiert ist und ob die Räder gut laufen",Le moteur du moyeu gauche répond au délai d'attente,Le robot ou le moyeu de roue est bloqué. Vérifiez si le robot est bloqué par des obstacles et si les roues fonctionnent bien,Timeout di risposta della velocità del motore del mozzo sinistro,Il robot o il mozzo della ruota è bloccato. Verificare se il robot è bloccato da ostacoli e se le ruote girano correttamente,,,El motor del cubo izquierdo responde al tiempo de espera,El robot o el buje de la rueda está atascado. Verifique si el robot se atasca con obstáculos y si las ruedas funcionan bien,Levá rychlost rychlosti motoru,"Robot nebo náboj kola je zaseknutý. Zkontrolujte, zda je robot blokován překážkami, a zda kola dobře fungují",,,Levá hlavice motora rýchlosť odozvy časový limit,"Robot alebo náboj kolesa je zaseknutý. Skontrolujte, či je robot blokovaný prekážkami, a či sa kolesá dobre otáčajú",Udział czasu reakcji na prędkość silnika lewego piasty,"Robot lub piasta koła jest zablokowana. Sprawdź, czy robot jest blokowany przez przeszkody, i czy koła dobrze się obracają",Time-out voor de reactiesnelheid van de linkernaaf,"De machine of wielnaaf zit vast, controleer of de robot vastzit door obstakels en de wielstatus",Timeout opstod i hastighedsresponsen for venstre hjulmotor,"Robotten eller hjulmotor sidder fast. Kontroller, om robotten sidder fast af forhindringer, og om hjulene kører godt",,,Timeout inträffade i hastighetsresponsen för den vänstra hjulnavsmotorn,Roboten eller hjulnavet har fastnat. Kontrollera om roboten fastnar av hinder och om hjulen går bra,Časovni odziv hitrosti motorja levega vozlišča,"Naprava ali kolesa je zataknjena, preverite, ali je robot zataknil ovire in status kolesa",,,,,,,,,,,,,,,,,,,,
362,3,common,STATE_362,3,,Overcurrent detected in the left wheel hub drive,"Restart the robot. If the issue persists, contact the after-sales support",左轮毂驱动过流,请重启Robot，若多次重启无效，请联系售后,Überstrom im linken Radnabenantrieb erkannt,"Starten Sie den Roboter neu. Wenn das Problem weiterhin besteht, wenden Sie sich an den Kundendienst",Surintensité détectée dans l'entraînement du moyeu gauche,"Redémarrez le robot. Si le problème persiste, veuillez contacter le support après - vente",,,,,,,,,,,,,,,,,,,,,,,,,,,,,,,,,,,,,,,,,,,,
363,3,common,STATE_363,1,左轮毂电机相电流过流,The left wheel hub motor experienced phase overcurrent,The robot or wheel hub is stuck. Check if the robot gets stuck by obstacles and if the wheels run well,左轮毂电机相电流过流,机器或轮毂卡住，请检查Robot是否被障碍卡住以及轮子状态,Phasen strom übers trom des linken Rad motors,"Der Roboter oder Radnabe ist blockiert. Überprüfen Sie, ob der Roboter durch Hindernisse blockiert ist und ob die Räder gut laufen",Courant de phase du moteur du moyeu gauche,Le robot ou le moyeu de roue est bloqué. Vérifiez si le robot est bloqué par des obstacles et si les roues fonctionnent bien,Sovrorrente corrente di fase del motore del mozzo sinistro,Il robot o il mozzo della ruota è bloccato. Verificare se il robot è bloccato da ostacoli e se le ruote girano correttamente,,,Sobrecorriente de fase del motor del cubo izquierdo,El robot o el buje de la rueda está atascado. Verifique si el robot se atasca con obstáculos y si las ruedas funcionan bien,Levá hubová motorová fáze prúdu,"Robot nebo náboj kola je zaseknutý. Zkontrolujte, zda je robot blokován překážkami, a zda kola dobře fungují",,,Ľavý hub motora fázový prúd nadprúd,"Robot alebo náboj kolesa je zaseknutý. Skontrolujte, či je robot blokovaný prekážkami, a či sa kolesá dobre otáčajú",Nadprądowy prąd fazowy silnika lewego piasty,"Robot lub piasta koła jest zablokowana. Sprawdź, czy robot jest blokowany przez przeszkody, i czy koła dobrze się obracają",Linker hub motorfase stroom overstroom,"De machine of wielnaaf zit vast, controleer of de robot vastzit door obstakels en de wielstatus",Venstre hjulmotor oplevede faseoverstrøm,"Robotten eller hjulmotor sidder fast. Kontroller, om robotten sidder fast af forhindringer, og om hjulene kører godt",,,Den vänstra hjulnavsmotorn upplevde fasöverström,Roboten eller hjulnavet har fastnat. Kontrollera om roboten fastnar av hinder och om hjulen går bra,Trenutni tok levih motornih fazah,"Naprava ali kolesa je zataknjena, preverite, ali je robot zataknil ovire in status kolesa",,,,,,,,,,,,,,,,,,,,
366,3,common,STATE_366,1,左轮毂电机温度过高,The left wheel hub motor is overheating,The robot will come back to normal once the motor temperature decreases. This may take several minutes.,左轮毂电机温度过高,温度下降后设备将恢复正常，该过程可能需要几分钟,Die Temperatur des linken Rad motors ist zu hoch,Das Gerät wird nach einem Temperatur abfall wieder normal und der Vorgang kann einige Minuten dauern,La température du moteur du moyeu gauche est trop élevée,"L'équipement reviendra à la normale après la baisse de température, le processus peut prendre quelques minutes",Temperatura del motore del mozzo sinistro troppo alta,Il dispositivo tornerà alla normalità dopo che la temperatura scende e il processo potrebbe richiedere alcuni minuti,,,La temperatura del motor del cubo izquierdo es demasiado alta,"El equipo volverá a la normalidad después de que baje la temperatura, el proceso puede tardar varios minutos",Levá hubová teplota motoru příliš vysoká,Zařízení se vrátí k normálu po poklesu teploty a proces může trvat několik minut.,,,Ľavá huba motora teplota príliš vysoká,Zariadenie sa vráti do normálu po poklese teploty a proces môže trvať niekoľko minút,Zbyt wysoka temperatura silnika lewej piasty,"Urządzenie powróci do normy po spadku temperatury, a proces może potrwać kilka minut",Left hub motor temperatuur te hoog,Het apparaat keert terug naar normaal nadat de temperatuur daalt en het proces kan enkele minuten duren,Venstre hjulmotor er overophedet,"Robotten vender tilbage til normal, når motortemperaturen falder. Dette kan tage flere minutter.",,,Vänster hjulnavsmotor överhettas,Roboten kommer att återgå till det normala när motortemperaturen sjunker. Det här kan ta flera minuter.,Previska temperatura motorja levega vozlišča,"Naprava se bo po padcu temperature vrnila v normalno stanje, proces pa lahko traja nekaj minut.",,,,,,,,,,,,,,,,,,,,
367,3,common,STATE_367,1,左轮毂电机温度传感器异常,Error detected in the temperature sensor of the left wheel hub motor,"Restart the robot. If the issue persists, please contact our after-sales support",左轮毂电机温度传感器异常,重启设备，若多次重启无效，请联系售后,Abnormal ität des Temperatur sensors des linken Rad motors,"Starten Sie das Gerät neu. Wenn mehrere Neustarts ungültig sind, wenden Sie sich bitte an den Kundendienst",Capteur de température anormal du moteur du moyeu gauche,"Redémarrez l'appareil, si plusieurs redémarrages sont invalides, veuillez contacter après-vente",Sensore di temperatura del motore del mozzo della ruota sinistra anormale,"Riavvia il dispositivo. Se più riavvii non sono validi, contatta il servizio post-vendita.",,,El sensor de temperatura del motor del cubo izquierdo es anormal,"Reinicie el equipo, si varios reinicios no son válidos, comuníquese con el servicio posventa",Nenormální senzor teploty motoru levé kolečko,"Restartujte zařízení. Pokud více restartů není platné, obraťte se na poprodejní službu.",,,Ľavé koleso hub motora teplota senzor abnormálne,"Reštartovať zariadenie. Ak je viacero reštartov neplatné, kontaktujte prosím popredajnú službu.",Nieprawidłowy czujnik temperatury silnika piasty lewego koła,"Uruchom ponownie urządzenie. Jeśli wiele restartów jest nieprawidłowych, skontaktuj się z działem obsługi posprzedażnej.",Linkerwielnaaf motortemperatuursensor abnormaal,"Start het apparaat opnieuw op. Als meerdere herstarts ongeldig zijn, kunt u contact opnemen met de after-sales service.",Fejl registreret i temperatursensoren på venstre hjulmotor,"Genstart robotten. Hvis problemet fortsætter, bedes du kontakte vores support",,,Fel upptäckt i temperatursensorn på vänster hjulnavsmotor,"Starta om roboten. Om problemet kvarstår, kontakta vår kundsupport",Neobičajni motorni temperaturni senzor levi kolesa,"Zaženi napravo. Če več ponovnih zagonov niso veljavni, se obrnite na poprodajne storitve.",,,,,,,,,,,,,,,,,,,,
368,3,common,STATE_368,1,左轮毂电机MOS温度过高,The temperature of the left wheel hub motor MOS is too high,The robot will come back to normal once the motor temperature decreases. This may take several minutes.,左轮毂电机MOS温度过高,温度下降后设备将恢复正常，该过程可能需要几分钟,Linke Radnabe Motor MOS Temperatur zu hoch,Das Gerät wird nach einem Temperatur abfall wieder normal und der Vorgang kann einige Minuten dauern,La température du moteur MOS du moyeu gauche est trop élevée,"L'équipement reviendra à la normale après la baisse de température, le processus peut prendre quelques minutes",Motore mozzo ruota sinistra temperatura MOS troppo alta,Il dispositivo tornerà alla normalità dopo che la temperatura scende e il processo potrebbe richiedere alcuni minuti,,,La temperatura del motor del cubo izquierdo MOS es demasiado alta,"El equipo volverá a la normalidad después de que baje la temperatura, el proceso puede tardar varios minutos",Levé kolo hub motor mos teplota příliš vysoká,Zařízení se vrátí k normálu po poklesu teploty a proces může trvat několik minut.,,,Ľavé koleso hubu motor mos teplota príliš vysoká,Zariadenie sa vráti do normálu po poklese teploty a proces môže trvať niekoľko minút,Zbyt wysoka temperatura MOS silnika piasty lewego koła,"Urządzenie powróci do normy po spadku temperatury, a proces może potrwać kilka minut",Linkerwielnaafmotor MOS temperatuur te hoog,Het apparaat keert terug naar normaal nadat de temperatuur daalt en het proces kan enkele minuten duren,Temperaturen på venstre hjulmotor MOS er for høj,"Robotten vender tilbage til normal, når motortemperaturen falder. Dette kan tage flere minutter.",,,Temperaturen på vänster hjulnavsmotor MOS är för hög,Roboten kommer att återgå till det normala när motortemperaturen sjunker. Det här kan ta flera minuter.,Temperatura levo kolesa motorja MOS previsoka,"Naprava se bo po padcu temperature vrnila v normalno stanje, proces pa lahko traja nekaj minut.",,,,,,,,,,,,,,,,,,,,
369,3,common,STATE_369,1,左轮毂电机MOS温度过低,The temperature of the left wheel hub motor MOS is too low,The ambient temperature is too low. Recommended to operate the robot above -10°C.,左轮毂电机MOS温度过低,环境温度过低，建议让Robot在高于-10摄氏度的作业环境下作业,Linke Radnabe Motor MOS Temperatur zu niedrig,"Die Umgebungs temperatur ist zu niedrig. Es wird empfohlen, Robot in einer Arbeits umgebung über-10 Grad Celsius arbeiten zu lassen",La température du moteur MOS du moyeu gauche est trop basse,"La température ambiante est trop basse, il est recommandé de laisser Robot travailler dans un environnement d'exploitation supérieur à-10 degrés Celsius",Motore mozzo ruota sinistra temperatura MOS troppo bassa,"La temperatura ambiente è troppo bassa, si consiglia al Robot di lavorare in un ambiente operativo superiore a-10 gradi Celsius.",,,La temperatura del motor del cubo izquierdo MOS es demasiado baja,"La temperatura ambiente es demasiado baja, se recomienda dejar que Robot trabaje en un entorno de trabajo superior a-10 grados Celsius",Levé kolo hub motor mos teplota příliš nízká,"Okolní teplota je příliš nízká, doporučuje se, aby robot pracoval v pracovním prostředí nad-10 stupňů celsia.",,,Ľavé koleso hubu motor mos teplota príliš nízka,"Teplota okolia je príliš nízka, odporúča sa, aby robot pracoval v pracovnom prostredí nad-10 stupňov celzia.",Zbyt niska temperatura MOS silnika piasty lewego koła,"Temperatura otoczenia jest zbyt niska, zaleca się, aby robot pracował w środowisku operacyjnym powyżej-10 stopni Celsjusza.",Linkerwielnaafmotor MOS temperatuur te laag,"De omgevingstemperatuur is te laag, het wordt aanbevolen dat de Robot werkt in een werkomgeving boven-10 graden Celsius.",Temperaturen på venstre hjulmotor MOS er for lav,Omgivelsestemperaturen er for lav. Anbefales til at betjene robotten over -10 °C.,,,Temperaturen på vänster hjulnavsmotor MOS är för låg,Den omgivande temperaturen är för låg. Rekommenderas för att använda roboten över -10°C.,Temperatura levo kolesa motorja MOS prenizka,"Temperatura okolja je prenizka, priporočljivo je, da robot deluje v operacijskem okolju nad -10 stopinj Celzija.",,,,,,,,,,,,,,,,,,,,
377,3,common,STATE_377,3,左后轮毂电机响应超时,The left rear hub motor response timed out,"Restart the robot. If the issue persists, contact the after-sales support",左后轮毂电机响应超时,请重启Robot，若多次重启无效，请联系售后,Das Ansprechverhalten des linken Hinterradmotors ist abgelaufen,"Starten Sie den Roboter neu. Wenn das Problem weiterhin besteht, wenden Sie sich an den Kundendienst",Moteur de moyeu arrière gauche répond Timeout,"Redémarrez le robot. Si le problème persiste, veuillez contacter le support après - vente",,,,,,,,,,,,,,,,,,,,,,,,,,,,,,,,,,,,,,,,,,,,
382,3,common,STATE_382,1,右轮毂电机堵转,The right wheel hub motor has stalled,The robot or wheel hub is stuck. Check if the robot gets stuck by obstacles and if the wheels run well,右轮毂电机堵转,机器或轮毂卡住，请检查Robot是否被障碍卡住以及轮子状态,Der rechte Rad motor blockiert,"Der Roboter oder Radnabe ist blockiert. Überprüfen Sie, ob der Roboter durch Hindernisse blockiert ist und ob die Räder gut laufen",Blocage du moteur du moyeu droit,Le robot ou le moyeu de roue est bloqué. Vérifiez si le robot est bloqué par des obstacles et si les roues fonctionnent bien,Motore del mozzo destro bloccato-rotore,Il robot o il mozzo della ruota è bloccato. Verificare se il robot è bloccato da ostacoli e se le ruote girano correttamente,,,Bloqueo del motor del cubo derecho,El robot o el buje de la rueda está atascado. Verifique si el robot se atasca con obstáculos y si las ruedas funcionan bien,Vpravo uzel motoru zamčený-rotor,"Robot nebo náboj kola je zaseknutý. Zkontrolujte, zda je robot blokován překážkami, a zda kola dobře fungují",,,Pravý hub motora uzamknutý-rotor,"Robot alebo náboj kolesa je zaseknutý. Skontrolujte, či je robot blokovaný prekážkami, a či sa kolesá dobre otáčajú",Silnik prawego piasty zablokowany-wirnik,"Robot lub piasta koła jest zablokowana. Sprawdź, czy robot jest blokowany przez przeszkody, i czy koła dobrze się obracają",Juiste naafmotor vergrendelde rotor,"De machine of wielnaaf zit vast, controleer of de robot vastzit door obstakels en de wielstatus",Den højre hjulmotor er gået i stå,"Robotten eller hjulmotor sidder fast. Kontroller, om robotten sidder fast af forhindringer, og om hjulene kører godt",,,Höger hjulnavsmotor har stannat,Roboten eller hjulnavet har fastnat. Kontrollera om roboten fastnar av hinder och om hjulen går bra,Zaklenjeni motor z desnim vozliščem motorja z zaklenjenim rotacijo,"Naprava ali kolesa je zataknjena, preverite, ali je robot zataknil ovire in status kolesa",,,,,,,,,,,,,,,,,,,,
383,3,common,STATE_383,1,右轮毂电机过载,The right wheel hub motor is overloaded,The robot or wheel hub is stuck. Check if the robot gets stuck by obstacles and if the wheels run well,右轮毂电机过载,机器或轮毂卡住，请检查Robot是否被障碍卡住以及轮子状态,Überlast des rechten Rad motors,"Der Roboter oder Radnabe ist blockiert. Überprüfen Sie, ob der Roboter durch Hindernisse blockiert ist und ob die Räder gut laufen",Le moteur du moyeu droit est surchargé,Le robot ou le moyeu de roue est bloqué. Vérifiez si le robot est bloqué par des obstacles et si les roues fonctionnent bien,Sovraccarico del motore del mozzo destro,Il robot o il mozzo della ruota è bloccato. Verificare se il robot è bloccato da ostacoli e se le ruote girano correttamente,,,El motor del cubo derecho está sobrecargado,El robot o el buje de la rueda está atascado. Verifique si el robot se atasca con obstáculos y si las ruedas funcionan bien,Přetížení motoru pravého hubu,"Robot nebo náboj kola je zaseknutý. Zkontrolujte, zda je robot blokován překážkami, a zda kola dobře fungují",,,Pravé preťaženie motora,"Robot alebo náboj kolesa je zaseknutý. Skontrolujte, či je robot blokovaný prekážkami, a či sa kolesá dobre otáčajú",Przeciążenie silnika prawego piasty,"Robot lub piasta koła jest zablokowana. Sprawdź, czy robot jest blokowany przez przeszkody, i czy koła dobrze się obracają",Juiste naaf motor overbelasting,"De machine of wielnaaf zit vast, controleer of de robot vastzit door obstakels en de wielstatus",Den højre hjulmotor er overbelastet,"Robotten eller hjulmotor sidder fast. Kontroller, om robotten sidder fast af forhindringer, og om hjulene kører godt",,,Höger hjulnavsmotor är överbelastad,Roboten eller hjulnavet har fastnat. Kontrollera om roboten fastnar av hinder och om hjulen går bra,Preobremenitev motorja na desni vozlišču,"Naprava ali kolesa je zataknjena, preverite, ali je robot zataknil ovire in status kolesa",,,,,,,,,,,,,,,,,,,,
384,3,common,STATE_384,1,右轮毂电机缺相,Phase loss detected in the right wheel hub motor,"Restart the robot. If the issue persists, please contact our after-sales support",右轮毂电机缺相,重启设备，若多次重启无效，请联系售后,Fehlende Phase des rechten Rad motors,"Starten Sie das Gerät neu. Wenn mehrere Neustarts ungültig sind, wenden Sie sich bitte an den Kundendienst",Manque de phase du moteur du moyeu droit,"Redémarrez l'appareil, si plusieurs redémarrages sont invalides, veuillez contacter après-vente",Perdita di fase del motore del mozzo destro,"Riavvia il dispositivo. Se più riavvii non sono validi, contatta il servizio post-vendita.",,,Falta de fase del motor del cubo derecho,"Reinicie el equipo, si varios reinicios no son válidos, comuníquese con el servicio posventa",Fáze ztráty pravého hubu motoru,"Restartujte zařízení. Pokud více restartů není platné, obraťte se na poprodejní službu.",,,Fáza strata pravého hubu motora,"Reštartovať zariadenie. Ak je viacero reštartov neplatné, kontaktujte prosím popredajnú službu.",Utrata fazy prawego silnika piasty,"Uruchom ponownie urządzenie. Jeśli wiele restartów jest nieprawidłowych, skontaktuj się z działem obsługi posprzedażnej.",Faseverlies van de rechternaafmotor,"Start het apparaat opnieuw op. Als meerdere herstarts ongeldig zijn, kunt u contact opnemen met de after-sales service.",Fasetab detekteret i højre hjulmotor,"Genstart robotten. Hvis problemet fortsætter, bedes du kontakte vores support",,,Fasförlust upptäckt i höger hjulnavsmotor,"Starta om roboten. Om problemet kvarstår, kontakta vår kundsupport",Fazni izguba desnega vozlišča motorja vozila,"Zaženi napravo. Če več ponovnih zagonov niso veljavni, se obrnite na poprodajne storitve.",,,,,,,,,,,,,,,,,,,,
385,3,common,STATE_385,1,右轮毂电机电流不平衡,Current unbalance detected in the right wheel hub motor,"Restart the robot. If the issue persists, please contact our after-sales support",右轮毂电机电流不平衡,重启设备，若多次重启无效，请联系售后,Strom ungleich gewicht des rechten Rad motors,"Starten Sie das Gerät neu. Wenn mehrere Neustarts ungültig sind, wenden Sie sich bitte an den Kundendienst",Déséquilibre du courant du moteur du moyeu droit,"Redémarrez l'appareil, si plusieurs redémarrages sont invalides, veuillez contacter après-vente",Squilibrio di corrente del motore del mozzo destro,"Riavvia il dispositivo. Se più riavvii non sono validi, contatta il servizio post-vendita.",,,Desequilibrio de corriente del motor del cubo derecho,"Reinicie el equipo, si varios reinicios no son válidos, comuníquese con el servicio posventa",Správná nerovnováha prúdu motoru,"Restartujte zařízení. Pokud více restartů není platné, obraťte se na poprodejní službu.",,,Pravá huba motor prúdovej nerovnováhy,"Reštartovať zariadenie. Ak je viacero reštartov neplatné, kontaktujte prosím popredajnú službu.",Brak równowagi prądowej silnika prawego piasty,"Uruchom ponownie urządzenie. Jeśli wiele restartów jest nieprawidłowych, skontaktuj się z działem obsługi posprzedażnej.",Rechterhub motorstroom onbalans,"Start het apparaat opnieuw op. Als meerdere herstarts ongeldig zijn, kunt u contact opnemen met de after-sales service.",Strømubalance registreret i højre hjulmotor,"Genstart robotten. Hvis problemet fortsætter, bedes du kontakte vores support",,,Aktuell obalans upptäckt i höger hjulnavsmotor,"Starta om roboten. Om problemet kvarstår, kontakta vår kundsupport",Neravnovesje desnega motornega vozila,"Zaženi napravo. Če več ponovnih zagonov niso veljavni, se obrnite na poprodajne storitve.",,,,,,,,,,,,,,,,,,,,
386,3,common,STATE_386,1,右轮毂电机霍尔异常,Error detected in the Hall sensor of the right wheel hub motor,"Restart the robot. If the issue persists, please contact our after-sales support",右轮毂电机霍尔异常,重启设备，若多次重启无效，请联系售后,Hall-Anomalie des rechten Radnabe-Motors,"Starten Sie das Gerät neu. Wenn mehrere Neustarts ungültig sind, wenden Sie sich bitte an den Kundendienst",Moteur Hall anormal du moyeu droit,"Redémarrez l'appareil, si plusieurs redémarrages sont invalides, veuillez contacter après-vente",Corridoio del motore del mozzo destro anormale,"Riavvia il dispositivo. Se più riavvii non sono validi, contatta il servizio post-vendita.",,,Anomalía del motor del cubo derecho Hall,"Reinicie el equipo, si varios reinicios no son válidos, comuníquese con el servicio posventa",Vpravo hub motor hall abnormální,"Restartujte zařízení. Pokud více restartů není platné, obraťte se na poprodejní službu.",,,Pravá huba motorová hala abnormálne,"Reštartovať zariadenie. Ak je viacero reštartov neplatné, kontaktujte prosím popredajnú službu.",Silnik prawego piasty Hall nienormalny,"Uruchom ponownie urządzenie. Jeśli wiele restartów jest nieprawidłowych, skontaktuj się z działem obsługi posprzedażnej.",Juiste naafmotor Hall abnormaal,"Start het apparaat opnieuw op. Als meerdere herstarts ongeldig zijn, kunt u contact opnemen met de after-sales service.",Fejl registreret i Hall-sensoren på højre hjulmotor,"Genstart robotten. Hvis problemet fortsætter, bedes du kontakte vores support",,,Fel upptäckt i Hall-sensorn på höger hjulnavsmotor,"Starta om roboten. Om problemet kvarstår, kontakta vår kundsupport",Desni vozlišče motor Hall nenormalno,"Zaženi napravo. Če več ponovnih zagonov niso veljavni, se obrnite na poprodajne storitve.",,,,,,,,,,,,,,,,,,,,
387,3,common,STATE_387,1,左轮毂电机霍尔零漂异常,Zero drift detected in the Hall sensor of the left wheel hub motor,"Restart the robot. If the issue persists, please contact our after-sales support",左轮毂电机霍尔零漂异常,重启设备，若多次重启无效，请联系售后,Hol Zero Drift abnormal des linken Radnaben motors,"Starten Sie das Gerät neu. Wenn mehrere Neustarts ungültig sind, wenden Sie sich bitte an den Kundendienst",Anomalie de dérive zéro du moteur du moyeu gauche,"Redémarrez l'appareil, si plusieurs redémarrages sont invalides, veuillez contacter après-vente",Motore mozzo sinistro Hall zero deriva anormale,"Riavvia il dispositivo. Se più riavvii non sono validi, contatta il servizio post-vendita.",,,Motor de cubo izquierdo Hall cero deriva anormal,"Reinicie el equipo, si varios reinicios no son válidos, comuníquese con el servicio posventa",Left hub motor hall zero drift abnormal,"Restartujte zařízení. Pokud více restartů není platné, obraťte se na poprodejní službu.",,,Ľavá hlavice motorová hala zero drift abnormálne,"Reštartovať zariadenie. Ak je viacero reštartov neplatné, kontaktujte prosím popredajnú službu.",Silnik lewej piasty Nieprawidłowy dryf Halla zero,"Uruchom ponownie urządzenie. Jeśli wiele restartów jest nieprawidłowych, skontaktuj się z działem obsługi posprzedażnej.",Linkernaafmotor Hall nul afwijking abnormaal,"Start het apparaat opnieuw op. Als meerdere herstarts ongeldig zijn, kunt u contact opnemen met de after-sales service.",Nul drift detekteret i Hall-sensoren på venstre hjulmotor,"Genstart robotten. Hvis problemet fortsætter, bedes du kontakte vores support",,,Noll drift upptäckt i Hall-sensorn på vänster hjulnavsmotor,"Starta om roboten. Om problemet kvarstår, kontakta vår kundsupport",Levo vozlišče motor dvorana nič nenormalno odmika,"Zaženi napravo. Če več ponovnih zagonov niso veljavni, se obrnite na poprodajne storitve.",,,,,,,,,,,,,,,,,,,,
388,3,common,STATE_388,1,右轮毂电机母线电流异常,Current error detected in the left wheel hub motor bus,The robot or wheel hub is stuck. Check if the robot gets stuck by obstacles and if the wheels run well,右轮毂电机母线电流异常,机器或轮毂卡住，请检查Robot是否被障碍卡住以及轮子状态,Abnormaler Strom des rechten Radnaben motors,"Der Roboter oder Radnabe ist blockiert. Überprüfen Sie, ob der Roboter durch Hindernisse blockiert ist und ob die Räder gut laufen",Courant de jeu de barres anormal du moteur du moyeu droit,Le robot ou le moyeu de roue est bloqué. Vérifiez si le robot est bloqué par des obstacles et si les roues fonctionnent bien,Corrente anomala del motore del mozzo destro,Il robot o il mozzo della ruota è bloccato. Verificare se il robot è bloccato da ostacoli e se le ruote girano correttamente,,,Corriente anormal del bus del motor del cubo derecho,El robot o el buje de la rueda está atascado. Verifique si el robot se atasca con obstáculos y si las ruedas funcionan bien,Abnormální proud zbernice pravého motoru hubů.,"Robot nebo náboj kola je zaseknutý. Zkontrolujte, zda je robot blokován překážkami, a zda kola dobře fungují",,,Abnormálny prúd zbernice pravého motora,"Robot alebo náboj kolesa je zaseknutý. Skontrolujte, či je robot blokovaný prekážkami, a či sa kolesá dobre otáčajú",Nieprawidłowy prąd magistrali prawego silnika piasty,"Robot lub piasta koła jest zablokowana. Sprawdź, czy robot jest blokowany przez przeszkody, i czy koła dobrze się obracają",Abnormale busstroom van de juiste naafmotor,"De machine of wielnaaf zit vast, controleer of de robot vastzit door obstakels en de wielstatus",Aktuel fejl registreret i venstre hjulmotor,"Robotten eller hjulmotor sidder fast. Kontroller, om robotten sidder fast af forhindringer, og om hjulene kører godt",,,Strömfel upptäckts i motorbussen till vänster hjulnav,Roboten eller hjulnavet har fastnat. Kontrollera om roboten fastnar av hinder och om hjulen går bra,Neobičajni tok desnega vozila,"Naprava ali kolesa je zataknjena, preverite, ali je robot zataknil ovire in status kolesa",,,,,,,,,,,,,,,,,,,,
389,3,common,STATE_389,1,右轮毂电机过载警告,The right wheel hub motor is overloaded,The robot or wheel hub is stuck. Check if the robot gets stuck by obstacles and if the wheels run well,右轮毂电机过载警告,机器或轮毂卡住，请检查Robot是否被障碍卡住以及轮子状态,Warnung vor Überlastung des rechten Rad motors,"Der Roboter oder Radnabe ist blockiert. Überprüfen Sie, ob der Roboter durch Hindernisse blockiert ist und ob die Räder gut laufen",Avertissement de surcharge du moteur du moyeu droit,Le robot ou le moyeu de roue est bloqué. Vérifiez si le robot est bloqué par des obstacles et si les roues fonctionnent bien,Avviso di sovraccarico del motore del mozzo destro,Il robot o il mozzo della ruota è bloccato. Verificare se il robot è bloccato da ostacoli e se le ruote girano correttamente,,,Advertencia de sobrecarga del motor del cubo derecho,El robot o el buje de la rueda está atascado. Verifique si el robot se atasca con obstáculos y si las ruedas funcionan bien,Pravé varování nad přetížením motoru,"Robot nebo náboj kola je zaseknutý. Zkontrolujte, zda je robot blokován překážkami, a zda kola dobře fungují",,,Pravé hubu motora preťaženie varovanie,"Robot alebo náboj kolesa je zaseknutý. Skontrolujte, či je robot blokovaný prekážkami, a či sa kolesá dobre otáčajú",Ostrzeżenie o przeciążeniu silnika prawego piasty,"Robot lub piasta koła jest zablokowana. Sprawdź, czy robot jest blokowany przez przeszkody, i czy koła dobrze się obracają",Juiste naaf motor overbelasting waarschuwing,"De machine of wielnaaf zit vast, controleer of de robot vastzit door obstakels en de wielstatus",Den højre hjulmotor er overbelastet,"Robotten eller hjulmotor sidder fast. Kontroller, om robotten sidder fast af forhindringer, og om hjulene kører godt",,,Höger hjulnavsmotor är överbelastad,Roboten eller hjulnavet har fastnat. Kontrollera om roboten fastnar av hinder och om hjulen går bra,Opozorilo za preobremenitev motorja na desnem vozilu,"Naprava ali kolesa je zataknjena, preverite, ali je robot zataknil ovire in status kolesa",,,,,,,,,,,,,,,,,,,,
390,3,common,STATE_390,1,右轮毂电机通讯异常,Communication error detected in the right wheel hub motor,"Restart the robot. If the issue persists, please contact our after-sales support",右轮毂电机通讯异常,重启设备，若多次重启无效，请联系售后,Kommunikation störung des rechten Rad motors,"Starten Sie das Gerät neu. Wenn mehrere Neustarts ungültig sind, wenden Sie sich bitte an den Kundendienst",Anomalies de communication du moteur du moyeu droit,"Redémarrez l'appareil, si plusieurs redémarrages sont invalides, veuillez contacter après-vente",Anomalia della comunicazione del motore del mozzo destro,"Riavvia il dispositivo. Se più riavvii non sono validi, contatta il servizio post-vendita.",,,Comunicación anormal del motor del cubo derecho,"Reinicie el equipo, si varios reinicios no son válidos, comuníquese con el servicio posventa",Abnormalita komunikace motoru vpravo,"Restartujte zařízení. Pokud více restartů není platné, obraťte se na poprodejní službu.",,,Pravý hub motora komunikácie abnormality,"Reštartovať zariadenie. Ak je viacero reštartov neplatné, kontaktujte prosím popredajnú službu.",Nieprawidłowość komunikacji motorycznej prawego piasty,"Uruchom ponownie urządzenie. Jeśli wiele restartów jest nieprawidłowych, skontaktuj się z działem obsługi posprzedażnej.",Juiste hub motorcommunicatie afwijking,"Start het apparaat opnieuw op. Als meerdere herstarts ongeldig zijn, kunt u contact opnemen met de after-sales service.",Kommunikationsfejl registreret i højre hjulmotor,"Genstart robotten. Hvis problemet fortsætter, bedes du kontakte vores support",,,Kommunikationsfel upptäckts i höger hjulnavsmotor,"Starta om roboten. Om problemet kvarstår, kontakta vår kundsupport",Nepravilnost motornega komunikacije,"Zaženi napravo. Če več ponovnih zagonov niso veljavni, se obrnite na poprodajne storitve.",,,,,,,,,,,,,,,,,,,,
391,3,common,STATE_391,1,右轮毂电机电压过高,The voltage of the right wheel hub motor is too high,"Restart the robot. If the issue persists, please contact our after-sales support",右轮毂电机电压过高,重启设备，若多次重启无效，请联系售后,Die Spannung des rechten Rad motors ist zu hoch,"Starten Sie das Gerät neu. Wenn mehrere Neustarts ungültig sind, wenden Sie sich bitte an den Kundendienst",La tension du moteur du moyeu droit est trop élevée,"Redémarrez l'appareil, si plusieurs redémarrages sont invalides, veuillez contacter après-vente",Tensione del motore del mozzo destro troppo alta,"Riavvia il dispositivo. Se più riavvii non sono validi, contatta il servizio post-vendita.",,,El voltaje del motor del cubo derecho es demasiado alto,"Reinicie el equipo, si varios reinicios no son válidos, comuníquese con el servicio posventa",Napětí motoru napětí v pravém hlavě příliš vysoké,"Restartujte zařízení. Pokud více restartů není platné, obraťte se na poprodejní službu.",,,Pravé napätie motora hubu príliš vysoké,"Reštartovať zariadenie. Ak je viacero reštartov neplatné, kontaktujte prosím popredajnú službu.",Zbyt wysokie napięcie silnika prawego piasty,"Uruchom ponownie urządzenie. Jeśli wiele restartów jest nieprawidłowych, skontaktuj się z działem obsługi posprzedażnej.",Rechterhub motorspanning te hoog,"Start het apparaat opnieuw op. Als meerdere herstarts ongeldig zijn, kunt u contact opnemen met de after-sales service.",Spændingen på højre hjulmotor er for høj,"Genstart robotten. Hvis problemet fortsætter, bedes du kontakte vores support",,,Spänningen på höger hjulnavsmotor är för hög,"Starta om roboten. Om problemet kvarstår, kontakta vår kundsupport",Desna motorna napetost previsoka,"Zaženi napravo. Če več ponovnih zagonov niso veljavni, se obrnite na poprodajne storitve.",,,,,,,,,,,,,,,,,,,,
392,3,common,STATE_392,1,右轮毂电机电压过低,The voltage of the right wheel hub motor is too low,"Restart the robot. If the issue persists, please contact our after-sales support",右轮毂电机电压过低,重启设备，若多次重启无效，请联系售后,Die Spannung des rechten Rad motors ist zu niedrig,"Starten Sie das Gerät neu. Wenn mehrere Neustarts ungültig sind, wenden Sie sich bitte an den Kundendienst",La tension du moteur du moyeu droit est trop basse,"Redémarrez l'appareil, si plusieurs redémarrages sont invalides, veuillez contacter après-vente",Tensione del motore del mozzo destro bassa,"Riavvia il dispositivo. Se più riavvii non sono validi, contatta il servizio post-vendita.",,,El voltaje del motor del cubo derecho es demasiado bajo,"Reinicie el equipo, si varios reinicios no son válidos, comuníquese con el servicio posventa",Napětí motoru vpravo,"Restartujte zařízení. Pokud více restartů není platné, obraťte se na poprodejní službu.",,,Vpravo hubu motora napätie nízke,"Reštartovať zariadenie. Ak je viacero reštartov neplatné, kontaktujte prosím popredajnú službu.",Niskie napięcie silnika prawego piasty,"Uruchom ponownie urządzenie. Jeśli wiele restartów jest nieprawidłowych, skontaktuj się z działem obsługi posprzedażnej.",Juiste naaf motorspanning laag,"Start het apparaat opnieuw op. Als meerdere herstarts ongeldig zijn, kunt u contact opnemen met de after-sales service.",Spændingen på højre hjulmotor er for lav,"Genstart robotten. Hvis problemet fortsætter, bedes du kontakte vores support",Напон мотора десног точка је превише низак,"Поново покрените робота. Ако проблем и даље постоји, контактирајте нашу подршку након продаје",Spänningen på höger hjulnavsmotor är för låg,"Starta om roboten. Om problemet kvarstår, kontakta vår kundsupport",Nizka desna motorna napetosti,"Zaženi napravo. Če več ponovnih zagonov niso veljavni, se obrnite na poprodajne storitve.",A tensão do motor da roda direita está muito baixa,"Reinicie o robô. Se o problema persistir, contate nosso suporte pós-venda",A jobb kerékhajtómotor feszültsége túl alacsony,"Indítsa újra a robotot. Ha a probléma továbbra is fennáll, forduljon ügyfélszolgálatunkhoz",Napon desnog motora kotača prenizak,"Ponovno pokrenite robota. Ako problem i dalje postoji, kontaktirajte našu podršku nakon prodaje",Spenningen på høyre navmotor er for lav,"Start roboten på nytt. Hvis problemet vedvarer, kontakt vår kundestøtte",Oikean pyöränmoottorin jännite liian alhainen,"Käynnistä robotti uudelleen. Jos ongelma jatkuu, ota yhteyttä asiakastukeemme",Tensiunea motorului roții drepte este prea scăzută,"Reporniți robotul. Dacă problema persistă, contactați asistența noastră post-vânzare",Напрежението на мотора дясното колело е твърде ниско,"Рестартирайте робота. Ако проблемът продължава, свържете се с нашата поддръжка след продажба",Parema rattamootori pinge on liiga madal,"Taaskäivitage robot. Kui probleem püsib, pöörduge meie müügijärgse toe poole",Labā riteņa motora spriegums ir pārāk zems,"Restartējiet robotu. Ja problēma saglabājas, sazinieties ar mūsu pārdošanas atbalsta dienestu",Dešiniojo rato variklio įtampa per žema,"Paleiskite robotą iš naujo. Jei problema išlieka, susisiekite su mūsų aptarnavimo po pardavimo tarnyba"
393,3,common,STATE_393,1,右轮毂电机转速响应超时,Timeout occurred in the speed response of the right wheel hub motor,The robot or wheel hub is stuck. Check if the robot gets stuck by obstacles and if the wheels run well,右轮毂电机转速响应超时,机器或轮毂卡住，请检查Robot是否被障碍卡住以及轮子状态,Drehzahl ansprech zeit des rechten Rad motors,"Der Roboter oder Radnabe ist blockiert. Überprüfen Sie, ob der Roboter durch Hindernisse blockiert ist und ob die Räder gut laufen",Le moteur du moyeu droit répond au délai d'attente,Le robot ou le moyeu de roue est bloqué. Vérifiez si le robot est bloqué par des obstacles et si les roues fonctionnent bien,Timeout di risposta della velocità del motore del mozzo destro,Il robot o il mozzo della ruota è bloccato. Verificare se il robot è bloccato da ostacoli e se le ruote girano correttamente,,,Velocidad de respuesta del motor del cubo derecho tiempo de espera,El robot o el buje de la rueda está atascado. Verifique si el robot se atasca con obstáculos y si las ruedas funcionan bien,Správná rychlost rychlosti motoru,"Robot nebo náboj kola je zaseknutý. Zkontrolujte, zda je robot blokován překážkami, a zda kola dobře fungují",,,Pravá hlavice motora rýchlosť odozvy časový limit,"Robot alebo náboj kolesa je zaseknutý. Skontrolujte, či je robot blokovaný prekážkami, a či sa kolesá dobre otáčajú",Przerwa na szybkość reakcji silnika prawego piasta,"Robot lub piasta koła jest zablokowana. Sprawdź, czy robot jest blokowany przez przeszkody, i czy koła dobrze się obracają",Rechterhub motor snelheidsrespons time-out,"De machine of wielnaaf zit vast, controleer of de robot vastzit door obstakels en de wielstatus",Timeout opstod i hastighedsresponsen for højre hjulmotor,"Robotten eller hjulmotor sidder fast. Kontroller, om robotten sidder fast af forhindringer, og om hjulene kører godt",,,Timeout inträffade i hastighetsresponsen för höger hjulnavsmotor,Roboten eller hjulnavet har fastnat. Kontrollera om roboten fastnar av hinder och om hjulen går bra,Časovni odzivni hitrosti motorja na desnem vozilu,"Naprava ali kolesa je zataknjena, preverite, ali je robot zataknil ovire in status kolesa",,,,,,,,,,,,,,,,,,,,
394,3,common,STATE_394,3,,Overcurrent detected in the right wheel hub drive,"Restart the robot. If the issue persists, contact the after-sales support",右轮毂驱动过流,请重启Robot，若多次重启无效，请联系售后,Überstrom im rechten Radnabenantrieb erkannt,"Starten Sie den Roboter neu. Wenn das Problem weiterhin besteht, wenden Sie sich an den Kundendienst",Surintensité détectée dans l'entraînement du moyeu droit,"Redémarrez le robot. Si le problème persiste, veuillez contacter le support après - vente",,,,,,,,,,,,,,,,,,,,,,,,,,,,,,,,,,,,,,,,,,,,
395,3,common,STATE_395,1,右轮毂电机相电流过流,The right wheel hub motor experienced phase overcurrent,The robot or wheel hub is stuck. Check if the robot gets stuck by obstacles and if the wheels run well,右轮毂电机相电流过流,机器或轮毂卡住，请检查Robot是否被障碍卡住以及轮子状态,Phasenstrom-Übers trom des rechten Rad motors,"Der Roboter oder Radnabe ist blockiert. Überprüfen Sie, ob der Roboter durch Hindernisse blockiert ist und ob die Räder gut laufen",Courant de phase du moteur du moyeu droit,Le robot ou le moyeu de roue est bloqué. Vérifiez si le robot est bloqué par des obstacles et si les roues fonctionnent bien,Sovrorrente corrente del motore del mozzo destro,Il robot o il mozzo della ruota è bloccato. Verificare se il robot è bloccato da ostacoli e se le ruote girano correttamente,,,Sobrecorriente de fase del motor del cubo derecho,El robot o el buje de la rueda está atascado. Verifique si el robot se atasca con obstáculos y si las ruedas funcionan bien,Vpravo nafukovací motorový fázový proud,"Robot nebo náboj kola je zaseknutý. Zkontrolujte, zda je robot blokován překážkami, a zda kola dobře fungují",,,Pravá huba motora fázy prúdu nadprúd,"Robot alebo náboj kolesa je zaseknutý. Skontrolujte, či je robot blokovaný prekážkami, a či sa kolesá dobre otáčajú",Nadprądowy prąd fazowy silnika prawego piasty,"Robot lub piasta koła jest zablokowana. Sprawdź, czy robot jest blokowany przez przeszkody, i czy koła dobrze się obracają",Rechterhub motorfase overstroom,"De machine of wielnaaf zit vast, controleer of de robot vastzit door obstakels en de wielstatus",hjulmotor oplevede faseoverstrøm,"Robotten eller hjulmotor sidder fast. Kontroller, om robotten sidder fast af forhindringer, og om hjulene kører godt",,,Höger hjulnavsmotor upplevde fasöverström,Roboten eller hjulnavet har fastnat. Kontrollera om roboten fastnar av hinder och om hjulen går bra,Trenutni tok desne motorne faze,"Naprava ali kolesa je zataknjena, preverite, ali je robot zataknil ovire in status kolesa",,,,,,,,,,,,,,,,,,,,
398,3,common,STATE_398,1,右轮毂电机温度过高,The right wheel hub motor is overheating,The robot will come back to normal once the motor temperature decreases. This may take several minutes.,右轮毂电机温度过高,温度下降后设备将恢复正常，该过程可能需要几分钟,Die Temperatur des rechten Rad motors ist zu hoch,Das Gerät wird nach einem Temperatur abfall wieder normal und der Vorgang kann einige Minuten dauern,La température du moteur du moyeu droit est trop élevée,"L'équipement reviendra à la normale après la baisse de température, le processus peut prendre quelques minutes",Temperatura del motore del mozzo destro troppo alta,Il dispositivo tornerà alla normalità dopo che la temperatura scende e il processo potrebbe richiedere alcuni minuti,,,La temperatura del motor del cubo derecho es demasiado alta,"El equipo volverá a la normalidad después de que baje la temperatura, el proceso puede tardar varios minutos",Vpravo hubová teplota motoru příliš vysoká,Zařízení se vrátí k normálu po poklesu teploty a proces může trvat několik minut.,,,Pravá huba motora teplota príliš vysoká,Zariadenie sa vráti do normálu po poklese teploty a proces môže trvať niekoľko minút,Zbyt wysoka temperatura silnika prawego piasty,"Urządzenie powróci do normy po spadku temperatury, a proces może potrwać kilka minut",Juiste naafmotor temperatuur te hoog,Het apparaat keert terug naar normaal nadat de temperatuur daalt en het proces kan enkele minuten duren,Den højre hjulmotor er overophedet,"Robotten vender tilbage til normal, når motortemperaturen falder. Dette kan tage flere minutter.",,,Höger hjulnavsmotor är överhettad,Roboten kommer att återgå till det normala när motortemperaturen sjunker. Det här kan ta flera minuter.,Desna temperatura motorja prevelika previsoka,"Naprava se bo po padcu temperature vrnila v normalno stanje, proces pa lahko traja nekaj minut.",,,,,,,,,,,,,,,,,,,,
399,3,common,STATE_399,1,右轮毂电机温度传感器异常,Error detected in the temperature sensor of the right wheel hub motor,"Restart the robot. If the issue persists, please contact our after-sales support",右轮毂电机温度传感器异常,重启设备，若多次重启无效，请联系售后,Abnormale Temperatur sensor des rechten Radnaben motors,"Starten Sie das Gerät neu. Wenn mehrere Neustarts ungültig sind, wenden Sie sich bitte an den Kundendienst",Capteur de température anormal du moteur du moyeu droit,"Redémarrez l'appareil, si plusieurs redémarrages sont invalides, veuillez contacter après-vente",Sensore di temperatura del motore del mozzo della ruota destra anormale,"Riavvia il dispositivo. Se più riavvii non sono validi, contatta il servizio post-vendita.",,,El sensor de temperatura del motor del cubo derecho es anormal,"Reinicie el equipo, si varios reinicios no son válidos, comuníquese con el servicio posventa",Nenormální senzor teploty motoru pravého kola,"Restartujte zařízení. Pokud více restartů není platné, obraťte se na poprodejní službu.",,,Pravé koleso hub motora teplotný senzor abnormálne,"Reštartovať zariadenie. Ak je viacero reštartov neplatné, kontaktujte prosím popredajnú službu.",Nieprawidłowy czujnik temperatury silnika piasty prawego koła,"Uruchom ponownie urządzenie. Jeśli wiele restartów jest nieprawidłowych, skontaktuj się z działem obsługi posprzedażnej.",Juiste wielnaaf motor temperatuursensor abnormale,"Start het apparaat opnieuw op. Als meerdere herstarts ongeldig zijn, kunt u contact opnemen met de after-sales service.",Fejl registreret i temperatursensoren på højre hjulmotor,"Genstart robotten. Hvis problemet fortsætter, bedes du kontakte vores support",,,Fel upptäckt i temperatursensorn på höger hjulnavsmotor,"Starta om roboten. Om problemet kvarstår, kontakta vår kundsupport",Neobičajni motorni temperaturni senzor za desno koleso,"Zaženi napravo. Če več ponovnih zagonov niso veljavni, se obrnite na poprodajne storitve.",,,,,,,,,,,,,,,,,,,,
400,3,common,STATE_400,1,右轮毂电机MOS温度过低,The temperature of the right wheel hub motor MOS is too low,The ambient temperature is too low. Recommended to operate the robot above -10°C.,右轮毂电机MOS温度过低,环境温度过低，建议让Robot在高于-10摄氏度的作业环境下作业,Rechte nabe motor MOS temperatur zu niedrig,"Die Umgebungs temperatur ist zu niedrig. Es wird empfohlen, Robot in einer Betriebs umgebung über-10 Grad Celsius arbeiten zu lassen.",La température du moteur MOS du moyeu droit est trop basse,,Motore mozzo ruota destra temperatura MOS troppo bassa,,,,La temperatura del motor del cubo derecho MOS es demasiado baja,La temperatura ambiente es demasiado baja. La temperatura recomdada de uso debe ser superior a -10ºC,Pravé kolečko hubu motoru mos teplota příliš nízká:,,,,Pravé koleso hub motor mos teplota príliš nízka,,Zbyt niska temperatura MOS silnika piasty prawego koła,,MOS temperatuur te laag rechterwielnaafmotor,,Temperaturen på højre hjulmotor MOS er for lav,Omgivelsestemperaturen er for lav. Anbefales til at betjene robotten over -10 °C.,,,Temperaturen på höger hjulnavsmotor MOS är för låg,Den omgivande temperaturen är för låg. Rekommenderas för att använda roboten över -10°C.,Temperatura desnega kolesa motorja MOS prenizka,"Temperatura okolice je prenizka. Priporočamo, da robot deluje pri temperaturi nad -10 °C.",,,,,,,,,,,,,,,,,,,,
401,3,common,STATE_401,1,右轮毂电机MOS温度过低,Right wheel hub motor MOS temperature too low,The ambient temperature is too low. Recommended to operate the robot above -10°C.,右轮毂电机MOS温度过低,环境温度过低，建议让Robot在高于-10摄氏度的作业环境下作业,Rechte nabe motor MOS temperatur zu niedrig,"Die Umgebungs temperatur ist zu niedrig. Es wird empfohlen, Robot in einer Arbeits umgebung über-10 Grad Celsius arbeiten zu lassen",La température du moteur MOS du moyeu droit est trop basse,"La température ambiante est trop basse, il est recommandé de laisser Robot travailler dans un environnement d'exploitation supérieur à-10 degrés Celsius",Motore mozzo ruota destra temperatura MOS troppo bassa,"La temperatura ambiente è troppo bassa, si consiglia al Robot di lavorare in un ambiente operativo superiore a-10 gradi Celsius.",,,La temperatura del motor del cubo derecho MOS es demasiado baja,"La temperatura ambiente es demasiado baja, se recomienda dejar que Robot trabaje en un entorno de trabajo superior a-10 grados Celsius",Pravé kolečko hubu motoru mos teplota příliš nízká:,"Okolní teplota je příliš nízká, doporučuje se, aby robot pracoval v pracovním prostředí nad-10 stupňů celsia.",,,Pravé koleso hub motor mos teplota príliš nízka,"Teplota okolia je príliš nízka, odporúča sa, aby robot pracoval v pracovnom prostredí nad-10 stupňov celzia.",Zbyt niska temperatura MOS silnika piasty prawego koła,"Temperatura otoczenia jest zbyt niska, zaleca się, aby robot pracował w środowisku operacyjnym powyżej-10 stopni Celsjusza.",MOS temperatuur te laag rechterwielnaafmotor,"De omgevingstemperatuur is te laag, het wordt aanbevolen dat de Robot werkt in een werkomgeving boven-10 graden Celsius.",Højre hjulnav motor MOS temperatur for lav,Omgivelsestemperaturen er for lav. Anbefales til at betjene robotten over -10 °C.,,,Höger hjulnav motor MOS temperatur för låg,Den omgivande temperaturen är för låg. Rekommenderas för att använda roboten över -10°C.,Temperatura desnega kolesa motorja MOS prenizka,"Temperatura okolja je prenizka, priporočljivo je, da robot deluje v operacijskem okolju nad -10 stopinj Celzija.",,,,,,,,,,,,,,,,,,,,
409,3,common,STATE_409,3,右后轮毂电机响应超时,The right rear hub motor response timed out,"Restart the robot. If the issue persists, contact the after-sales support",右后轮毂电机响应超时,请重启Robot，若多次重启无效，请联系售后,Das Ansprechverhalten des rechten hinteren Nabenmotors ist abgelaufen,"Starten Sie den Roboter neu. Wenn das Problem weiterhin besteht, wenden Sie sich an den Kundendienst",Moteur de moyeu arrière droit répond Timeout,"Redémarrez le robot. Si le problème persiste, veuillez contacter le support après - vente",,,,,,,,,,,,,,,,,,,,,,,,,,,,,,,,,,,,,,,,,,,,
422,3,common,STATE_422,1,左刀盘电机通讯异常,Communication error detected in the left cutting disk motor,"Restart the robot. If the issue persists, please contact our after-sales support",左刀盘电机通讯异常,重启设备，若多次重启无效，请联系售后,Abnormale Kommunikation des linken Messer motors,"Starten Sie das Gerät neu. Wenn mehrere Neustarts ungültig sind, wenden Sie sich bitte an den Kundendienst",Anomalie de communication du moteur de la lame gauche,"Redémarrez l'appareil, si plusieurs redémarrages sont invalides, veuillez contacter après-vente",La comunicazione del motore della testa di taglio sinistra è anormale,"Riavvia il dispositivo. Se più riavvii non sono validi, contatta il servizio post-vendita.",,,Comunicación anormal del motor de la cuchilla izquierda,"Reinicie el equipo, si varios reinicios no son válidos, comuníquese con el servicio posventa",Levý řezák hlava motor komunikace je abnormální,"Restartujte zařízení. Pokud více restartů není platné, obraťte se na poprodejní službu.",,,Ľavá ručka hlava motor komunikácia je abnormálne,"Reštartovať zariadenie. Ak je viacero reštartov neplatné, kontaktujte prosím popredajnú službu.",Komunikacja silnika lewej głowicy tnącej jest nienormalna,"Uruchom ponownie urządzenie. Jeśli wiele restartów jest nieprawidłowych, skontaktuj się z działem obsługi posprzedażnej.",De motorcommunicatie van de linker snijkop is abnormaal,"Start het apparaat opnieuw op. Als meerdere herstarts ongeldig zijn, kunt u contact opnemen met de after-sales service.",Kommunikationsfejl registreret i venstre slåskivemotor,"Genstart robotten. Hvis problemet fortsætter, bedes du kontakte vores support",,,Kommunikationsfel upptäckt i den vänstra klipptallrikens motor,"Starta om roboten. Om problemet kvarstår, kontakta vår kundsupport",Motorna komunikacija levi rezalnik glave je nenormalna.,"Zaženi napravo. Če več ponovnih zagonov niso veljavni, se obrnite na poprodajne storitve.",,,,,,,,,,,,,,,,,,,,
424,3,common,STATE_424,1,左刀盘电机电压过低,The voltage of the left cutting disk motor is too low,"Restart the robot. If the issue persists, please contact our after-sales support",左刀盘电机电压过低,重启设备，若多次重启无效，请联系售后,Die Motors pannung der linken Schneide scheibe ist zu niedrig,"Starten Sie das Gerät neu. Wenn mehrere Neustarts ungültig sind, wenden Sie sich bitte an den Kundendienst",La tension du moteur de la lame gauche est trop basse,"Redémarrez l'appareil, si plusieurs redémarrages sont invalides, veuillez contacter après-vente",Tensione del motore della testa di taglio sinistra troppo bassa,"Riavvia il dispositivo. Se più riavvii non sono validi, contatta il servizio post-vendita.",,,El voltaje del motor de la cuchilla izquierda es demasiado bajo,"Reinicie el equipo, si varios reinicios no son válidos, comuníquese con el servicio posventa",Napětí motoru levé nožnice příliš nízké,"Restartujte zařízení. Pokud více restartů není platné, obraťte se na poprodejní službu.",,,Vľavo nožnice motora napätie príliš nízke,"Reštartovať zariadenie. Ak je viacero reštartov neplatné, kontaktujte prosím popredajnú službu.",Zbyt niskie napięcie silnika lewej głowicy,"Uruchom ponownie urządzenie. Jeśli wiele restartów jest nieprawidłowych, skontaktuj się z działem obsługi posprzedażnej.",Linker cutterhead motorspanning te laag,"Start het apparaat opnieuw op. Als meerdere herstarts ongeldig zijn, kunt u contact opnemen met de after-sales service.",Spændingen på den venstre slåskivemotor er for lav,"Genstart robotten. Hvis problemet fortsætter, bedes du kontakte vores support",,,Spänningen på den vänstra klipptallrikens motor är för låg,"Starta om roboten. Om problemet kvarstår, kontakta vår kundsupport",Motorna napetost levo rezalno glavo prenizka,"Zaženi napravo. Če več ponovnih zagonov niso veljavni, se obrnite na poprodajne storitve.",,,,,,,,,,,,,,,,,,,,
426,3,mcu,STATE_426,1,左刀盘电机过流,Left rear wheel hub overcurrent,"Restart the robot. If the issue persists, please contact our after-sales support",左后轮毂驱动过流,重启设备，若多次重启无效，请联系售后,Überstrom an der linken Hinterradnabe,"Starten Sie den Roboter neu. Wenn das Problem weiterhin besteht, wenden Sie sich bitte an unseren Kundendienst",Surintensité du moyeu de la roue arrière gauche,"Redémarrez le robot. Si le problème persiste, veuillez contacter notre service après-vente",Sovracorrente del mozzo della ruota posteriore sinistra,"Riavviare il robot. Se il problema persiste, contattare il nostro centro di assistenza post-vendita",,,Sobrecorriente en el buje de la rueda trasera izquierda,"Reinicie el robot. Si el problema persiste, póngase en contacto con nuestro servicio postventa",Nadproud v náboji levého zadního kolečka,"Restartujte robot. Pokud problém přetrvává, obraťte se na naši poprodejní podporu",,,Nadmerný prúd na osi ľavého zadného kolesa,"Reštartujte robota. Ak problém pretrváva, obráťte sa na naše oddelenie podpory po predaji",Przeciązenie lewego tylnego koła,"Uruchom ponownie robota. Jeśli problem będzie się powtarzał, skontaktuj się z naszym serwisem posprzedażnym",Overstroom naaf linker achterwiel,"Start de robot opnieuw. Als het probleem aanhoudt, neem dan contact op met onze dienst na verkoop",Overspænding på venstre baghjulsnav,"Genstart robotten. Kontakt vores kundesupport, hvis problemet varer ved",,,Överström i vänster bakhjulsnav,Starta om roboten. Om problemet kvarstår ber vi dig kontakta vår eftermarknadssupport,Nadtok levega pesta zadnjega kolesa,"Znova zaženite robota. Če težave ne morete odpraviti, se obrnite na našo poprodajno podporo",Sobreintensidade no cubo da roda traseira esquerda,"Reinicie o robô. Se o problema persistir, contacte a nossa assistência pós-venda",Bal hátsó kerékagy túláram,"Indítsa újra a robotot. Ha a probléma továbbra is fennáll, kérjük, forduljon értékesítés utáni ügyfélszolgálatunkhoz",Nadstruja lijeve stražnje glavine,"Ponovno pokrenite robota. Ako se problem ne riješi, obratite se našoj poslijeprodajnoj podršci",Overspenning i venstre bakhjulsnav,Start roboten på nytt. Kontakt vår ettersalgsstøtte hvis problemet vedvarer,Vasemman takapyörän navan ylivirta,"Käynnistä robotti uudelleen. Jos ongelma jatkuu, ota yhteyttä myynnin jälkeiseen tukeen",Supracurent la butucul roții stânga spate,"Reporniți robotul. Dacă problema persistă, vă rugăm să contactați asistența noastră post-vânzare",Свръхток в оста на лявото задно колело,"Рестартирайте робота. Ако проблемът продължава, свържете се с нашия екип за обслужване на клиенти",Vasaku tagaratta rummu liigvool,"Taaskäivitage robot. Kui probleem püsib, võtke ühendust meie müügijärgse toega",Kreisās puses aizmugurējā riteņa rumbas strāvas pārslodze,"Restartējiet robotu. Ja problēma joprojām pastāv, lūdzu, sazinieties ar mūsu pēcpārdošanas atbalsta dienestu",Per didelė kairiojo galinio rato stebulės srovė,"Paleiskite robotą iš naujo. Jei problema išlieka, susisiekite su mūsų aptarnavimo komanda"
428,3,common,STATE_428,1,左刀盘电机控制器过载,The controller of the left cutting disk motor is overloaded,"Please turn off the robot to check if the cutting disk is jammed. If not, restart the robot. If the issue persists, please contact the after-sales support",左刀盘电机控制器过载,请在机器关机情况下，检查刀盘是否被卡住或者被缠绕住。若多次重启无效，请联系售后,Überlast der linken Messers teuerung,"Schalten Sie den Roboter aus, um zu überprüfen, ob die Trennscheibe blockiert ist. Wenn nicht, starten Sie den Roboter neu. Wenn das Problem weiterhin besteht, wenden Sie sich bitte an den Kundendienst",Le contrôleur du moteur de la plaque de coupe gauche est surchargé,"Veuillez éteindre le robot pour vérifier si le disque de coupe est bloqué. Si ce n'est pas le cas, redémarrez le robot. Si le problème persiste, veuillez contacter le support après-vente",Sovraccarico del controller del motore della testa di taglio sinistra,"Si prega di spegnere il robot per verificare se il disco da taglio è bloccato. Se non lo è, riavviare il robot. Se il problema persiste, si prega di contattare l'assistenza post-vendita",,,Controlador de motor de placa de cuchilla izquierda sobrecargado,"Por favor, apague el robot para comprobar si el disco de corte está atascado. Si no es así, reinicie el robot. Si el problema persiste, póngase en contacto con el soporte posventa",Levá řezná hlava regulátor motoru přetížení,"Vypněte robota a zkontrolujte, zda je řezací kotouč zaseknutý. Pokud ne, restartujte robota. Pokud problém přetrvává, kontaktujte zákaznickou podporu",,,Ľavá rezka regulátor motora preťaženie,"Prosím, vypnite robota a skontrolujte, či je rezný kotúč zaseknutý. Ak nie je, reštartujte robota. Ak problém pretrváva, kontaktujte popredajnú podporu",Przeciążenie kontrolera lewego głowicy,"Proszę wyłączyć robota, aby sprawdzić, czy tarcza tnąca jest zablokowana. Jeśli nie, uruchom ponownie robota. Jeśli problem nadal występuje, skontaktuj się z pomocą posprzedażną",Overbelasting van de linker cutterhead motor controller,"Schakel de robot uit om te controleren of het snijwiel geblokkeerd is. Zo niet, herstart de robot. Als het probleem aanhoudt, neem dan contact op met de klantenservice",Controlleren på den venstre slåskivemotor er overbelastet,"Sluk robotten for at kontrollere, om skæreskiven er blokeret. Hvis ikke, genstart robotten. Hvis problemet fortsætter, bedes du kontakte kundesupporten",,,Styrenheten för den vänstra klipptallrikens motor är överbelastad,"Stäng av roboten för att kontrollera om skärskivan är fastklämd. Om inte, starta om roboten. Om problemet kvarstår, kontakta efterförsäljningssupporten",Preobremenitveni motorni krmilnik levo črpanja,"Prosimo, izklopite robota, da preverite, ali je rezalni disk zagozden. Če ni, znova zaženite robota. Če težava vztraja, se obrnite na podporo po prodaji",,,,,,,,,,,,,,,,,,,,
429,3,common,STATE_429,1,左刀盘电机过载,The left cutting disk motor is overloaded,"Please turn off the robot to check if the cutting disk is jammed. If not, restart the robot. If the issue persists, please contact the after-sales support",左刀盘电机过载,请在机器关机情况下，检查刀盘是否被卡住或者被缠绕住。若多次重启无效，请联系售后,Motor überlast auf der linken Klinge,"Schalten Sie den Roboter aus, um zu überprüfen, ob die Trennscheibe blockiert ist. Wenn nicht, starten Sie den Roboter neu. Wenn das Problem weiterhin besteht, wenden Sie sich bitte an den Kundendienst",Le moteur de la plaque de coupe gauche est surchargé,"Veuillez éteindre le robot pour vérifier si le disque de coupe est bloqué. Si ce n'est pas le cas, redémarrez le robot. Si le problème persiste, veuillez contacter le support après-vente",Sovraccarico del motore della testa di taglio sinistra,"Si prega di spegnere il robot per verificare se il disco da taglio è bloccato. Se non lo è, riavviare il robot. Se il problema persiste, si prega di contattare l'assistenza post-vendita",,,El motor de la placa de corte izquierda está sobrecargado,"Por favor, apague el robot para comprobar si el disco de corte está atascado. Si no es así, reinicie el robot. Si el problema persiste, póngase en contacto con el soporte posventa",Levá řezná hlava motor přetížení,"Vypněte robota a zkontrolujte, zda je řezací kotouč zaseknutý. Pokud ne, restartujte robota. Pokud problém přetrvává, kontaktujte zákaznickou podporu",,,Ľavá hlava kotla motor preťaženie,"Prosím, vypnite robota a skontrolujte, či je rezný kotúč zaseknutý. Ak nie je, reštartujte robota. Ak problém pretrváva, kontaktujte popredajnú podporu",Przeciążenie silnika lewej głowicy tnącej,"Proszę wyłączyć robota, aby sprawdzić, czy tarcza tnąca jest zablokowana. Jeśli nie, uruchom ponownie robota. Jeśli problem nadal występuje, skontaktuj się z pomocą posprzedażną",Linker snijkop motor overbelasting,"Schakel de robot uit om te controleren of het snijwiel geblokkeerd is. Zo niet, herstart de robot. Als het probleem aanhoudt, neem dan contact op met de klantenservice",Den venstre slåskivemotor er overbelastet,"Sluk robotten for at kontrollere, om skæreskiven er blokeret. Hvis ikke, genstart robotten. Hvis problemet fortsætter, bedes du kontakte kundesupporten",,,Den vänstra klipptallrikens motor är överbelastad,"Stäng av roboten för att kontrollera om skärskivan är fastklämd. Om inte, starta om roboten. Om problemet kvarstår, kontakta efterförsäljningssupporten",Preobremenitev motorja z levo rezalno glavo,"Prosimo, izklopite robota, da preverite, ali je rezalni disk zagozden. Če ni, znova zaženite robota. Če težava vztraja, se obrnite na podporo po prodaji",,,,,,,,,,,,,,,,,,,,
434,3,common,STATE_434,1,左刀盘电机换向超时,Timeout occurred in the commutation of the left cutting disk motor,"Please turn off the robot to check if the cutting disk is jammed. If not, restart the robot. If the issue persists, please contact the after-sales support",左刀盘电机换向超时,请在机器关机情况下，检查刀盘是否被卡住或者被缠绕住。若多次重启无效，请联系售后,Drehzeit überschreitung des linken Messer motors,"Schalten Sie den Roboter aus, um zu überprüfen, ob die Trennscheibe blockiert ist. Wenn nicht, starten Sie den Roboter neu. Wenn das Problem weiterhin besteht, wenden Sie sich bitte an den Kundendienst",Drousel de changement de direction du moteur de la plaque de coupe gauche,"Veuillez éteindre le robot pour vérifier si le disque de coupe est bloqué. Si ce n'est pas le cas, redémarrez le robot. Si le problème persiste, veuillez contacter le support après-vente",Timeout di commutazione del motore della testa di taglio sinistra,"Si prega di spegnere il robot per verificare se il disco da taglio è bloccato. Se non lo è, riavviare il robot. Se il problema persiste, si prega di contattare l'assistenza post-vendita",,,El motor de la placa de la cuchilla izquierda cambia el tiempo de espera,"Por favor, apague el robot para comprobar si el disco de corte está atascado. Si no es así, reinicie el robot. Si el problema persiste, póngase en contacto con el soporte posventa",Levá časová lhůta pro komutaci motoru řezného hlavička (left cutterhead motor commutation timeout)-herec,"Vypněte robota a zkontrolujte, zda je řezací kotouč zaseknutý. Pokud ne, restartujte robota. Pokud problém přetrvává, kontaktujte zákaznickou podporu",,,Vľavo cutterhead motor commutation timeout,"Prosím, vypnite robota a skontrolujte, či je rezný kotúč zaseknutý. Ak nie je, reštartujte robota. Ak problém pretrváva, kontaktujte popredajnú podporu",Ograniczenie limitu czasu komutacji silnika lewej głowicy,"Proszę wyłączyć robota, aby sprawdzić, czy tarcza tnąca jest zablokowana. Jeśli nie, uruchom ponownie robota. Jeśli problem nadal występuje, skontaktuj się z pomocą posprzedażną",Time-out voor commutatie van de linker cutterhead-motor,"Schakel de robot uit om te controleren of het snijwiel geblokkeerd is. Zo niet, herstart de robot. Als het probleem aanhoudt, neem dan contact op met de klantenservice",Timeout opstod i komunikationen med den venstre slåskivemotor,"Sluk robotten for at kontrollere, om skæreskiven er blokeret. Hvis ikke, genstart robotten. Hvis problemet fortsætter, bedes du kontakte kundesupporten",,,Timeout inträffade i kommuteringen av den vänstra klipptallrikens motor,"Stäng av roboten för att kontrollera om skärskivan är fastklämd. Om inte, starta om roboten. Om problemet kvarstår, kontakta efterförsäljningssupporten",Časovni razporeditev motorja z levim,"Prosimo, izklopite robota, da preverite, ali je rezalni disk zagozden. Če ni, znova zaženite robota. Če težava vztraja, se obrnite na podporo po prodaji",,,,,,,,,,,,,,,,,,,,
435,3,common,STATE_435,1,左刀盘电机启动超时,Timeout occurred in the startup of the left cutting disk motor,"Please turn off the robot to check if the cutting disk is jammed. If not, restart the robot. If the issue persists, please contact the after-sales support",左刀盘电机启动超时,请在机器关机情况下，检查刀盘是否被卡住或者被缠绕住。若多次重启无效，请联系售后,Timeout des linken Messer motors,"Schalten Sie den Roboter aus, um zu überprüfen, ob die Trennscheibe blockiert ist. Wenn nicht, starten Sie den Roboter neu. Wenn das Problem weiterhin besteht, wenden Sie sich bitte an den Kundendienst",Durée de démarrage du moteur de la plaque de coupe gauche,"Veuillez éteindre le robot pour vérifier si le disque de coupe est bloqué. Si ce n'est pas le cas, redémarrez le robot. Si le problème persiste, veuillez contacter le support après-vente",Timeout di avvio del motore del cutterhead sinistro,"Si prega di spegnere il robot per verificare se il disco da taglio è bloccato. Se non lo è, riavviare il robot. Se il problema persiste, si prega di contattare l'assistenza post-vendita",,,El motor de la cuchilla izquierda arranca el tiempo de espera,"Por favor, apague el robot para comprobar si el disco de corte está atascado. Si no es así, reinicie el robot. Si el problema persiste, póngase en contacto con el soporte posventa",Levé nastartovací časové vypršení motoru cutterhead,"Vypněte robota a zkontrolujte, zda je řezací kotouč zaseknutý. Pokud ne, restartujte robota. Pokud problém přetrvává, kontaktujte zákaznickou podporu",,,Vľavo cutterhead motor startup timeout,"Prosím, vypnite robota a skontrolujte, či je rezný kotúč zaseknutý. Ak nie je, reštartujte robota. Ak problém pretrváva, kontaktujte popredajnú podporu",Udział czasu uruchamiania lewego głowicy,"Proszę wyłączyć robota, aby sprawdzić, czy tarcza tnąca jest zablokowana. Jeśli nie, uruchom ponownie robota. Jeśli problem nadal występuje, skontaktuj się z pomocą posprzedażną",Linker cutterhead motor opstarten time-out,"Schakel de robot uit om te controleren of het snijwiel geblokkeerd is. Zo niet, herstart de robot. Als het probleem aanhoudt, neem dan contact op met de klantenservice",Timeout opstod ved opstart af den venstre slåskivemotor,"Sluk robotten for at kontrollere, om skæreskiven er blokeret. Hvis ikke, genstart robotten. Hvis problemet fortsætter, bedes du kontakte kundesupporten",,,Timeout inträffade vid start av den vänstra klipptallrikens motor,"Stäng av roboten för att kontrollera om skärskivan är fastklämd. Om inte, starta om roboten. Om problemet kvarstår, kontakta efterförsäljningssupporten",Čas zagon motorja z levim,"Prosimo, izklopite robota, da preverite, ali je rezalni disk zagozden. Če ni, znova zaženite robota. Če težava vztraja, se obrnite na podporo po prodaji",,,,,,,,,,,,,,,,,,,,
436,3,common,STATE_436,1,左刀盘电机温度异常,Temperature error detected in the left cutting disk motor,"The robot will come back to normal once the motor temperature decreases. This may take several minutes. Alternatively, you can restart the robot. If the issue persists, please contact our after-sales support",左刀盘电机温度异常,温度下降后设备将恢复正常，该过程可能需要几分钟；或者重启设备，若多次重启无效，请联系售后,Abnormale Temperatur des linken Messer motors,"Das Gerät kehrt nach dem Temperatur abfall zum Normalzustand zurück. Der Vorgang kann einige Minuten dauern, oder das Gerät wird neu gestartet. Wenn mehrere Neustarts ungültig sind, wenden Sie sich bitte an den Kundendienst",Température anormale du moteur de la plaque de coupe gauche,"L'équipement reviendra à la normale après la baisse de température, le processus peut prendre quelques minutes; ou redémarrer l'appareil, si plusieurs redémarrages ne fonctionnent pas, veuillez contacter après-vente",Temperatura anormale del motore della testa del cutter sinistro,"Dopo che la temperatura scende, il dispositivo tornerà alla normalità. Questo processo può richiedere diversi minuti; o riavviare il dispositivo. Se più riavvii non sono validi, contatta il servizio post-vendita",,,Temperatura anormal del motor de la placa de corte izquierda,"El equipo volverá a la normalidad después de que baje la temperatura, el proceso puede tardar varios minutos; o reiniciar el equipo, si varios reinicios no son válidos, comuníquese con el servicio posventa",Abnormální teplota levé řezné hlavy motor,"Po poklesu teploty se zařízení vrátí k normálu. Tento proces může trvat několik minut; nebo restartovat zařízení. Pokud více restartů není platné, obraťte se na poprodejní službu",,,Abnormálna teplota ľavej frézy hlavy motor,"Po poklese teploty sa zariadenie vráti do normálu. Tento proces môže trvať niekoľko minút; alebo reštartovať zariadenie. Ak viac reštartov nie je platné, obráťte sa na popredajný servis",Nieprawidłowa temperatura lewego silnika głowicy tnącej,"Po spadku temperatury urządzenie powróci do normy. Ten proces może potrwać kilka minut; lub uruchom ponownie urządzenie. Jeśli wiele restartów jest nieprawidłowych, skontaktuj się z serwisem posprzedażowym",Abnormale temperatuur van de linker motor van de snijkop,"Nadat de temperatuur is gedaald, keert het apparaat terug naar normaal. Dit proces kan enkele minuten duren; of start het apparaat opnieuw op. Als meerdere herstarts ongeldig zijn, neem dan contact op met de after-sales service",Temperaturfejl registreret i venstre slåskivemotor,"Robotten vender tilbage til normal, når motortemperaturen falder. Dette kan tage flere minutter. Alternativt kan du genstarte robotten. Hvis problemet fortsætter, bedes du kontakte vores support",,,Temperatur fel upptäckt i den vänstra klipptallrikens motor,"Roboten kommer att återgå till det normala när motortemperaturen sjunker. Det här kan ta flera minuter. Alternativt kan du starta om roboten. Om problemet kvarstår, vänligen kontakta vår kundsupport",Nenormalna temperatura,"Po padcu temperature se naprava vrne v normalno stanje. Ta postopek lahko traja več minut ali pa ponovno zažene napravo. Če več ponovnih zagonov niso veljavni, se obrnite na storitve pop-prodaje",,,,,,,,,,,,,,,,,,,,
437,3,common,STATE_437,1,左刀盘电机MOS温度异常,Temperature error detected in the left cutting disk motor MOS,"The robot will come back to normal once the motor temperature decreases. This may take several minutes. Alternatively, you can restart the robot. If the issue persists, please contact our after-sales support",左刀盘电机MOS温度异常,温度下降后设备将恢复正常，该过程可能需要几分钟；或者重启设备，若多次重启无效，请联系售后,Abnormale MOS-Temperatur des linken Schneide scheiben motors,"Das Gerät kehrt nach dem Temperatur abfall zum Normalzustand zurück. Der Vorgang kann einige Minuten dauern, oder das Gerät wird neu gestartet. Wenn mehrere Neustarts ungültig sind, wenden Sie sich bitte an den Kundendienst",Température anormale du moteur MOS de la plaque de coupe gauche,"L'équipement reviendra à la normale après la baisse de température, le processus peut prendre quelques minutes; ou redémarrer l'appareil, si plusieurs redémarrages ne fonctionnent pas, veuillez contacter après-vente",La temperatura del MOS del motore sinistro della testa del cutter è anormale,"Dopo che la temperatura scende, il dispositivo tornerà alla normalità. Questo processo può richiedere diversi minuti; o riavviare il dispositivo. Se più riavvii non sono validi, contatta il servizio post-vendita",,,Temperatura anormal del motor de la placa de cuchilla izquierda MOS,"El equipo volverá a la normalidad después de que baje la temperatura, el proceso puede tardar varios minutos; o reiniciar el equipo, si varios reinicios no son válidos, comuníquese con el servicio posventa",Mos teplota levé řezné hlavy motor je abnormální,"Po poklesu teploty se zařízení vrátí k normálu. Tento proces může trvat několik minut; nebo restartovat zařízení. Pokud více restartů není platné, obraťte se na poprodejní službu",,,Mos teplota ľavej frézy hlavy motor je abnormálne,"Po poklese teploty sa zariadenie vráti do normálu. Tento proces môže trvať niekoľko minút; alebo reštartovať zariadenie. Ak viac reštartov nie je platné, obráťte sa na popredajný servis",Temperatura MOS lewego silnika głowicy tnącej jest nienormalna,"Po spadku temperatury urządzenie powróci do normy. Ten proces może potrwać kilka minut; lub uruchom ponownie urządzenie. Jeśli wiele restartów jest nieprawidłowych, skontaktuj się z serwisem posprzedażowym",MOS-temperatuur van de linker motor van de snijkop is abnormaal,"Nadat de temperatuur is gedaald, keert het apparaat terug naar normaal. Dit proces kan enkele minuten duren; of start het apparaat opnieuw op. Als meerdere herstarts ongeldig zijn, neem dan contact op met de after-sales service",Temperaturfejl registreret i venstre slåskivemotor MOS,"Robotten vender tilbage til normal, når motortemperaturen falder. Dette kan tage flere minutter. Alternativt kan du genstarte robotten. Hvis problemet fortsætter, bedes du kontakte vores support",,,Temperatur fel upptäckt i den vänstra klipptallrikens motor MOS,"Roboten kommer att återgå till det normala när motortemperaturen sjunker. Det här kan ta flera minuter. Alternativt kan du starta om roboten. Om problemet kvarstår, vänligen kontakta vår kundsupport",MOS temperatura motorja levi rezalnik glave je nenormalna.,"Po padcu temperature se naprava vrne v normalno stanje. Ta postopek lahko traja več minut ali pa ponovno zažene napravo. Če več ponovnih zagonov niso veljavni, se obrnite na storitve pop-prodaje",,,,,,,,,,,,,,,,,,,,
438,3,common,STATE_438,1,右刀盘电机换向启动超时,Timeout occurred in the commutation of the left cutting disk motor,"Please turn off the robot to check if the cutting disk is jammed. If not, restart the robot. If the issue persists, please contact the after-sales support",左刀盘电机换向启动超时,请在机器关机情况下，检查刀盘是否被卡住或者被缠绕住。若多次重启无效，请联系售后,Timeout des linken Schneide scheiben motors,"Schalten Sie den Roboter aus, um zu überprüfen, ob die Trennscheibe blockiert ist. Wenn nicht, starten Sie den Roboter neu. Wenn das Problem weiterhin besteht, wenden Sie sich bitte an den Kundendienst",Le moteur de la plaque de coupe gauche est activé par changement de direction,"Veuillez éteindre le robot pour vérifier si le disque de coupe est bloqué. Si ce n'est pas le cas, redémarrez le robot. Si le problème persiste, veuillez contacter le support après-vente",Timeout di inizio della commutazione del motore della testa di taglio sinistra,"Si prega di spegnere il robot per verificare se il disco da taglio è bloccato. Se non lo è, riavviare il robot. Se il problema persiste, si prega di contattare l'assistenza post-vendita",,,El motor de la placa de la cuchilla izquierda se repone para arrancar,"Por favor, apague el robot para comprobar si el disco de corte está atascado. Si no es así, reinicie el robot. Si el problema persiste, póngase en contacto con el soporte posventa",Levá řezná hlava motor komutace počáteční časový limit,"Vypněte robota a zkontrolujte, zda je řezací kotouč zaseknutý. Pokud ne, restartujte robota. Pokud problém přetrvává, kontaktujte zákaznickou podporu",,,Vľavo cutterhead motor commutation start timeout,"Prosím, vypnite robota a skontrolujte, či je rezný kotúč zaseknutý. Ak nie je, reštartujte robota. Ak problém pretrváva, kontaktujte popredajnú podporu",Wyznaczony limit czasu na uruchomienie komutacji silnika z lewej głowicy,"Proszę wyłączyć robota, aby sprawdzić, czy tarcza tnąca jest zablokowana. Jeśli nie, uruchom ponownie robota. Jeśli problem nadal występuje, skontaktuj się z pomocą posprzedażną",Linker cutterhead motor commutatie start time-out,"Schakel de robot uit om te controleren of het snijwiel geblokkeerd is. Zo niet, herstart de robot. Als het probleem aanhoudt, neem dan contact op met de klantenservice",Venstre cutterhead motor pendling timeout starter,"Sluk robotten for at kontrollere, om skæreskiven er blokeret. Hvis ikke, genstart robotten. Hvis problemet fortsætter, bedes du kontakte kundesupporten",,,Vänster cutterhead motor pendlingstid,"Stäng av roboten för att kontrollera om skärskivan är fastklämd. Om inte, starta om roboten. Om problemet kvarstår, kontakta efterförsäljningssupporten",Začetni čas za zagon motorja z levim,"Prosimo, izklopite robota, da preverite, ali je rezalni disk zagozden. Če ni, znova zaženite robota. Če težava vztraja, se obrnite na podporo po prodaji",,,,,,,,,,,,,,,,,,,,
454,3,common,STATE_454,1,右刀盘电机通讯异常,Communication error detected in the right cutting disk motor,"Restart the robot. If the issue persists, please contact our after-sales support",右刀盘电机通讯异常,重启设备，若多次重启无效，请联系售后,Abnormale Kommunikation des rechten Messer motors,"Starten Sie das Gerät neu. Wenn mehrere Neustarts ungültig sind, wenden Sie sich bitte an den Kundendienst",Anomalie de communication du moteur de la plaque de coupe droite,"Redémarrez l'appareil, si plusieurs redémarrages sont invalides, veuillez contacter après-vente",La comunicazione del motore della testa di taglio destra è anormale,"Riavvia il dispositivo. Se più riavvii non sono validi, contatta il servizio post-vendita.",,,Comunicación anormal del motor de la cuchilla derecha,"Reinicie el equipo, si varios reinicios no son válidos, comuníquese con el servicio posventa",Doprava řezná hlava motor komunikace je abnormální,"Restartujte zařízení. Pokud více restartů není platné, obraťte se na poprodejní službu.",,,Vpravo fréza hlava motora komunikácia je abnormálne,"Reštartovať zariadenie. Ak je viacero reštartov neplatné, kontaktujte prosím popredajnú službu.",Komunikacja silnika prawej głowicy tnącej jest nienormalna,"Uruchom ponownie urządzenie. Jeśli wiele restartów jest nieprawidłowych, skontaktuj się z działem obsługi posprzedażnej.",Rechts snijkop motorcommunicatie is abnormaal,"Start het apparaat opnieuw op. Als meerdere herstarts ongeldig zijn, kunt u contact opnemen met de after-sales service.",Kommunikationsfejl registreret i den højre slåskivemotor,"Genstart robotten. Hvis problemet fortsætter, bedes du kontakte vores eftersalgssupport",,,Kommunikationsfel upptäckt i den högra klipptallrikens motor,"Starta om roboten. Om problemet kvarstår, kontakta vår kundsupport",Motorna komunikacija z desno rezalno glavo je nenormalna motnja.,"Zaženi napravo. Če več ponovnih zagonov niso veljavni, se obrnite na poprodajne storitve.",,,,,,,,,,,,,,,,,,,,
456,3,common,STATE_456,1,右刀盘电机电压过低,The voltage of the right cutting disk motor is too low,"Restart the robot. If the issue persists, please contact our after-sales support",右刀盘电机电压过低,重启设备，若多次重启无效，请联系售后,Die Motors pannung der rechten Klinge ist zu niedrig,"Starten Sie das Gerät neu. Wenn mehrere Neustarts ungültig sind, wenden Sie sich bitte an den Kundendienst",La tension du moteur de la plaque de coupe droite est trop basse,"Redémarrez l'appareil, si plusieurs redémarrages sont invalides, veuillez contacter après-vente",Tensione del motore della testa di taglio destra troppo bassa,"Riavvia il dispositivo. Se più riavvii non sono validi, contatta il servizio post-vendita.",,,El voltaje del motor de la cuchilla derecha es demasiado bajo,"Reinicie el equipo, si varios reinicios no son válidos, comuníquese con el servicio posventa",Napětí motoru vpravo,"Restartujte zařízení. Pokud více restartů není platné, obraťte se na poprodejní službu.",,,Pravé napätie motora nožnice príliš nízke,"Reštartovať zariadenie. Ak je viacero reštartov neplatné, kontaktujte prosím popredajnú službu.",Zbyt niskie napięcie silnika prawej głowicy,"Uruchom ponownie urządzenie. Jeśli wiele restartów jest nieprawidłowych, skontaktuj się z działem obsługi posprzedażnej.",Juiste cutterhead motorspanning te laag,"Start het apparaat opnieuw op. Als meerdere herstarts ongeldig zijn, kunt u contact opnemen met de after-sales service.",Spændingen på den højre slåskivemotor er for lav,"Genstart robotten. Hvis problemet fortsætter, bedes du kontakte vores support",,,Spänningen på den högra klipptallrikens motor är för låg,"Starta om roboten. Om problemet kvarstår, kontakta vår kundsupport",Motorna napetost desne rezalne glave premajha,"Zaženi napravo. Če več ponovnih zagonov niso veljavni, se obrnite na poprodajne storitve.",,,,,,,,,,,,,,,,,,,,
458,3,mcu,STATE_458,1,右刀盘电机过流,Right cutting disc motor overcurrent,"Restart the robot. If the issue persists, please contact our after-sales support",右刀盘电机过流,重启设备，若多次重启无效，请联系售后,Überstrom am rechten Schneidscheibenmotor,"Starten Sie den Roboter neu. Wenn das Problem weiterhin besteht, wenden Sie sich bitte an unseren Kundendienst",Surintensité du moteur du disque de coupe droit,"Redémarrez le robot. Si le problème persiste, veuillez contacter notre service après-vente",Sovracorrente del motore del disco da taglio destro,"Riavviare il robot. Se il problema persiste, contattare il nostro centro di assistenza post-vendita",,,Sobrecorriente en el motor del disco de corte derecho,"Reinicie el robot. Si el problema persiste, póngase en contacto con nuestro servicio postventa",Nadproud v motoru – pravý žací kotouč,"Restartujte robot. Pokud problém přetrvává, obraťte se na naši poprodejní podporu",,,Nadmerný prúd v motore pravého sekacieho disku,"Reštartujte robota. Ak problém pretrváva, obráťte sa na naše oddelenie podpory po predaji",Przeciążenie silnika prawego noża tnącego,"Uruchom ponownie robota. Jeśli problem będzie się powtarzał, skontaktuj się z naszym serwisem posprzedażnym",Overstroom rechter motor maaischijf,"Start de robot opnieuw. Als het probleem aanhoudt, neem dan contact op met onze dienst na verkoop",Overspænding på motor til højre skæreskive,"Genstart robotten. Kontakt vores kundesupport, hvis problemet varer ved",,,Överström i motorn för höger klippskiva,Starta om roboten. Om problemet kvarstår ber vi dig kontakta vår eftermarknadssupport,Nadtok motorja desne rezalne plošče,"Znova zaženite robota. Če težave ne morete odpraviti, se obrnite na našo poprodajno podporo",Sobreintensidade no motor do disco de corte direito,"Reinicie o robô. Se o problema persistir, contacte a nossa assistência pós-venda",Jobb vágólemezmotor túláram,"Indítsa újra a robotot. Ha a probléma továbbra is fennáll, kérjük, forduljon értékesítés utáni ügyfélszolgálatunkhoz",Nadstruja motora desnog diska za rezanje,"Ponovno pokrenite robota. Ako se problem ne riješi, obratite se našoj poslijeprodajnoj podršci",Overspenning i høyre kappeskivemotor,Start roboten på nytt. Kontakt vår ettersalgsstøtte hvis problemet vedvarer,Oikean leikkuukiekon moottorin ylivirta,"Käynnistä robotti uudelleen. Jos ongelma jatkuu, ota yhteyttä myynnin jälkeiseen tukeen",Supracurent motor disc de tăiere dreapta,"Reporniți robotul. Dacă problema persistă, vă rugăm să contactați asistența noastră post-vânzare",Свръхток в мотора на десния режещ диск,"Рестартирайте робота. Ако проблемът продължава, свържете се с нашия екип за обслужване на клиенти",Parempoolse lõikeketta mootori liigvool,"Taaskäivitage robot. Kui probleem püsib, võtke ühendust meie müügijärgse toega",Labās puses griezējdiska motora strāvas pārslodze,"Restartējiet robotu. Ja problēma joprojām pastāv, lūdzu, sazinieties ar mūsu pēcpārdošanas atbalsta dienestu",Per didelė dešiniojo pjovimo disko variklio srovė,"Paleiskite robotą iš naujo. Jei problema išlieka, susisiekite su mūsų aptarnavimo komanda"
460,3,common,STATE_460,1,右刀盘电机控制器过载,The controller of the right cutting disk is overloaded,"Please turn off the robot to check if the cutting disk is jammed. If not, restart the robot. If the issue persists, please contact the after-sales support",右刀盘电机控制器过载,请在机器关机情况下，检查刀盘是否被卡住或者被缠绕住。若多次重启无效，请联系售后,Überlast der rechten Messers teuerung,"Schalten Sie den Roboter aus, um zu überprüfen, ob die Trennscheibe blockiert ist. Wenn nicht, starten Sie den Roboter neu. Wenn das Problem weiterhin besteht, wenden Sie sich bitte an den Kundendienst",Le contrôleur du moteur de la plaque de coupe droite est surchargé,"Veuillez éteindre le robot pour vérifier si le disque de coupe est bloqué. Si ce n'est pas le cas, redémarrez le robot. Si le problème persiste, veuillez contacter le support après-vente",Sovraccarico del controller del motore della testa di taglio destra,"Si prega di spegnere il robot per verificare se il disco da taglio è bloccato. Se non lo è, riavviare il robot. Se il problema persiste, si prega di contattare l'assistenza post-vendita",,,El controlador del motor de la placa de corte derecha está sobrecargado,"Por favor, apague el robot para comprobar si el disco de corte está atascado. Si no es así, reinicie el robot. Si el problema persiste, póngase en contacto con el soporte posventa",Doprava řezná hlava regulátor motoru přetížení,"Vypněte robota a zkontrolujte, zda je řezací kotouč zaseknutý. Pokud ne, restartujte robota. Pokud problém přetrvává, kontaktujte zákaznickou podporu",,,Pravá rezka regulátor motora preťaženie,"Prosím, vypnite robota a skontrolujte, či je rezný kotúč zaseknutý. Ak nie je, reštartujte robota. Ak problém pretrváva, kontaktujte popredajnú podporu",Przeciążenie regulatora silnika prawej głowicy,"Proszę wyłączyć robota, aby sprawdzić, czy tarcza tnąca jest zablokowana. Jeśli nie, uruchom ponownie robota. Jeśli problem nadal występuje, skontaktuj się z pomocą posprzedażną",Juiste cutterhead motor controller overbelasting,"Schakel de robot uit om te controleren of het snijwiel geblokkeerd is. Zo niet, herstart de robot. Als het probleem aanhoudt, neem dan contact op met de klantenservice",Controlleren på den højre slåskive er overbelastet,"Sluk robotten for at kontrollere, om skæreskiven er blokeret. Hvis ikke, genstart robotten. Hvis problemet fortsætter, bedes du kontakte kundesupporten",,,Styrenheten för den högra klipptallriken är överbelastad,"Stäng av roboten för att kontrollera om skärskivan är fastklämd. Om inte, starta om roboten. Om problemet kvarstår, kontakta efterförsäljningssupporten",Motorni krmilnik desne glave preobremenite,"Prosimo, izklopite robota, da preverite, ali je rezalni disk zagozden. Če ni, znova zaženite robota. Če težava vztraja, se obrnite na podporo po prodaji",,,,,,,,,,,,,,,,,,,,
461,3,common,STATE_461,1,右刀盘电机过载,The right cutting disk motor is overloaded,"Please turn off the robot to check if the cutting disk is jammed. If not, restart the robot. If the issue persists, please contact the after-sales support",右刀盘电机过载,请在机器关机情况下，检查刀盘是否被卡住或者被缠绕住。若多次重启无效，请联系售后,Motor überlast auf der rechten Klinge,"Schalten Sie den Roboter aus, um zu überprüfen, ob die Trennscheibe blockiert ist. Wenn nicht, starten Sie den Roboter neu. Wenn das Problem weiterhin besteht, wenden Sie sich bitte an den Kundendienst",Le moteur de la plaque de coupe droite est surchargé,"Veuillez éteindre le robot pour vérifier si le disque de coupe est bloqué. Si ce n'est pas le cas, redémarrez le robot. Si le problème persiste, veuillez contacter le support après-vente",Sovraccarico del motore della testa di taglio destro,"Si prega di spegnere il robot per verificare se il disco da taglio è bloccato. Se non lo è, riavviare il robot. Se il problema persiste, si prega di contattare l'assistenza post-vendita",,,El motor de la placa de corte derecha está sobrecargado,"Por favor, apague el robot para comprobar si el disco de corte está atascado. Si no es así, reinicie el robot. Si el problema persiste, póngase en contacto con el soporte posventa",Přetížení motoru vpravo,"Vypněte robota a zkontrolujte, zda je řezací kotouč zaseknutý. Pokud ne, restartujte robota. Pokud problém přetrvává, kontaktujte zákaznickou podporu",,,Preťaženie motora vpravo,"Prosím, vypnite robota a skontrolujte, či je rezný kotúč zaseknutý. Ak nie je, reštartujte robota. Ak problém pretrváva, kontaktujte popredajnú podporu",Przeciążenie silnika prawej głowicy,"Proszę wyłączyć robota, aby sprawdzić, czy tarcza tnąca jest zablokowana. Jeśli nie, uruchom ponownie robota. Jeśli problem nadal występuje, skontaktuj się z pomocą posprzedażną",Juiste cutterhead motor overbelasting,"Schakel de robot uit om te controleren of het snijwiel geblokkeerd is. Zo niet, herstart de robot. Als het probleem aanhoudt, neem dan contact op met de klantenservice",Den højre slåskivemotor er overbelastet,"Sluk robotten for at kontrollere, om skæreskiven er blokeret. Hvis ikke, genstart robotten. Hvis problemet fortsætter, bedes du kontakte kundesupporten",,,Den högra klipptallrikens motor är överbelastad,"Stäng av roboten för att kontrollera om skärskivan är fastklämd. Om inte, starta om roboten. Om problemet kvarstår, kontakta efterförsäljningssupporten",Preobremenitev motorja na desni glavi,"Prosimo, izklopite robota, da preverite, ali je rezalni disk zagozden. Če ni, znova zaženite robota. Če težava vztraja, se obrnite na podporo po prodaji",,,,,,,,,,,,,,,,,,,,
466,3,common,STATE_466,1,右刀盘电机换向超时,Timeout occurred in the commutation of the right cutting disk motor,"Please turn off the robot to check if the cutting disk is jammed. If not, restart the robot. If the issue persists, please contact the after-sales support",右刀盘电机换向超时,请在机器关机情况下，检查刀盘是否被卡住或者被缠绕住。若多次重启无效，请联系售后,Timeout des rechten Messer motors,"Schalten Sie den Roboter aus, um zu überprüfen, ob die Trennscheibe blockiert ist. Wenn nicht, starten Sie den Roboter neu. Wenn das Problem weiterhin besteht, wenden Sie sich bitte an den Kundendienst",Drousel de changement de direction du moteur de la plaque de coupe droite,"Veuillez éteindre le robot pour vérifier si le disque de coupe est bloqué. Si ce n'est pas le cas, redémarrez le robot. Si le problème persiste, veuillez contacter le support après-vente",Timeout di commutazione del motore della testa di taglio destra,"Si prega di spegnere il robot per verificare se il disco da taglio è bloccato. Se non lo è, riavviare il robot. Se il problema persiste, si prega di contattare l'assistenza post-vendita",,,El motor de la placa de corte derecha cambia el tiempo de espera,"Por favor, apague el robot para comprobar si el disco de corte está atascado. Si no es así, reinicie el robot. Si el problema persiste, póngase en contacto con el soporte posventa",Vpravo řezná hlava motor commutation timeout,"Vypněte robota a zkontrolujte, zda je řezací kotouč zaseknutý. Pokud ne, restartujte robota. Pokud problém přetrvává, kontaktujte zákaznickou podporu",,,Pravé cutterhead motor commutation timeout,"Prosím, vypnite robota a skontrolujte, či je rezný kotúč zaseknutý. Ak nie je, reštartujte robota. Ak problém pretrváva, kontaktujte popredajnú podporu",Ograniczenie limitu czasu komutacji silnika prawej głowicy,"Proszę wyłączyć robota, aby sprawdzić, czy tarcza tnąca jest zablokowana. Jeśli nie, uruchom ponownie robota. Jeśli problem nadal występuje, skontaktuj się z pomocą posprzedażną",Time-out voor commutatie van de juiste cutterhead-motor,"Schakel de robot uit om te controleren of het snijwiel geblokkeerd is. Zo niet, herstart de robot. Als het probleem aanhoudt, neem dan contact op met de klantenservice",Timeout opstod ved kommunikation med den højre slåskivemotor,"Sluk robotten for at kontrollere, om skæreskiven er blokeret. Hvis ikke, genstart robotten. Hvis problemet fortsætter, bedes du kontakte kundesupporten",,,Timeout inträffade i kommuteringen av den högra klipptallrikens motor,"Stäng av roboten för att kontrollera om skärskivan är fastklämd. Om inte, starta om roboten. Om problemet kvarstår, kontakta efterförsäljningssupporten",Časovni razporeditev motorja na desni glavi.,"Prosimo, izklopite robota, da preverite, ali je rezalni disk zagozden. Če ni, znova zaženite robota. Če težava vztraja, se obrnite na podporo po prodaji",,,,,,,,,,,,,,,,,,,,
467,3,common,STATE_467,1,右刀盘电机启动超时,Timeout occurred in the startup of the right cutting disk motor,"Please turn off the robot to check if the cutting disk is jammed. If not, restart the robot. If the issue persists, please contact the after-sales support",右刀盘电机启动超时,请在机器关机情况下，检查刀盘是否被卡住或者被缠绕住。若多次重启无效，请联系售后,Timeout des rechten Messer motors,"Schalten Sie den Roboter aus, um zu überprüfen, ob die Trennscheibe blockiert ist. Wenn nicht, starten Sie den Roboter neu. Wenn das Problem weiterhin besteht, wenden Sie sich bitte an den Kundendienst",Drousel de démarrage du moteur de la plaque de coupe droite,"Veuillez éteindre le robot pour vérifier si le disque de coupe est bloqué. Si ce n'est pas le cas, redémarrez le robot. Si le problème persiste, veuillez contacter le support après-vente",Timeout di avvio del motore fruterhead destro,"Si prega di spegnere il robot per verificare se il disco da taglio è bloccato. Se non lo è, riavviare il robot. Se il problema persiste, si prega di contattare l'assistenza post-vendita",,,El motor de la cuchilla derecha arranca el tiempo de espera,"Por favor, apague el robot para comprobar si el disco de corte está atascado. Si no es así, reinicie el robot. Si el problema persiste, póngase en contacto con el soporte posventa",Správný čas spuštění motoru cutterhead,"Vypněte robota a zkontrolujte, zda je řezací kotouč zaseknutý. Pokud ne, restartujte robota. Pokud problém přetrvává, kontaktujte zákaznickou podporu",,,Pravé cutterhead motor startup timeout,"Prosím, vypnite robota a skontrolujte, či je rezný kotúč zaseknutý. Ak nie je, reštartujte robota. Ak problém pretrváva, kontaktujte popredajnú podporu",Prawa głowica do rozruchu silnika,"Proszę wyłączyć robota, aby sprawdzić, czy tarcza tnąca jest zablokowana. Jeśli nie, uruchom ponownie robota. Jeśli problem nadal występuje, skontaktuj się z pomocą posprzedażną",Juiste cutterhead motor opstarten time-out,"Schakel de robot uit om te controleren of het snijwiel geblokkeerd is. Zo niet, herstart de robot. Als het probleem aanhoudt, neem dan contact op met de klantenservice",Timeout opstod ved opstart af den højre slåskivemotor,"Sluk robotten for at kontrollere, om skæreskiven er blokeret. Hvis ikke, genstart robotten. Hvis problemet fortsætter, bedes du kontakte kundesupporten",,,Timeout inträffade vid uppstarten av den högra klipptallrikens motor,"Stäng av roboten för att kontrollera om skärskivan är fastklämd. Om inte, starta om roboten. Om problemet kvarstår, kontakta efterförsäljningssupporten",Čas zagon motorja za desno rezalo,"Prosimo, izklopite robota, da preverite, ali je rezalni disk zagozden. Če ni, znova zaženite robota. Če težava vztraja, se obrnite na podporo po prodaji",,,,,,,,,,,,,,,,,,,,
468,3,common,STATE_468,1,右刀盘电机温度异常,Temperature error detected in the right cutting disk motor,"The robot will come back to normal once the motor temperature decreases. This may take several minutes. Alternatively, you can restart the robot. If the issue persists, please contact our after-sales support",右刀盘电机温度异常,温度下降后设备将恢复正常，该过程可能需要几分钟；或者重启设备，若多次重启无效，请联系售后,Die Motor temperatur des rechten Schneide scheiben motors ist abnormal,"Das Gerät kehrt nach dem Temperatur abfall zum Normalzustand zurück. Der Vorgang kann einige Minuten dauern, oder das Gerät wird neu gestartet. Wenn mehrere Neustarts ungültig sind, wenden Sie sich bitte an den Kundendienst",Température anormale du moteur de la plaque de coupe droite,"L'équipement reviendra à la normale après la baisse de température, le processus peut prendre quelques minutes; ou redémarrer l'appareil, si plusieurs redémarrages ne fonctionnent pas, veuillez contacter après-vente",La temperatura del motore del motore destro della testa di taglio è anormale.,"Dopo che la temperatura scende, il dispositivo tornerà alla normalità. Questo processo può richiedere diversi minuti; o riavviare il dispositivo. Se più riavvii non sono validi, contatta il servizio post-vendita",,,Temperatura anormal del motor del motor de la placa de corte derecha,"El equipo volverá a la normalidad después de que baje la temperatura, el proceso puede tardar varios minutos; o reiniciar el equipo, si varios reinicios no son válidos, comuníquese con el servicio posventa",Teplota motoru pravého řezného motoru hlavy je abnormální.,"Po poklesu teploty se zařízení vrátí k normálu. Tento proces může trvat několik minut; nebo restartovat zařízení. Pokud více restartů není platné, obraťte se na poprodejní službu",,,Teplota motora pravého mrazu hlavy motor je abnormálne.,"Po poklese teploty sa zariadenie vráti do normálu. Tento proces môže trvať niekoľko minút; alebo reštartovať zariadenie. Ak viac reštartov nie je platné, obráťte sa na popredajný servis",Temperatura silnika prawego silnika głowicy tnącej jest nienormalna.,"Po spadku temperatury urządzenie powróci do normy. Ten proces może potrwać kilka minut; lub uruchom ponownie urządzenie. Jeśli wiele restartów jest nieprawidłowych, skontaktuj się z serwisem posprzedażowym",De motortemperatuur van de rechtermotor van de snijkop is abnormaal.,"Nadat de temperatuur is gedaald, keert het apparaat terug naar normaal. Dit proces kan enkele minuten duren; of start het apparaat opnieuw op. Als meerdere herstarts ongeldig zijn, neem dan contact op met de after-sales service",Temperaturfejl registreret i den højre slåskivemotor,"Robotten vender tilbage til normal, når motortemperaturen falder. Dette kan tage flere minutter. Alternativt kan du genstarte robotten. Hvis problemet fortsætter, bedes du kontakte vores support",,,Temperatur fel upptäckts i den högra klipptallrikens motor,"Roboten kommer att återgå till det normala när motortemperaturen sjunker. Det här kan ta flera minuter. Alternativt kan du starta om roboten. Om problemet kvarstår, vänligen kontakta vår kundsupport",Motorna temperatura motorja desne glave je nenormalna.,"Po padcu temperature se naprava vrne v normalno stanje. Ta postopek lahko traja več minut ali pa ponovno zažene napravo. Če več ponovnih zagonov niso veljavni, se obrnite na storitve pop-prodaje",,,,,,,,,,,,,,,,,,,,
469,3,common,STATE_469,1,右刀盘电机MOS温度异常,Temperature error detected in the right cutting disk motor MOS,"The robot will come back to normal once the motor temperature decreases. This may take several minutes. Alternatively, you can restart the robot. If the issue persists, please contact our after-sales support",右刀盘电机MOS温度异常,温度下降后设备将恢复正常，该过程可能需要几分钟；或者重启设备，若多次重启无效，请联系售后,MOS-Temperatur abnormal des rechten Schneide scheiben motors,"Das Gerät kehrt nach dem Temperatur abfall zum Normalzustand zurück. Der Vorgang kann einige Minuten dauern, oder das Gerät wird neu gestartet. Wenn mehrere Neustarts ungültig sind, wenden Sie sich bitte an den Kundendienst",Température anormale du moteur de la plaque de coupe droite MOS,"L'équipement reviendra à la normale après la baisse de température, le processus peut prendre quelques minutes; ou redémarrer l'appareil, si plusieurs redémarrages ne fonctionnent pas, veuillez contacter après-vente",La temperatura MOS del motore destro della testa di taglio è anormale,"Dopo che la temperatura scende, il dispositivo tornerà alla normalità. Questo processo può richiedere diversi minuti; o riavviare il dispositivo. Se più riavvii non sono validi, contatta il servizio post-vendita",,,Temperatura anormal del motor de la placa de cuchilla derecha MOS,"El equipo volverá a la normalidad después de que baje la temperatura, el proceso puede tardar varios minutos; o reiniciar el equipo, si varios reinicios no son válidos, comuníquese con el servicio posventa",Mos teplota pravé řezné hlavy motor je abnormální,"Po poklesu teploty se zařízení vrátí k normálu. Tento proces může trvat několik minut; nebo restartovat zařízení. Pokud více restartů není platné, obraťte se na poprodejní službu",,,Mos teplota pravého nožnice hlavy motor je abnormálne,"Po poklese teploty sa zariadenie vráti do normálu. Tento proces môže trvať niekoľko minút; alebo reštartovať zariadenie. Ak viac reštartov nie je platné, obráťte sa na popredajný servis",Temperatura MOS prawego silnika głowicy tnącej jest nienormalna,"Po spadku temperatury urządzenie powróci do normy. Ten proces może potrwać kilka minut; lub uruchom ponownie urządzenie. Jeśli wiele restartów jest nieprawidłowych, skontaktuj się z serwisem posprzedażowym",MOS-temperatuur van de rechtermotor van de snijkop is abnormaal,"Nadat de temperatuur is gedaald, keert het apparaat terug naar normaal. Dit proces kan enkele minuten duren; of start het apparaat opnieuw op. Als meerdere herstarts ongeldig zijn, neem dan contact op met de after-sales service",Temperaturfejl registreret i den rigtige slåskivemotor MOS,"Robotten vender tilbage til normal, når motortemperaturen falder. Dette kan tage flere minutter. Alternativt kan du genstarte robotten. Hvis problemet fortsætter, bedes du kontakte vores support",,,Temperatur fel upptäckt i den högra klipptallrikens motor MOS,"Roboten kommer att återgå till det normala när motortemperaturen sjunker. Det här kan ta flera minuter. Alternativt kan du starta om roboten. Om problemet kvarstår, vänligen kontakta vår kundsupport",MOS temperatura motorja desnega rezalca glave je nenormalna.,"Po padcu temperature se naprava vrne v normalno stanje. Ta postopek lahko traja več minut ali pa ponovno zažene napravo. Če več ponovnih zagonov niso veljavni, se obrnite na storitve pop-prodaje",,,,,,,,,,,,,,,,,,,,
470,3,common,STATE_470,1,右刀盘电机换向启动超时,Timeout occurred in the commutation of the right cutting disk motor,"Please turn off the robot and check if the cutting disk is jammed. If not, restart the robot. If the issue persists, please contact the after-sales support",右刀盘电机换向启动超时,请在机器关机情况下，检查刀盘否被卡住或者被缠绕。若多次重启无效，请联系售后,Timeout des rechten Schneide scheiben motors,"Bitte überprüfen Sie, ob der Messer teller fests teckt oder verwickelt ist, wenn die Maschine aus geschaltet ist. Wenn mehrere Neustarts ungültig sind, wenden Sie sich bitte an den Kundendienst",Drousel de démarrage de changement de direction du moteur de la plaque de coupe droite,"Veuillez vérifier si la lame est bloquée ou enchevêtrée lorsque la machine est éteinée. Si plusieurs redémarrages sont invalides, veuillez contacter après-vente",Timeout di inizio della commutazione del motore della testa di taglio destra,"Si prega di verificare se la testa del cutter è bloccata o impigliata quando la macchina è spenta. Se più riavvii non sono validi, si prega di contattare post-vendita",,,El motor de la placa de cuchilla derecha se repone para arrancar,"Compruebe si la cuchilla está atascada o enredada cuando la máquina esté apagada. Si varios reinicios no son válidos, comuníquese con el servicio posventa",Vpravo řezná hlava motor komutace počáteční časový limit,"Zkontrolujte, zda je hlava řezače zaseklá nebo zapletená, když je stroj vypnut. Pokud je opakované restartování neplatné, obraťte se na následný prodej.",,,Pravé cutterhead motor commutation start timeout,"Skontrolujte, či je hlava rezania uviaznutá alebo zapletená, keď je stroj vypnutý. Ak viac reštartov nie je platné, kontaktujte prosím po predaji",Wyznaczony limit czasu na rozpoczęcie komutacji silnika prawej głowicy,"Proszę sprawdzić, czy głowica tnąca jest zablokowana lub splątana, gdy maszyna jest wyłączona. Jeśli wiele restartów jest nieprawidłowych, skontaktuj się z posprzedażnym",Rechts cutterhead motor commutatie start time-out,"Controleer of de snijkop vastzit of verstrikt raakt wanneer de machine wordt uitgeschakeld. Als meerdere herstarts ongeldig zijn, neem dan contact op met de after-sales",Højre cutterhead motor pendling timeout starter,"Tjek venligst, om skærehovedet sidder fast eller indfiltrer, når maskinen er slukket. Hvis flere genstarter er ugyldige, kontakt venligst eftersalg",,,Höger cutterhead motor pendeltidsstart,Kontrollera om skärhuvudet har fastnat eller insnärmat när maskinen är avstängd. Om flera omstart är ogiltiga,Čas začetka zagona motorja z desno kapo,"Prosimo, preverite, ali je glava rezalnika zataknjena ali zapletena, ko je stroj izklopljen. Če več ponovnih zagonov niso veljavni, se obrnite na poprodaji",,,,,,,,,,,,,,,,,,,,
486,3,common,STATE_486,1,左卷草电机通讯异常,Communication error detected in the left sweeping motor,"Restart the robot. If the issue persists, please contact our after-sales support",左卷草电机通讯异常,重启设备，若多次重启无效，请联系售后,Abnormale Kommunikation des linken Curl-Motors,"Starten Sie das Gerät neu. Wenn mehrere Neustarts ungültig sind, wenden Sie sich bitte an den Kundendienst",Anomalie de communication du moteur à enroulement gauche,"Redémarrez l'appareil, si plusieurs redémarrages sont invalides, veuillez contacter après-vente",Anomalia della comunicazione del motore di curling sinistro,"Riavvia il dispositivo. Se più riavvii non sono validi, contatta il servizio post-vendita.",,,Comunicación anormal del motor de hierba enrollada izquierda,"Reinicie el equipo, si varios reinicios no son válidos, comuníquese con el servicio posventa",Left curling motor communication abnormality,"Restartujte zařízení. Pokud více restartů není platné, obraťte se na poprodejní službu.",,,Ľavé curling motor komunikácie abnormality,"Reštartovať zariadenie. Ak je viacero reštartov neplatné, kontaktujte prosím popredajnú službu.",Nieprawidłowość w komunikacji lewego silnika curlingowego,"Uruchom ponownie urządzenie. Jeśli wiele restartów jest nieprawidłowych, skontaktuj się z działem obsługi posprzedażnej.",Left curling motor communicatie afwijking,"Start het apparaat opnieuw op. Als meerdere herstarts ongeldig zijn, kunt u contact opnemen met de after-sales service.",Kommunikationsfejl registreret i venstre fejemotor,"Genstart robotten. Hvis problemet fortsætter, bedes du kontakte vores eftersalgssupport",,,Kommunikationsfel upptäckt i den vänstra sopmotorn,"Starta om roboten. Om problemet kvarstår, kontakta vår kundsupport",Nepravilnost motornega komunikacije z levo kodrlo,"Zaženi napravo. Če več ponovnih zagonov niso veljavni, se obrnite na poprodajne storitve.",,,,,,,,,,,,,,,,,,,,
488,3,common,STATE_488,1,左卷草电机电压过低,The voltage of the left sweeping motor is too low,"Restart the robot. If the issue persists, please contact our after-sales support",左卷草电机电压过低,重启设备，若多次重启无效，请联系售后,Die Spannung des linken Curling-Motors ist zu niedrig,"Starten Sie das Gerät neu. Wenn mehrere Neustarts ungültig sind, wenden Sie sich bitte an den Kundendienst",La tension du moteur de curling gauche est trop basse,"Redémarrez l'appareil, si plusieurs redémarrages sont invalides, veuillez contacter après-vente",Tensione del motore di curling sinistro troppo bassa,"Riavvia il dispositivo. Se più riavvii non sono validi, contatta il servizio post-vendita.",,,El voltaje del motor de la hierba izquierda es demasiado bajo,"Reinicie el equipo, si varios reinicios no son válidos, comuníquese con el servicio posventa",Levé napětí motoru curlingu příliš nízké,"Restartujte zařízení. Pokud více restartů není platné, obraťte se na poprodejní službu.",,,Vľavo curling motora napätie príliš nízke,"Reštartovať zariadenie. Ak je viacero reštartov neplatné, kontaktujte prosím popredajnú službu.",Zbyt niskie napięcie silnika w lewo,"Uruchom ponownie urządzenie. Jeśli wiele restartów jest nieprawidłowych, skontaktuj się z działem obsługi posprzedażnej.",Linker krulmotorspanning te laag,"Start het apparaat opnieuw op. Als meerdere herstarts ongeldig zijn, kunt u contact opnemen met de after-sales service.",Spændingen på venstre fejemotor er for lav,"Genstart robotten. Hvis problemet fortsætter, bedes du kontakte vores support",,,Spänningen på den vänstra sopmotorn är för låg,"Starta om roboten. Om problemet kvarstår, kontakta vår kundsupport",Prenizka motorna napetost levi kodrli,"Zaženi napravo. Če več ponovnih zagonov niso veljavni, se obrnite na poprodajne storitve.",,,,,,,,,,,,,,,,,,,,
490,3,mcu,STATE_490,1,集草电机过流,Sweeping motor overcurrent,"Restart the robot. If the issue persists, please contact our after-sales support",集草电机过流,重启设备，若多次重启无效，请联系售后,Überstrom am Kehrmotor,"Starten Sie den Roboter neu. Wenn das Problem weiterhin besteht, wenden Sie sich bitte an unseren Kundendienst",Surintensité du moteur de balayage,"Redémarrez le robot. Si le problème persiste, veuillez contacter notre service après-vente",Sovracorrente motore unità spazzola,"Riavviare il robot. Se il problema persiste, contattare il nostro centro di assistenza post-vendita",,,Sobrecorriente del motor de barrido,"Reinicie el robot. Si el problema persiste, póngase en contacto con nuestro servicio postventa",Nadproud motoru sběru,"Restartujte robot. Pokud problém přetrvává, obraťte se na naši poprodejní podporu",,,Nadmerný prúd v motore zametania,"Reštartujte robota. Ak problém pretrváva, obráťte sa na naše oddelenie podpory po predaji",Przeciążenie silnika zamiatającego,"Uruchom ponownie robota. Jeśli problem będzie się powtarzał, skontaktuj się z naszym serwisem posprzedażnym",Vegende motoroverstroom,"Start de robot opnieuw. Als het probleem aanhoudt, neem dan contact op met onze dienst na verkoop",Overspænding på fejemotor,"Genstart robotten. Kontakt vores kundesupport, hvis problemet varer ved",,,Överström i sopningsmotor,Starta om roboten. Om problemet kvarstår ber vi dig kontakta vår eftermarknadssupport,Nadtok motorja za pometanje,"Znova zaženite robota. Če težave ne morete odpraviti, se obrnite na našo poprodajno podporo",Sobreintensidade do motor de varrimento,"Reinicie o robô. Se o problema persistir, contacte a nossa assistência pós-venda",Söprő motor túláram,"Indítsa újra a robotot. Ha a probléma továbbra is fennáll, kérjük, forduljon értékesítés utáni ügyfélszolgálatunkhoz",Nadstruja motora za čišćenje,"Ponovno pokrenite robota. Ako se problem ne riješi, obratite se našoj poslijeprodajnoj podršci",Overspenning i feiemotor,Start roboten på nytt. Kontakt vår ettersalgsstøtte hvis problemet vedvarer,Lakaisumoottorin ylivirta,"Käynnistä robotti uudelleen. Jos ongelma jatkuu, ota yhteyttä myynnin jälkeiseen tukeen",Supracurent motor cu baleiaj,"Reporniți robotul. Dacă problema persistă, vă rugăm să contactați asistența noastră post-vânzare",Свръхток в мотора за изчистване,"Рестартирайте робота. Ако проблемът продължава, свържете се с нашия екип за обслужване на клиенти",Pühkimismootori liigvool,"Taaskäivitage robot. Kui probleem püsib, võtke ühendust meie müügijärgse toega",Slaucīšanas motora strāvas pārslodze,"Restartējiet robotu. Ja problēma joprojām pastāv, lūdzu, sazinieties ar mūsu pēcpārdošanas atbalsta dienestu",Per didelė šlavimo variklio srovė,"Paleiskite robotą iš naujo. Jei problema išlieka, susisiekite su mūsų aptarnavimo komanda"
492,3,common,STATE_492,1,左卷草电机控制器过载,Peak power overload on the left sweeping motor controller,"Please turn off the robot to check if the roller is jammed. If not, restart the robot. If the issue persists, please contact the after-sales support",左卷草电机控制器峰值功率过载,请在机器关机情况下，检查滚轮是否被卡柱或者被缠绕住。若多次重启无效，请联系售后,Linke Curl-Motors teuerung Spitzen leistung Überlastung,"Schalten Sie den Roboter aus, um zu überprüfen, ob die Trennscheibe blockiert ist. Wenn nicht, starten Sie den Roboter neu. Wenn das Problem weiterhin besteht, wenden Sie sich bitte an den Kundendienst",Surcharge de puissance de crête du contrôleur de moteur de curling gauche,"Veuillez éteindre le robot pour vérifier si le disque de coupe est bloqué. Si ce n'est pas le cas, redémarrez le robot. Si le problème persiste, veuillez contacter le support après-vente",Sovraccarico di potenza di picco del controller del motore curling sinistro,"Si prega di spegnere il robot per verificare se il disco da taglio è bloccato. Se non lo è, riavviare il robot. Se il problema persiste, si prega di contattare l'assistenza post-vendita",,,Controlador de motor de hierba enrollada izquierda sobrecarga de potencia máxima,"Por favor, apague el robot para comprobar si el disco de corte está atascado. Si no es así, reinicie el robot. Si el problema persiste, póngase en contacto con el soporte posventa",Levá regulátor curlingu špičkový výkon přetížení,"Vypněte robota a zkontrolujte, zda je řezací kotouč zaseknutý. Pokud ne, restartujte robota. Pokud problém přetrvává, kontaktujte zákaznickou podporu",,,Vľavo curling motor regulátor vrchol výkon preťaženie,"Prosím, vypnite robota a skontrolujte, či je rezný kotúč zaseknutý. Ak nie je, reštartujte robota. Ak problém pretrváva, kontaktujte popredajnú podporu",Przeciążenie szczytowej mocy kontrolera lewego silnika curlingu,"Proszę wyłączyć robota, aby sprawdzić, czy tarcza tnąca jest zablokowana. Jeśli nie, uruchom ponownie robota. Jeśli problem nadal występuje, skontaktuj się z pomocą posprzedażną",Linker curling motor controller piekvermogen overbelasting,"Schakel de robot uit om te controleren of het snijwiel geblokkeerd is. Zo niet, herstart de robot. Als het probleem aanhoudt, neem dan contact op met de klantenservice",Styringen på venstre fejemotor er overbelastet,"Sluk robotten for at kontrollere, om skæreskiven er blokeret. Hvis ikke, genstart robotten. Hvis problemet fortsætter, bedes du kontakte kundesupporten",,,Styrenheten för den vänstra sopmotorn är överbelastad,"Stäng av roboten för att kontrollera om skärskivan är fastklämd. Om inte, starta om roboten. Om problemet kvarstår, kontakta efterförsäljningssupporten",Levi motorni krmilnik vrhunec moči preobremenitve preobremenitva,"Prosimo, izklopite robota, da preverite, ali je rezalni disk zagozden. Če ni, znova zaženite robota. Če težava vztraja, se obrnite na podporo po prodaji",,,,,,,,,,,,,,,,,,,,
493,3,common,STATE_493,1,左卷草电机过载,The left sweeping motor is overloaded,"Please turn off the robot to check if the roller is jammed. If not, restart the robot. If the issue persists, please contact the after-sales support",左卷草电机过载,请在机器关机情况下，检查滚轮是否被卡柱或者被缠绕住。若多次重启无效，请联系售后,Linke Curle Motor überlast,"Schalten Sie den Roboter aus, um zu überprüfen, ob die Trennscheibe blockiert ist. Wenn nicht, starten Sie den Roboter neu. Wenn das Problem weiterhin besteht, wenden Sie sich bitte an den Kundendienst",Surcharge du moteur de curling gauche,"Veuillez éteindre le robot pour vérifier si le disque de coupe est bloqué. Si ce n'est pas le cas, redémarrez le robot. Si le problème persiste, veuillez contacter le support après-vente",Sovraccarico del motore dell'erba di curling sinistro,"Si prega di spegnere il robot per verificare se il disco da taglio è bloccato. Se non lo è, riavviare il robot. Se il problema persiste, si prega di contattare l'assistenza post-vendita",,,Sobrecarga del motor de la hierba izquierda,"Por favor, apague el robot para comprobar si el disco de corte está atascado. Si no es así, reinicie el robot. Si el problema persiste, póngase en contacto con el soporte posventa",Left curling grass motor overload,"Vypněte robota a zkontrolujte, zda je řezací kotouč zaseknutý. Pokud ne, restartujte robota. Pokud problém přetrvává, kontaktujte zákaznickou podporu",,,Vľavo curling tráva motor preťaženie,"Prosím, vypnite robota a skontrolujte, či je rezný kotúč zaseknutý. Ak nie je, reštartujte robota. Ak problém pretrváva, kontaktujte popredajnú podporu",Przeciążenie silnika trawiastego po lewej stronie,"Proszę wyłączyć robota, aby sprawdzić, czy tarcza tnąca jest zablokowana. Jeśli nie, uruchom ponownie robota. Jeśli problem nadal występuje, skontaktuj się z pomocą posprzedażną",Overbelasting van de linker curling grasmotor,"Schakel de robot uit om te controleren of het snijwiel geblokkeerd is. Zo niet, herstart de robot. Als het probleem aanhoudt, neem dan contact op met de klantenservice",Den venstre fejemotor er overbelastet,"Sluk robotten for at kontrollere, om skæreskiven er blokeret. Hvis ikke, genstart robotten. Hvis problemet fortsætter, bedes du kontakte kundesupporten",,,Den vänstra sopmotorn är överbelastad,"Stäng av roboten för att kontrollera om skärskivan är fastklämd. Om inte, starta om roboten. Om problemet kvarstår, kontakta efterförsäljningssupporten",Preobremenitev motorja levo kodre trave,"Prosimo, izklopite robota, da preverite, ali je rezalni disk zagozden. Če ni, znova zaženite robota. Če težava vztraja, se obrnite na podporo po prodaji",,,,,,,,,,,,,,,,,,,,
498,3,common,STATE_498,1,左卷草电机换向超时,Timeout occurred in the commutation of the left sweeping motor,"Please turn off the robot to check if the roller is jammed. If not, restart the robot. If the issue persists, please contact the after-sales support",左卷草电机换向超时,请在机器关机情况下，检查滚轮是否被卡柱或者被缠绕住。若多次重启无效，请联系售后,Wechselzeit des linken Curl-Motors,"Schalten Sie den Roboter aus, um zu überprüfen, ob die Trennscheibe blockiert ist. Wenn nicht, starten Sie den Roboter neu. Wenn das Problem weiterhin besteht, wenden Sie sich bitte an den Kundendienst",Dérive de changement de direction du moteur de curling gauche,"Veuillez éteindre le robot pour vérifier si le disque de coupe est bloqué. Si ce n'est pas le cas, redémarrez le robot. Si le problème persiste, veuillez contacter le support après-vente",Timeout di commutazione del motore di curling sinistro,"Si prega di spegnere il robot per verificare se il disco da taglio è bloccato. Se non lo è, riavviare il robot. Se il problema persiste, si prega di contattare l'assistenza post-vendita",,,El motor de hierba enrollada a la izquierda cambia el tiempo de espera,"Por favor, apague el robot para comprobar si el disco de corte está atascado. Si no es así, reinicie el robot. Si el problema persiste, póngase en contacto con el soporte posventa",Left curling motor commutation timeout,"Vypněte robota a zkontrolujte, zda je řezací kotouč zaseknutý. Pokud ne, restartujte robota. Pokud problém přetrvává, kontaktujte zákaznickou podporu",,,Levá curling motor commutation timeout,"Prosím, vypnite robota a skontrolujte, či je rezný kotúč zaseknutý. Ak nie je, reštartujte robota. Ak problém pretrváva, kontaktujte popredajnú podporu",Wyznaczony limit czasu komutacji lewego silnika curlingowego,"Proszę wyłączyć robota, aby sprawdzić, czy tarcza tnąca jest zablokowana. Jeśli nie, uruchom ponownie robota. Jeśli problem nadal występuje, skontaktuj się z pomocą posprzedażną",Time-out voor commutatie van de linker curling-motor,"Schakel de robot uit om te controleren of het snijwiel geblokkeerd is. Zo niet, herstart de robot. Als het probleem aanhoudt, neem dan contact op met de klantenservice",Timeout opstod i komunikation med den venstre fejemotor,"Sluk robotten for at kontrollere, om skæreskiven er blokeret. Hvis ikke, genstart robotten. Hvis problemet fortsætter, bedes du kontakte kundesupporten",,,Timeout inträffade i kommuteringen av den vänstra svepmotorn,"Stäng av roboten för att kontrollera om skärskivan är fastklämd. Om inte, starta om roboten. Om problemet kvarstår, kontakta efterförsäljningssupporten",Časovni razporeditev motorja v levi kodr,"Prosimo, izklopite robota, da preverite, ali je rezalni disk zagozden. Če ni, znova zaženite robota. Če težava vztraja, se obrnite na podporo po prodaji",,,,,,,,,,,,,,,,,,,,
499,3,common,STATE_499,1,左卷草电机启动超时,Timeout occurred in the startup of the left sweeping motor,"Please turn off the robot to check if the roller is jammed. If not, restart the robot. If the issue persists, please contact the after-sales support",左卷草电机启动超时,请在机器关机情况下，检查滚轮是否被卡柱或者被缠绕住。若多次重启无效，请联系售后,Timeout des linken Curling-Motors,"Schalten Sie den Roboter aus, um zu überprüfen, ob die Trennscheibe blockiert ist. Wenn nicht, starten Sie den Roboter neu. Wenn das Problem weiterhin besteht, wenden Sie sich bitte an den Kundendienst",Le moteur de curling gauche démarre le délai d'attente,"Veuillez éteindre le robot pour vérifier si le disque de coupe est bloqué. Si ce n'est pas le cas, redémarrez le robot. Si le problème persiste, veuillez contacter le support après-vente",Timeout di avvio del motore di curling grass sinistro,"Si prega di spegnere il robot per verificare se il disco da taglio è bloccato. Se non lo è, riavviare il robot. Se il problema persiste, si prega di contattare l'assistenza post-vendita",,,El motor de la hierba izquierda arranca el tiempo de espera,"Por favor, apague el robot para comprobar si el disco de corte está atascado. Si no es así, reinicie el robot. Si el problema persiste, póngase en contacto con el soporte posventa",Left curling grass motor startup timeout,"Vypněte robota a zkontrolujte, zda je řezací kotouč zaseknutý. Pokud ne, restartujte robota. Pokud problém přetrvává, kontaktujte zákaznickou podporu",,,Vľavo curling grass motor startup timeout,"Prosím, vypnite robota a skontrolujte, či je rezný kotúč zaseknutý. Ak nie je, reštartujte robota. Ak problém pretrváva, kontaktujte popredajnú podporu",Wyłączny limit czasu uruchamiania lewego silnika trawiastego,"Proszę wyłączyć robota, aby sprawdzić, czy tarcza tnąca jest zablokowana. Jeśli nie, uruchom ponownie robota. Jeśli problem nadal występuje, skontaktuj się z pomocą posprzedażną",Time-out voor het opstarten van een rijgras,"Schakel de robot uit om te controleren of het snijwiel geblokkeerd is. Zo niet, herstart de robot. Als het probleem aanhoudt, neem dan contact op met de klantenservice",Timeout opstod ved opstart af venstre fejemotor,"Sluk robotten for at kontrollere, om skæreskiven er blokeret. Hvis ikke, genstart robotten. Hvis problemet fortsætter, bedes du kontakte kundesupporten",,,Timeout inträffade vid start av den vänstra sopmotorn,"Stäng av roboten för att kontrollera om skärskivan är fastklämd. Om inte, starta om roboten. Om problemet kvarstår, kontakta efterförsäljningssupporten",Začetni čas za začetek trave z levo curling trava,"Prosimo, izklopite robota, da preverite, ali je rezalni disk zagozden. Če ni, znova zaženite robota. Če težava vztraja, se obrnite na podporo po prodaji",,,,,,,,,,,,,,,,,,,,
500,3,common,STATE_500,1,左卷草电机温度异常,Temperature error detected in the left sweeping motor,"The robot will come back to normal once the motor temperature decreases. This may take several minutes. Alternatively, you can restart the robot. If the issue persists, please contact our after-sales support",左卷草电机温度异常,温度下降后设备将恢复正常，该过程可能需要几分钟；或者重启设备，若多次重启无效，请联系售后,Abnormale Temperatur des linken Curling-Motors,"Das Gerät kehrt nach dem Temperatur abfall zum Normalzustand zurück. Der Vorgang kann einige Minuten dauern, oder das Gerät wird neu gestartet. Wenn mehrere Neustarts ungültig sind, wenden Sie sich bitte an den Kundendienst",Température anormale du moteur de curling gauche,"L'équipement reviendra à la normale après la baisse de température, le processus peut prendre quelques minutes; ou redémarrer l'appareil, si plusieurs redémarrages ne fonctionnent pas, veuillez contacter après-vente",Temperatura anormale del motore dell'erba di curling sinistro,"Dopo che la temperatura scende, il dispositivo tornerà alla normalità. Questo processo può richiedere diversi minuti; o riavviare il dispositivo. Se più riavvii non sono validi, contatta il servizio post-vendita",,,La temperatura del motor de la hierba izquierda es anormal,"El equipo volverá a la normalidad después de que baje la temperatura, el proceso puede tardar varios minutos; o reiniciar el equipo, si varios reinicios no son válidos, comuníquese con el servicio posventa",Abnormální teplota levé curling grass motor,"Po poklesu teploty se zařízení vrátí k normálu. Tento proces může trvat několik minut; nebo restartovat zařízení. Pokud více restartů není platné, obraťte se na poprodejní službu",,,Abnormálna teplota ľavého curlingového trávového motora,"Po poklese teploty sa zariadenie vráti do normálu. Tento proces môže trvať niekoľko minút; alebo reštartovať zariadenie. Ak viac reštartov nie je platné, obráťte sa na popredajný servis",Nieprawidłowa temperatura lewego silnika trawy curling,"Po spadku temperatury urządzenie powróci do normy. Ten proces może potrwać kilka minut; lub uruchom ponownie urządzenie. Jeśli wiele restartów jest nieprawidłowych, skontaktuj się z serwisem posprzedażowym",Abnormale temperatuur van de linker curling grasmotor,"Nadat de temperatuur is gedaald, keert het apparaat terug naar normaal. Dit proces kan enkele minuten duren; of start het apparaat opnieuw op. Als meerdere herstarts ongeldig zijn, neem dan contact op met de after-sales service",Temperaturfejl registreret i venstre fejemotor,"Robotten vender tilbage til normal, når motortemperaturen falder. Dette kan tage flere minutter. Alternativt kan du genstarte robotten. Hvis problemet fortsætter, bedes du kontakte vores support",,,Temperatur fel upptäckt i den vänstra sopmotorn,"Roboten kommer att återgå till det normala när motortemperaturen sjunker. Det här kan ta flera minuter. Alternativt kan du starta om roboten. Om problemet kvarstår, vänligen kontakta vår kundsupport",Nenormalna temperatura,"Po padcu temperature se naprava vrne v normalno stanje. Ta postopek lahko traja več minut ali pa ponovno zažene napravo. Če več ponovnih zagonov niso veljavni, se obrnite na storitve pop-prodaje",,,,,,,,,,,,,,,,,,,,
501,3,common,STATE_501,1,左卷草电机MOS温度异常,Temperature error detected in the left sweeping motor MOS,"The robot will come back to normal once the motor temperature decreases. This may take several minutes. Alternatively, you can restart the robot. If the issue persists, please contact our after-sales support",左卷草电机MOS温度异常,温度下降后设备将恢复正常，该过程可能需要几分钟；或者重启设备，若多次重启无效，请联系售后,Linke Curling Motor MOS Temperatur abnormal,"Das Gerät kehrt nach dem Temperatur abfall zum Normalzustand zurück. Der Vorgang kann einige Minuten dauern, oder das Gerät wird neu gestartet. Wenn mehrere Neustarts ungültig sind, wenden Sie sich bitte an den Kundendienst",Température anormale du moteur MOS à enroule gauche,"L'équipement reviendra à la normale après la baisse de température, le processus peut prendre quelques minutes; ou redémarrer l'appareil, si plusieurs redémarrages ne fonctionnent pas, veuillez contacter après-vente",La temperatura del motore di curling sinistro MOS è anormale,"Dopo che la temperatura scende, il dispositivo tornerà alla normalità. Questo processo può richiedere diversi minuti; o riavviare il dispositivo. Se più riavvii non sono validi, contatta il servizio post-vendita",,,Motor de hierba izquierda MOS temperatura anormal,"El equipo volverá a la normalidad después de que baje la temperatura, el proceso puede tardar varios minutos; o reiniciar el equipo, si varios reinicios no son válidos, comuníquese con el servicio posventa",Levý curling motor mos teplota je abnormální,"Po poklesu teploty se zařízení vrátí k normálu. Tento proces může trvat několik minut; nebo restartovat zařízení. Pokud více restartů není platné, obraťte se na poprodejní službu",,,Ľavý curling motor mos teplota je abnormálne,"Po poklese teploty sa zariadenie vráti do normálu. Tento proces môže trvať niekoľko minút; alebo reštartovať zariadenie. Ak viac reštartov nie je platné, obráťte sa na popredajný servis",Lewy silnik zwijający Temperatura MOS jest nienormalna,"Po spadku temperatury urządzenie powróci do normy. Ten proces może potrwać kilka minut; lub uruchom ponownie urządzenie. Jeśli wiele restartów jest nieprawidłowych, skontaktuj się z serwisem posprzedażowym",Linker curling motor MOS temperatuur is abnormaal,"Nadat de temperatuur is gedaald, keert het apparaat terug naar normaal. Dit proces kan enkele minuten duren; of start het apparaat opnieuw op. Als meerdere herstarts ongeldig zijn, neem dan contact op met de after-sales service",Temperaturfejl registreret i venstre fejemotor MOS,"Robotten vender tilbage til normal, når motortemperaturen falder. Dette kan tage flere minutter. Alternativt kan du genstarte robotten. Hvis problemet fortsætter, bedes du kontakte vores support",,,Temperatur fel upptäckts i den vänstra sopmotorns MOS,"Roboten kommer att återgå till det normala när motortemperaturen sjunker. Det här kan ta flera minuter. Alternativt kan du starta om roboten. Om problemet kvarstår, vänligen kontakta vår kundsupport",Temperatura levo kodiranje motorja MOS je nenormalna.,"Po padcu temperature se naprava vrne v normalno stanje. Ta postopek lahko traja več minut ali pa ponovno zažene napravo. Če več ponovnih zagonov niso veljavni, se obrnite na storitve pop-prodaje",,,,,,,,,,,,,,,,,,,,
502,3,common,STATE_502,1,左刀盘电机换向启动超时,Timeout occurred in the commutation of the left sweeping motor,"Please turn off the robot to check if the roller is jammed. If not, restart the robot. If the issue persists, please contact the after-sales support",左卷草电机换向启动超时,请在机器关机情况下，检查滚轮是否被卡柱或者被缠绕住。若多次重启无效，请联系售后,Timeout des linken Curling-Motors,"Schalten Sie den Roboter aus, um zu überprüfen, ob die Trennscheibe blockiert ist. Wenn nicht, starten Sie den Roboter neu. Wenn das Problem weiterhin besteht, wenden Sie sich bitte an den Kundendienst",Dosage de démarrage de changement de direction du moteur de curling gauche,"Veuillez éteindre le robot pour vérifier si le disque de coupe est bloqué. Si ce n'est pas le cas, redémarrez le robot. Si le problème persiste, veuillez contacter le support après-vente",Timeout di inizio della commutazione del motore di curling sinistro,"Si prega di spegnere il robot per verificare se il disco da taglio è bloccato. Se non lo è, riavviare il robot. Se il problema persiste, si prega di contattare l'assistenza post-vendita",,,El motor de hierba enrollada a la izquierda comienza con tiempo de espera,"Por favor, apague el robot para comprobar si el disco de corte está atascado. Si no es así, reinicie el robot. Si el problema persiste, póngase en contacto con el soporte posventa",Vlevo curling motor commutation start timeout,"Vypněte robota a zkontrolujte, zda je řezací kotouč zaseknutý. Pokud ne, restartujte robota. Pokud problém přetrvává, kontaktujte zákaznickou podporu",,,Vľavo curling motor commutation start timeout,"Prosím, vypnite robota a skontrolujte, či je rezný kotúč zaseknutý. Ak nie je, reštartujte robota. Ak problém pretrváva, kontaktujte popredajnú podporu",Wyznaczony limit czasu na uruchomienie lewego silnika curlingowego,"Proszę wyłączyć robota, aby sprawdzić, czy tarcza tnąca jest zablokowana. Jeśli nie, uruchom ponownie robota. Jeśli problem nadal występuje, skontaktuj się z pomocą posprzedażną",Linker curling motor commutatie start time-out,"Schakel de robot uit om te controleren of het snijwiel geblokkeerd is. Zo niet, herstart de robot. Als het probleem aanhoudt, neem dan contact op met de klantenservice",Tidsbestemmelse til venstre curling motor penmutation til venstre.,"Sluk robotten for at kontrollere, om skæreskiven er blokeret. Hvis ikke, genstart robotten. Hvis problemet fortsætter, bedes du kontakte kundesupporten",,,Tidsstart för vänster curling motor penmutering av motorn,"Stäng av roboten för att kontrollera om skärskivan är fastklämd. Om inte, starta om roboten. Om problemet kvarstår, kontakta efterförsäljningssupporten",Čas začetnega zagona motorja z levo kodrino,"Prosimo, izklopite robota, da preverite, ali je rezalni disk zagozden. Če ni, znova zaženite robota. Če težava vztraja, se obrnite na podporo po prodaji",,,,,,,,,,,,,,,,,,,,
503,3,common,STATE_503,1,左卷草电机控制器额定功率过载,Rated power overload on the left sweeping motor controller,"Please turn off the robot to check if the roller is jammed. If not, restart the robot. If the issue persists, please contact the after-sales support",左卷草电机控制器额定功率过载,请在机器关机情况下，检查滚轮是否被卡柱或者被缠绕住。若多次重启无效，请联系售后,Left Curao Motors teuerung Nennleistung Überlastung,"Schalten Sie den Roboter aus, um zu überprüfen, ob die Trennscheibe blockiert ist. Wenn nicht, starten Sie den Roboter neu. Wenn das Problem weiterhin besteht, wenden Sie sich bitte an den Kundendienst",Surcharge de puissance nominale du contrôleur de moteur de curling gauche,"Veuillez éteindre le robot pour vérifier si le disque de coupe est bloqué. Si ce n'est pas le cas, redémarrez le robot. Si le problème persiste, veuillez contacter le support après-vente",Sovraccarico di potenza nominale del regolatore del motore di curling sinistro,"Si prega di spegnere il robot per verificare se il disco da taglio è bloccato. Se non lo è, riavviare il robot. Se il problema persiste, si prega di contattare l'assistenza post-vendita",,,Controlador de motor de hierba enrollada izquierda sobrecarga de potencia nominal,"Por favor, apague el robot para comprobar si el disco de corte está atascado. Si no es así, reinicie el robot. Si el problema persiste, póngase en contacto con el soporte posventa",Levá regulátor curling motoru jmenovitý výkon přetížení,"Vypněte robota a zkontrolujte, zda je řezací kotouč zaseknutý. Pokud ne, restartujte robota. Pokud problém přetrvává, kontaktujte zákaznickou podporu",,,Vľavo curling motor regulátor menovitý výkon preťaženie,"Prosím, vypnite robota a skontrolujte, či je rezný kotúč zaseknutý. Ak nie je, reštartujte robota. Ak problém pretrváva, kontaktujte popredajnú podporu",Przeciążenie mocy znamionowej regulatora lewego silnika curlingu,"Proszę wyłączyć robota, aby sprawdzić, czy tarcza tnąca jest zablokowana. Jeśli nie, uruchom ponownie robota. Jeśli problem nadal występuje, skontaktuj się z pomocą posprzedażną",Linker curling motor controller nominale overbelasting van de macht,"Schakel de robot uit om te controleren of het snijwiel geblokkeerd is. Zo niet, herstart de robot. Als het probleem aanhoudt, neem dan contact op met de klantenservice",Venstre krøllet motorregulator nævnt effektoverbelastning,"Sluk robotten for at kontrollere, om skæreskiven er blokeret. Hvis ikke, genstart robotten. Hvis problemet fortsætter, bedes du kontakte kundesupporten",,,Vänster curling motorregulator märkt kraftöverbelastning,"Stäng av roboten för att kontrollera om skärskivan är fastklämd. Om inte, starta om roboten. Om problemet kvarstår, kontakta efterförsäljningssupporten",Nazivna preobremenitvena moč z levo kodrljo,"Prosimo, izklopite robota, da preverite, ali je rezalni disk zagozden. Če ni, znova zaženite robota. Če težava vztraja, se obrnite na podporo po prodaji",,,,,,,,,,,,,,,,,,,,
518,3,common,STATE_518,1,右卸草电机通讯异常,Communication error detected in the right dumping motor,"Restart the robot. If the issue persists, please contact our after-sales support",右卸草电机通讯异常,重启设备，若多次重启无效，请联系售后,Abnormale Kommunikation des rechten Entlade motors,"Starten Sie das Gerät neu. Wenn mehrere Neustarts ungültig sind, wenden Sie sich bitte an den Kundendienst",Anomalie de communication du moteur de déchargement à droite,"Redémarrez l'appareil, si plusieurs redémarrages sont invalides, veuillez contacter après-vente",Il giusto motore di scarico dell'erba ha una comunicazione anormale.,"Riavvia il dispositivo. Se più riavvii non sono validi, contatta il servizio post-vendita.",,,Comunicación anormal del motor de descarga de césped derecho,"Reinicie el equipo, si varios reinicios no son válidos, comuníquese con el servicio posventa",Správný motor pro vyložení trávy má abnormální komunikaci.,"Restartujte zařízení. Pokud více restartů není platné, obraťte se na poprodejní službu.",,,Správny vykladač trávy má abnormálnu komunikáciu.,"Reštartovať zariadenie. Ak je viacero reštartov neplatné, kontaktujte prosím popredajnú službu.",Prawy silnik rozładowujący trawę ma nienormalną komunikację.,"Uruchom ponownie urządzenie. Jeśli wiele restartów jest nieprawidłowych, skontaktuj się z działem obsługi posprzedażnej.",De juiste motor voor het lossen van gras heeft abnormale communicatie.,"Start het apparaat opnieuw op. Als meerdere herstarts ongeldig zijn, kunt u contact opnemen met de after-sales service.",Kommunikationsfejl opdaget i den højre aflæssemotor,"Genstart robotten. Hvis problemet fortsætter, bedes du kontakte vores support",,,Kommunikationsfel upptäckt i höger dumpmotor,"Starta om roboten. Om problemet kvarstår, kontakta vår kundsupport",Motor za raztovarjanje trave ima nenormalno komunikacijo.,"Zaženi napravo. Če več ponovnih zagonov niso veljavni, se obrnite na poprodajne storitve.",,,,,,,,,,,,,,,,,,,,
520,3,common,STATE_520,1,右卸草电机电压过低,The voltage of the right dumping motor is too low,"Restart the robot. If the issue persists, please contact our after-sales support",右卸草电机电压过低,重启设备，若多次重启无效，请联系售后,Die rechte Entlade motors pannung ist zu niedrig,"Starten Sie das Gerät neu. Wenn mehrere Neustarts ungültig sind, wenden Sie sich bitte an den Kundendienst",La tension du moteur de déchargement à droite est trop basse,"Redémarrez l'appareil, si plusieurs redémarrages sont invalides, veuillez contacter après-vente",Tensione del motore di scarico dell'erba giusta troppo bassa,"Riavvia il dispositivo. Se più riavvii non sono validi, contatta il servizio post-vendita.",,,El voltaje del motor de descarga de césped derecho es demasiado bajo,"Reinicie el equipo, si varios reinicios no son válidos, comuníquese con el servicio posventa",Napětí motoru na vyložení trávy je příliš nízké,"Restartujte zařízení. Pokud více restartů není platné, obraťte se na poprodejní službu.",,,Právo tráva vykladanie napätie motora príliš nízka,"Reštartovať zariadenie. Ak je viacero reštartov neplatné, kontaktujte prosím popredajnú službu.",Zbyt niskie napięcie silnika rozładunku prawej trawy,"Uruchom ponownie urządzenie. Jeśli wiele restartów jest nieprawidłowych, skontaktuj się z działem obsługi posprzedażnej.",Juiste grasontlaadmotorspanning te laag,"Start het apparaat opnieuw op. Als meerdere herstarts ongeldig zijn, kunt u contact opnemen met de after-sales service.",Spændingen på den højre aflæssemotor er for lav,"Genstart robotten. Hvis problemet fortsætter, bedes du kontakte vores support",,,Spänningen på den högra tömningsmotorn är för låg,"Starta om roboten. Om problemet kvarstår, kontakta vår kundsupport",Desna trava raztovarjanje motorna napetost prenizka,"Zaženi napravo. Če več ponovnih zagonov niso veljavni, se obrnite na poprodajne storitve.",,,,,,,,,,,,,,,,,,,,
521,3,common,STATE_521,1,右卸草电机转速响应超时,Timeout occurred in the speed response of the right dumping motor,"Please check if the hopper is overloaded. If not, restart the robot. If the issue persists, please contact the after-sales support",右卸草电机转速响应超时,检查集草袋是否超重，若如不是，请重启机器，若多次重启无效，请联系售后,Timeout der Drehzahl reaktion des rechten Entlade motors,"Überprüfen Sie, ob der Strohs ack übergewichtig ist. Wenn dies nicht der Fall ist, starten Sie die Maschine neu. Wenn mehrere Neustarts ungültig sind, wenden Sie sich bitte an den Kundendienst",Dériver la réponse de vitesse du moteur de déchargement à droite,"Vérifiez si le sac de paille est en surpoids. Si ce n'est pas le cas, veuillez redémarrer la machine. Si plusieurs redémarrages ne sont pas valides, veuillez contacter le service après-vente",Timeout di risposta della velocità del motore di scarico dell'erba destra,"Controlla se la borsa di paglia è in sovrappeso. In caso contrario, riavvia la macchina. Se i riavvii ripetuti non sono validi, si prega di contattare il servizio post-vendita.",,,El tiempo de espera de respuesta de velocidad del motor de descarga de césped derecho,"Compruebe si la bolsa de paja tiene sobrepeso. Si no es así, reinicie la máquina. Si varios reinicios no son válidos, comuníquese con el servicio postventa.",Správné vyložení trávy rychlost reakce,"Zkontrolujte, zda je slepý pytel s nadváhou. Pokud ne, restartujte prosím stroj. Pokud jsou opakované restarty neplatné, obraťte se na poprodejní službu.",,,Pravá tráva vykladanie motora rýchlosť odozvy časový limit,"Skontrolujte, či je slamy vak s nadváhou. Ak nie, reštartujte prosím stroj. Ak sú opakované reštartovanie neplatné, kontaktujte prosím popredajnú službu.",Wyłączny limit czasu reakcji silnika na rozładunek prawej trawy,"Sprawdź, czy worek słomy ma nadwagę. Jeśli nie, uruchom ponownie maszynę. Jeśli powtarzające się restarty są nieważne, skontaktuj się z działem obsługi posprzedażnej.",Rechter gras lossen motor snelheid reactie time-out,"Controleer of de strozak te zwaar is. Zo niet, start de machine opnieuw op. Als herhaald opnieuw opstarten ongeldig is, kunt u contact opnemen met de after-sales service.",Højre græs losning motor hastighed respons timeoute,"Tjek om stråposen er overvægtig. Hvis ikke, så genstart maskinen. Hvis gentagne genstarter er ugyldige, bedes du kontakte eftersalgstjenesten.",,,Höger gräs lossning motor hastighet respons timeoute,"Kontrollera om halmpåsen är överviktig. Om inte, starta om maskinen. Om upprepade omstarter är ogiltiga, vänligen kontakta servicen efter försäljningen.",Desna trava raztovarjanje motorne hitrosti odziv časova,"Preverite, ali je vrečka prekomerna. Če ni, prosimo, ponovno zaženite stroj. Če ponavljajoče ponovne zagone niso veljavne, se obrnite na poprodajne storitve.",,,,,,,,,,,,,,,,,,,,
522,3,mcu,STATE_522,1,卸草电机过流,Dumping motor overcurrent,"Restart the robot. If the issue persists, please contact our after-sales support",卸草电机过流,重启设备，若多次重启无效，请联系售后,Überstrom am Entleerungsmotor,"Starten Sie den Roboter neu. Wenn das Problem weiterhin besteht, wenden Sie sich bitte an unseren Kundendienst",Surintensité du moteur de déversement,"Redémarrez le robot. Si le problème persiste, veuillez contacter notre service après-vente",Sovracorrente motore di scarico,"Riavviare il robot. Se il problema persiste, contattare il nostro centro di assistenza post-vendita",,,Sobrecorriente del motor de descarga,"Reinicie el robot. Si el problema persiste, póngase en contacto con nuestro servicio postventa",Nadproud motoru vyprazdňování,"Restartujte robot. Pokud problém přetrvává, obraťte se na naši poprodejní podporu",,,Nadmerný prúd v motore vyprázdňovania,"Reštartujte robota. Ak problém pretrváva, obráťte sa na naše oddelenie podpory po predaji",Przeciążenie silnika wysypującego,"Uruchom ponownie robota. Jeśli problem będzie się powtarzał, skontaktuj się z naszym serwisem posprzedażnym",Overstroom stortmotor,"Start de robot opnieuw. Als het probleem aanhoudt, neem dan contact op met onze dienst na verkoop",Overspænding på tømningsmotor,"Genstart robotten. Kontakt vores kundesupport, hvis problemet varer ved",,,Överström i dumpningsmotor,Starta om roboten. Om problemet kvarstår ber vi dig kontakta vår eftermarknadssupport,Nadtok motorja za odlaganje,"Znova zaženite robota. Če težave ne morete odpraviti, se obrnite na našo poprodajno podporo",Sobreintensidade do motor de despejo,"Reinicie o robô. Se o problema persistir, contacte a nossa assistência pós-venda",Dömping motor túláram,"Indítsa újra a robotot. Ha a probléma továbbra is fennáll, kérjük, forduljon értékesítés utáni ügyfélszolgálatunkhoz",Nadstruja motora za istovar,"Ponovno pokrenite robota. Ako se problem ne riješi, obratite se našoj poslijeprodajnoj podršci",Overspenning i tømmermotor,Start roboten på nytt. Kontakt vår ettersalgsstøtte hvis problemet vedvarer,Kaatomoottorin ylivirta,"Käynnistä robotti uudelleen. Jos ongelma jatkuu, ota yhteyttä myynnin jälkeiseen tukeen",Supracurent motor de descărcare,"Reporniți robotul. Dacă problema persistă, vă rugăm să contactați asistența noastră post-vânzare",Свръхток в мотора за изпразване,"Рестартирайте робота. Ако проблемът продължава, свържете се с нашия екип за обслужване на клиенти",Tühjendusmootori liigvool,"Taaskäivitage robot. Kui probleem püsib, võtke ühendust meie müügijärgse toega",Izgāšanas motora strāvas pārslodze,"Restartējiet robotu. Ja problēma joprojām pastāv, lūdzu, sazinieties ar mūsu pēcpārdošanas atbalsta dienestu",Išmetimo variklio srovė,"Paleiskite robotą iš naujo. Jei problema išlieka, susisiekite su mūsų aptarnavimo komanda"
524,3,common,STATE_524,1,右集草电机控制器过载,The controller of the right sweeping motor is overloaded,"Restart the robot. If the issue persists, please contact our after-sales support",右集草电机控制器过载,重启设备，若多次重启无效，请联系售后,Überlast der rechten Jicao-Motors teuerung,"Starten Sie das Gerät neu. Wenn mehrere Neustarts ungültig sind, wenden Sie sich bitte an den Kundendienst",Le contrôleur du moteur de collecte droite est surchargé,"Redémarrez l'appareil, si plusieurs redémarrages sont invalides, veuillez contacter après-vente",Sovraccarico giusto del regolatore del motore del collettore dell'erba,"Riavvia il dispositivo. Se più riavvii non sono validi, contatta il servizio post-vendita.",,,El controlador del motor de recolección de césped derecho está sobrecargado,"Reinicie el equipo, si varios reinicios no son válidos, comuníquese con el servicio posventa",Doprava tráva kolektor regulátor motoru přetížení,"Restartujte zařízení. Pokud více restartů není platné, obraťte se na poprodejní službu.",,,Pravá tráva kolektor regulátor motora preťaženie,"Reštartovať zariadenie. Ak je viacero reštartov neplatné, kontaktujte prosím popredajnú službu.",Przeciążenie regulatora silnika kolektora prawej trawy,"Uruchom ponownie urządzenie. Jeśli wiele restartów jest nieprawidłowych, skontaktuj się z działem obsługi posprzedażnej.",Juiste overbelasting van de motor van de grascollector,"Start het apparaat opnieuw op. Als meerdere herstarts ongeldig zijn, kunt u contact opnemen met de after-sales service.",Styringen af den højre fejemotor er overbelastet,"Genstart robotten. Hvis problemet fortsætter, bedes du kontakte vores support",,,Styrenheten för den högra sopmotorn är överbelastad,"Starta om roboten. Om problemet kvarstår, kontakta vår kundsupport",Desna trava zbiralnik motorni krmilnik preobremenjen,"Zaženi napravo. Če več ponovnih zagonov niso veljavni, se obrnite na poprodajne storitve.",,,,,,,,,,,,,,,,,,,,
525,3,common,STATE_525,1,右集草电机过载,The right sweeping motor is overloaded,"Restart the robot. If the issue persists, please contact our after-sales support",右集草电机过载,重启设备，若多次重启无效，请联系售后,Überlast des rechten Gras motors,"Starten Sie das Gerät neu. Wenn mehrere Neustarts ungültig sind, wenden Sie sich bitte an den Kundendienst",Droite surcharge du moteur d'herbe,"Redémarrez l'appareil, si plusieurs redémarrages sont invalides, veuillez contacter après-vente",Sovraccarico del motore di raccolta dell'erba destra,"Riavvia il dispositivo. Se più riavvii non sono validi, contatta il servizio post-vendita.",,,Sobrecarga del motor de hierba de la derecha,"Reinicie el equipo, si varios reinicios no son válidos, comuníquese con el servicio posventa",Přetížení motoru sběru pravého trávy,"Restartujte zařízení. Pokud více restartů není platné, obraťte se na poprodejní službu.",,,Preťaženie pravého trávového zberateľského motora,"Reštartovať zariadenie. Ak je viacero reštartov neplatné, kontaktujte prosím popredajnú službu.",Przeciążenie prawego silnika zbierającego trawę,"Uruchom ponownie urządzenie. Jeśli wiele restartów jest nieprawidłowych, skontaktuj się z działem obsługi posprzedażnej.",Overbelasting van de juiste grasverzamelmotor,"Start het apparaat opnieuw op. Als meerdere herstarts ongeldig zijn, kunt u contact opnemen met de after-sales service.",Den højre fejemotor er overbelastet,"Genstart robotten. Hvis problemet fortsætter, bedes du kontakte vores support",,,Höger sopmotor är överbelastad,"Starta om roboten. Om problemet kvarstår, kontakta vår kundsupport",Preobremenitev motorja zbiranja desne trave,"Zaženi napravo. Če več ponovnih zagonov niso veljavni, se obrnite na poprodajne storitve.",,,,,,,,,,,,,,,,,,,,
530,3,common,STATE_530,1,右集草电机换向超时,Timeout occurred in the commutation of the right sweeping motor,"Restart the robot. If the issue persists, please contact our after-sales support",右集草电机换向超时,重启设备，若多次重启无效，请联系售后,Timeout des rechten Jicao-Motors,"Starten Sie das Gerät neu. Wenn mehrere Neustarts ungültig sind, wenden Sie sich bitte an den Kundendienst",Dérive de changement de direction du moteur d'herbe à droite,"Redémarrez l'appareil, si plusieurs redémarrages sont invalides, veuillez contacter après-vente",Tempo di commutazione del motore dell'erba destra,"Riavvia il dispositivo. Se più riavvii non sono validi, contatta il servizio post-vendita.",,,El tiempo de espera de conmutación del motor de hierba de la derecha,"Reinicie el equipo, si varios reinicios no son válidos, comuníquese con el servicio posventa",Správný časový limit komutace trávového motoru,"Restartujte zařízení. Pokud více restartů není platné, obraťte se na poprodejní službu.",,,Pravé trávnaté motora commutation časové vypršanie (časový limit/čas,"Reštartovať zariadenie. Ak je viacero reštartov neplatné, kontaktujte prosím popredajnú službu.",Limit czasu komutacji silnika prawej trawy,"Uruchom ponownie urządzenie. Jeśli wiele restartów jest nieprawidłowych, skontaktuj się z działem obsługi posprzedażnej.",Time-out voor de commutatie van de rechtergrasmotor,"Start het apparaat opnieuw op. Als meerdere herstarts ongeldig zijn, kunt u contact opnemen met de after-sales service.",Timeout opstod i komunikation med den højre fejemotor,"Genstart robotten. Hvis problemet fortsætter, bedes du kontakte vores support",,,Timeout inträffade i kommuteringen av höger svepmotor,"Starta om roboten. Om problemet kvarstår, kontakta vår kundsupport",Desna trava motorni prometni časovni odpori,"Zaženi napravo. Če več ponovnih zagonov niso veljavni, se obrnite na poprodajne storitve.",,,,,,,,,,,,,,,,,,,,
531,3,common,STATE_531,1,右集草电机启动超时,Timeout occurred in the startup of the right sweeping motor,"Restart the robot. If the issue persists, please contact our after-sales support",右集草电机启动超时,重启设备，若多次重启无效，请联系售后,Timeout des rechten Jicao-Motors,"Starten Sie das Gerät neu. Wenn mehrere Neustarts ungültig sind, wenden Sie sich bitte an den Kundendienst",Dériver de démarrage du moteur d'herbe à droite,"Redémarrez l'appareil, si plusieurs redémarrages sont invalides, veuillez contacter après-vente",Tempestato quando si avvia il motore dell'erba giusta.,"Riavvia il dispositivo. Se più riavvii non sono validi, contatta il servizio post-vendita.",,,El motor de recolección de césped derecho arranca el tiempo de espera,"Reinicie el equipo, si varios reinicios no son válidos, comuníquese con el servicio posventa","Časový čas vypršel, když se spustí správný trávnatý motor.-ne","Restartujte zařízení. Pokud více restartů není platné, obraťte se na poprodejní službu.",,,"Načasované, keď správny trávny motor začína.","Reštartovať zariadenie. Ak je viacero reštartov neplatné, kontaktujte prosím popredajnú službu.","Wyłączone, gdy uruchomi się odpowiedni silnik trawy.","Uruchom ponownie urządzenie. Jeśli wiele restartów jest nieprawidłowych, skontaktuj się z działem obsługi posprzedażnej.",Tijdgetimed wanneer de juiste grasmotor start.,"Start het apparaat opnieuw op. Als meerdere herstarts ongeldig zijn, kunt u contact opnemen met de after-sales service.",Timeout opstod ved opstart af den højre fejemotor,"Genstart robotten. Hvis problemet fortsætter, bedes du kontakte vores support",,,Timeout inträffade vid start av höger sopmotor,"Starta om roboten. Om problemet kvarstår, kontakta vår kundsupport","Časovni iztek, ko se zažene pravi travni motor.","Zaženi napravo. Če več ponovnih zagonov niso veljavni, se obrnite na poprodajne storitve.",,,,,,,,,,,,,,,,,,,,
532,3,common,STATE_532,1,右集草电机温度异常,Temperature error detected in the right sweeping motor,"The robot will come back to normal once the motor temperature decreases. This may take several minutes. Alternatively, you can restart the robot. If the issue persists, please contact our after-sales support",右集草电机温度异常,温度下降后设备将恢复正常，该过程可能需要几分钟；或者重启设备，若多次重启无效，请联系售后,Die Temperatur des rechten Gras motors ist abnormal,"Das Gerät kehrt nach dem Temperatur abfall zum Normalzustand zurück. Der Vorgang kann einige Minuten dauern, oder das Gerät wird neu gestartet. Wenn mehrere Neustarts ungültig sind, wenden Sie sich bitte an den Kundendienst",Température anormale du moteur d'herbe à droite,"L'équipement reviendra à la normale après la baisse de température, le processus peut prendre quelques minutes; ou redémarrer l'appareil, si plusieurs redémarrages ne fonctionnent pas, veuillez contacter après-vente",Temperatura anormale del motore di giusta raccolta dell'erba,"Dopo che la temperatura scende, il dispositivo tornerà alla normalità. Questo processo può richiedere diversi minuti; o riavviare il dispositivo. Se più riavvii non sono validi, contatta il servizio post-vendita",,,Temperatura anormal del motor de recolección de césped derecho,"El equipo volverá a la normalidad después de que baje la temperatura, el proceso puede tardar varios minutos; o reiniciar el equipo, si varios reinicios no son válidos, comuníquese con el servicio posventa",Abnormální teplota správného sběru trávového motoru,"Po poklesu teploty se zařízení vrátí k normálu. Tento proces může trvat několik minut; nebo restartovat zařízení. Pokud více restartů není platné, obraťte se na poprodejní službu",,,Abnormálna teplota pravého zberu trávnatého motora,"Po poklese teploty sa zariadenie vráti do normálu. Tento proces môže trvať niekoľko minút; alebo reštartovať zariadenie. Ak viac reštartov nie je platné, obráťte sa na popredajný servis",Nienormalna temperatura prawego silnika trawy zbierającej,"Po spadku temperatury urządzenie powróci do normy. Ten proces może potrwać kilka minut; lub uruchom ponownie urządzenie. Jeśli wiele restartów jest nieprawidłowych, skontaktuj się z serwisem posprzedażowym",Abnormale temperatuur van het juiste verzamelen van grasmotor,"Nadat de temperatuur is gedaald, keert het apparaat terug naar normaal. Dit proces kan enkele minuten duren; of start het apparaat opnieuw op. Als meerdere herstarts ongeldig zijn, neem dan contact op met de after-sales service",Temperaturfejl registreret i den højre fejemotor,"Robotten vender tilbage til normal, når motortemperaturen falder. Dette kan tage flere minutter. Alternativt kan du genstarte robotten. Hvis problemet fortsætter, bedes du kontakte vores support",,,Temperatur fel upptäckt i höger sopmotor,"Roboten kommer att återgå till det normala när motortemperaturen sjunker. Det här kan ta flera minuter. Alternativt kan du starta om roboten. Om problemet kvarstår, vänligen kontakta vår kundsupport",Nenormalna temperatura,"Po padcu temperature se naprava vrne v normalno stanje. Ta postopek lahko traja več minut ali pa ponovno zažene napravo. Če več ponovnih zagonov niso veljavni, se obrnite na storitve pop-prodaje",,,,,,,,,,,,,,,,,,,,
533,3,common,STATE_533,1,右集草电机MOS温度异常,Temperature error detected in the right sweeping motor MOS,"The robot will come back to normal once the motor temperature decreases. This may take several minutes. Alternatively, you can restart the robot. If the issue persists, please contact our after-sales support",右集草电机MOS温度异常,温度下降后设备将恢复正常，该过程可能需要几分钟；或者重启设备，若多次重启无效，请联系售后,Right Ji Gras Motor MOS Temperatur abnormal,"Das Gerät kehrt nach dem Temperatur abfall zum Normalzustand zurück. Der Vorgang kann einige Minuten dauern, oder das Gerät wird neu gestartet. Wenn mehrere Neustarts ungültig sind, wenden Sie sich bitte an den Kundendienst",Température anormale MOS du moteur d'herbe à droite,"L'équipement reviendra à la normale après la baisse de température, le processus peut prendre quelques minutes; ou redémarrer l'appareil, si plusieurs redémarrages ne fonctionnent pas, veuillez contacter après-vente",La temperatura MOS del motore di raccolta dell'erba di destra è anormale.,"Dopo che la temperatura scende, il dispositivo tornerà alla normalità. Questo processo può richiedere diversi minuti; o riavviare il dispositivo. Se più riavvii non sono validi, contatta il servizio post-vendita",,,Anomalía de temperatura del motor MOS,"El equipo volverá a la normalidad después de que baje la temperatura, el proceso puede tardar varios minutos; o reiniciar el equipo, si varios reinicios no son válidos, comuníquese con el servicio posventa",The mos temperature of the right collecting grass motor is abnormal.,"Po poklesu teploty se zařízení vrátí k normálu. Tento proces může trvat několik minut; nebo restartovat zařízení. Pokud více restartů není platné, obraťte se na poprodejní službu",,,Teplota mos pravého zberateľského trávneho motora je abnormálna.,"Po poklese teploty sa zariadenie vráti do normálu. Tento proces môže trvať niekoľko minút; alebo reštartovať zariadenie. Ak viac reštartov nie je platné, obráťte sa na popredajný servis",Temperatura MOS prawego silnika trawy zbierającej jest nienormalna.,"Po spadku temperatury urządzenie powróci do normy. Ten proces może potrwać kilka minut; lub uruchom ponownie urządzenie. Jeśli wiele restartów jest nieprawidłowych, skontaktuj się z serwisem posprzedażowym",De MOS-temperatuur van de juiste verzamelende grasmotor is abnormaal.,"Nadat de temperatuur is gedaald, keert het apparaat terug naar normaal. Dit proces kan enkele minuten duren; of start het apparaat opnieuw op. Als meerdere herstarts ongeldig zijn, neem dan contact op met de after-sales service",Temperaturfejl registreret i den højre fejemotor MOS,"Robotten vender tilbage til normal, når motortemperaturen falder. Dette kan tage flere minutter. Alternativt kan du genstarte robotten. Hvis problemet fortsætter, bedes du kontakte vores support",,,Temperatur fel upptäckt i höger sopmotor MOS,"Roboten kommer att återgå till det normala när motortemperaturen sjunker. Det här kan ta flera minuter. Alternativt kan du starta om roboten. Om problemet kvarstår, vänligen kontakta vår kundsupport",Temperatura MOS pravega zbiranja travnega motorja je nenormalna.,"Po padcu temperature se naprava vrne v normalno stanje. Ta postopek lahko traja več minut ali pa ponovno zažene napravo. Če več ponovnih zagonov niso veljavni, se obrnite na storitve pop-prodaje",,,,,,,,,,,,,,,,,,,,
534,3,common,STATE_534,1,右卸草电机换向启动超时,Timeout occurred in the commutation of the right dumping motor,"Please check if the hopper is overloaded. If not, restart the robot. If the issue persists, please contact the after-sales support",右卸草电机换向启动超时,检查集草袋是否超重，若如不是，请重启机器，若多次重启无效，请联系售后,Timeout des Umschalt starts des rechten Entlade motors,"Überprüfen Sie, ob der Strohs ack übergewichtig ist. Wenn dies nicht der Fall ist, starten Sie die Maschine neu. Wenn mehrere Neustarts ungültig sind, wenden Sie sich bitte an den Kundendienst",Dérive du moteur de déchargement à droite,"Vérifiez si le sac de paille est en surpoids. Si ce n'est pas le cas, veuillez redémarrer la machine. Si plusieurs redémarrages ne sont pas valides, veuillez contacter le service après-vente",Inversione del motore di scarico dell'erba destra,"Controlla se la borsa di paglia è in sovrappeso. In caso contrario, riavvia la macchina. Se i riavvii ripetuti non sono validi, si prega di contattare il servizio post-vendita.",,,El motor de descarga de césped derecho inicia el tiempo de espera,"Compruebe si la bolsa de paja tiene sobrepeso. Si no es así, reinicie la máquina. Si varios reinicios no son válidos, comuníquese con el servicio postventa.",Zpětný počáteční čas pravého vytahovacího motoru trávy,"Zkontrolujte, zda je slepý pytel s nadváhou. Pokud ne, restartujte prosím stroj. Pokud jsou opakované restarty neplatné, obraťte se na poprodejní službu.",,,Spätný čas štartu pravého vykladača trávy,"Skontrolujte, či je slamy vak s nadváhou. Ak nie, reštartujte prosím stroj. Ak sú opakované reštartovanie neplatné, kontaktujte prosím popredajnú službu.",Czas uruchamiania cofania silnika rozładowczego prawej trawy,"Sprawdź, czy worek słomy ma nadwagę. Jeśli nie, uruchom ponownie maszynę. Jeśli powtarzające się restarty są nieważne, skontaktuj się z działem obsługi posprzedażnej.",Omkering van de starttijd van de juiste motor voor het lossen van gras,"Controleer of de strozak te zwaar is. Zo niet, start de machine opnieuw op. Als herhaald opnieuw opstarten ongeldig is, kunt u contact opnemen met de after-sales service.",Reversing starttidspunkt for højre græs aflæsning motor af læsning,"Tjek om stråposen er overvægtig. Hvis ikke, så genstart maskinen. Hvis gentagne genstarter er ugyldige, bedes du kontakte eftersalgstjenesten.",,,Omvända starttiden för höger gräs lossning motorn,"Kontrollera om halmpåsen är överviktig. Om inte, starta om maskinen. Om upprepade omstarter är ogiltiga, vänligen kontakta servicen efter försäljningen.",Obračanje začetnega časa pravega travnega raztovarjanja,"Preverite, ali je vrečka prekomerna. Če ni, prosimo, ponovno zaženite stroj. Če ponavljajoče ponovne zagone niso veljavne, se obrnite na poprodajne storitve.",,,,,,,,,,,,,,,,,,,,
542,3,common,STATE_542,1,左前轮毂电机堵转→241111导入后台,The left front wheel hub motor has stalled,The robot or wheel hub is stuck. Check if the robot gets stuck by obstacles and if the wheels run well,左前轮毂电机堵转,机器或轮毂卡住，请检查Robot是否被障碍卡住以及轮子状态,Der Motor der linken Vorderradnabe ist abgestürzt,"Der Roboter oder die Radnabe steckt fest. Überprüfen Sie, ob der Roboter durch Hindernisse feststeckt und ob die Räder gut laufen",Moteur de moyeu de roue avant gauche décroché,Le robot ou le moyeu est coincé. Vérifiez si le robot est coincé dans un obstacle et si les roues fonctionnent bien,,,,,,,,,,,,,,,,,,,,,,,,,,,,,,,,,,,,,,,,,,,,
543,3,common,STATE_543,1,左前轮毂电机过载→241111导入后台,The left front wheel hub motor is overloaded,The robot or wheel hub is stuck. Check if the robot gets stuck by obstacles and if the wheels run well,左前轮毂电机过载,机器或轮毂卡住，请检查Robot是否被障碍卡住以及轮子状态,Der Motor der linken Vorderradnabe ist überlastet,"Der Roboter oder die Radnabe steckt fest. Überprüfen Sie, ob der Roboter durch Hindernisse feststeckt und ob die Räder gut laufen",Surcharge du moteur du moyeu de roue avant gauche,Le robot ou le moyeu est coincé. Vérifiez si le robot est coincé dans un obstacle et si les roues fonctionnent bien,,,,,,,,,,,,,,,,,,,,,,,,,,,,,,,,,,,,,,,,,,,,
544,3,common,STATE_544,1,左前轮毂电机缺相→241111导入后台,Phase loss detected in the left front wheel hub motor,"Restart the robot. If the issue persists, please contact our after-sales support",左前轮毂电机缺相,重启设备，若多次重启无效，请联系售后,Phasenverlust im linken Vorderradnabenmotor erkannt,"Starten Sie den Roboter neu. Wenn das Problem weiterhin besteht, kontaktieren Sie bitte unseren Kundendienst",Moteur de moyeu de roue avant gauche détecte un défaut de phase,"Redémarrez le robot. Si le problème persiste, veuillez contacter notre service après - vente",,,,,,,,,,,,,,,,,,,,,,,,,,,,,,,,,,,,,,,,,,,,
545,3,common,STATE_545,1,左前轮毂电机电流不平衡→241111导入后台,Current imbalance detected in the left front wheel hub motor,"Restart the robot. If the issue persists, please contact our after-sales support",左前轮毂电机电流不平衡,重启设备，若多次重启无效，请联系售后,Stromungleichgewicht im linken Vorderradnabenmotor erkannt,"Starten Sie den Roboter neu. Wenn das Problem weiterhin besteht, kontaktieren Sie bitte unseren Kundendienst",Déséquilibre de courant détecté dans le moteur de moyeu de roue avant gauche,"Redémarrez le robot. Si le problème persiste, veuillez contacter notre service après - vente",,,,,,,,,,,,,,,,,,,,,,,,,,,,,,,,,,,,,,,,,,,,
546,3,common,STATE_546,1,左前轮毂电机霍尔异常→241111导入后台,Error detected in the Hall sensor of the left front wheel hub motor,"Restart the robot. If the issue persists, please contact our after-sales support",左前轮毂电机霍尔异常,重启设备，若多次重启无效，请联系售后,Fehler im Hall Sensor des linken Vorderradnabenmotors erkannt,"Starten Sie den Roboter neu. Wenn das Problem weiterhin besteht, kontaktieren Sie bitte unseren Kundendienst",Erreur détectée par le capteur Hall du moteur du moyeu de roue avant gauche,"Redémarrez le robot. Si le problème persiste, veuillez contacter notre service après - vente",,,,,,,,,,,,,,,,,,,,,,,,,,,,,,,,,,,,,,,,,,,,
547,3,common,STATE_547,1,左前轮毂电机霍尔零漂异常→241111导入后台,Zero drift detected in the Hall sensor of the left front wheel hub motor,"Restart the robot. If the issue persists, please contact our after-sales support",左前轮毂电机霍尔零漂异常,重启设备，若多次重启无效，请联系售后,Nulldrift im Hall Sensor des linken Vorderradnabenmotors erkannt,"Starten Sie den Roboter neu. Wenn das Problem weiterhin besteht, kontaktieren Sie bitte unseren Kundendienst",Moyeu de roue avant gauche capteur Hall détecte zéro dérive,"Redémarrez le robot. Si le problème persiste, veuillez contacter notre service après - vente",,,,,,,,,,,,,,,,,,,,,,,,,,,,,,,,,,,,,,,,,,,,
548,3,common,STATE_548,1,左前轮毂电机母线电流异常→241111导入后台,Current error detected in the left front wheel hub motor bus,The robot or wheel hub is stuck. Check if the robot gets stuck by obstacles and if the left front wheels run well,左前轮毂电机母线电流异常,机器或轮毂卡住，请检查Robot是否被障碍卡住以及左前轮状态,Stromfehler im Motorbus der linken Vorderradnabe erkannt,"Der Roboter oder die Radnabe steckt fest. Überprüfen Sie, ob der Roboter durch Hindernisse feststeckt und ob die linken Vorderräder gut laufen",Erreur de courant détectée dans le bus moteur du moyeu de roue avant gauche,Le robot ou le moyeu est coincé. Vérifiez que le robot est coincé dans un obstacle et que la roue avant gauche fonctionne bien,,,,,,,,,,,,,,,,,,,,,,,,,,,,,,,,,,,,,,,,,,,,
549,3,common,STATE_549,1,左前轮毂电机过载警告→241111导入后台,Overload warning for the left front wheel hub motor,The robot or wheel hub is stuck. Check if the robot gets stuck by obstacles and if the wheels run well,左前轮毂电机过载警告,机器或轮毂卡住，请检查Robot是否被障碍卡住以及轮子状态,Überlastwarnung für den Motor der linken Vorderradnabe,"Der Roboter oder die Radnabe steckt fest. Überprüfen Sie, ob der Roboter durch Hindernisse feststeckt und ob die Räder gut laufen",Avertissement de surcharge du moteur du moyeu de roue avant gauche,Le robot ou le moyeu est coincé. Vérifiez si le robot est coincé dans un obstacle et si les roues fonctionnent bien,,,,,,,,,,,,,,,,,,,,,,,,,,,,,,,,,,,,,,,,,,,,
550,3,common,STATE_550,1,左前轮毂电机通讯异常→241111导入后台,Communication error detected in the left front wheel hub motor,"Restart the robot. If the issue persists, please contact our after-sales support",左前轮毂电机通讯异常,重启设备，若多次重启无效，请联系售后,Kommunikationsfehler im linken Vorderradnabenmotor erkannt,"Starten Sie den Roboter neu. Wenn das Problem weiterhin besteht, kontaktieren Sie bitte unseren Kundendienst",Erreur de communication détectée dans le moteur de moyeu de roue avant gauche,"Redémarrez le robot. Si le problème persiste, veuillez contacter notre service après - vente",,,,,,,,,,,,,,,,,,,,,,,,,,,,,,,,,,,,,,,,,,,,
551,3,common,STATE_551,1,左前轮毂电机电压过高→241111导入后台,The voltage of the left front wheel hub motor is too high,"Restart the robot. If the issue persists, please contact our after-sales support",左前轮毂电机电压过高,重启设备，若多次重启无效，请联系售后,Die Spannung des linken Vorderradnabenmotors ist zu hoch,"Starten Sie den Roboter neu. Wenn das Problem weiterhin besteht, kontaktieren Sie bitte unseren Kundendienst",La tension du moteur du moyeu de roue avant gauche est trop élevée,"Redémarrez le robot. Si le problème persiste, veuillez contacter notre service après - vente",,,,,,,,,,,,,,,,,,,,,,,,,,,,,,,,,,,,,,,,,,,,
552,3,common,STATE_552,1,左前轮毂电机电压过低→241111导入后台,The voltage of the left front wheel hub motor is too low,"Restart the robot. If the issue persists, please contact our after-sales support",左前轮毂电机电压过低,重启设备，若多次重启无效，请联系售后,Die Spannung des linken Vorderradnabenmotors ist zu niedrig,"Starten Sie den Roboter neu. Wenn das Problem weiterhin besteht, kontaktieren Sie bitte unseren Kundendienst",La tension du moteur du moyeu de roue avant gauche est trop basse,"Redémarrez le robot. Si le problème persiste, veuillez contacter notre service après - vente",,,,,,,,,,,,,,,,,,,,,,,,,,,,,,,,,,,,,,,,,,,,
553,3,common,STATE_553,1,左前轮毂电机转速响应超时→241111导入后台,Timeout occurred in the speed response of the left front wheel hub motor,The robot or wheel hub is stuck. Check if the robot gets stuck by obstacles and if the wheels run well,左前轮毂电机转速响应超时,机器或轮毂卡住，请检查Robot是否被障碍卡住以及轮子状态,Timeout trat in der Drehzahlantwort des linken Vorderradnabenmotors auf,"Der Roboter oder die Radnabe steckt fest. Überprüfen Sie, ob der Roboter durch Hindernisse feststeckt und ob die Räder gut laufen",Moteur de moyeu de roue avant gauche Speed Response Timeout,Le robot ou le moyeu est coincé. Vérifiez si le robot est coincé dans un obstacle et si les roues fonctionnent bien,,,,,,,,,,,,,,,,,,,,,,,,,,,,,,,,,,,,,,,,,,,,
554,3,common,STATE_554,1,左前轮毂驱动硬件过流→241111导入后台,The left front wheel hub has experienced an overcurrent in the drive hardware,The robot or wheel hub is stuck. Check if the robot gets stuck by obstacles and if the wheels run well,左前轮毂驱动硬件过流,机器或轮毂卡住，请检查Robot是否被障碍卡住以及轮子状态,Die linke Vorderradnabe hat einen Überstrom in der Antriebshardware erfahren,"Der Roboter oder die Radnabe steckt fest. Überprüfen Sie, ob der Roboter durch Hindernisse feststeckt und ob die Räder gut laufen",Surintensité du matériel d'entraînement du moyeu de roue avant gauche,Le robot ou le moyeu est coincé. Vérifiez si le robot est coincé dans un obstacle et si les roues fonctionnent bien,,,,,,,,,,,,,,,,,,,,,,,,,,,,,,,,,,,,,,,,,,,,
555,3,common,STATE_555,1,左前轮毂电机相电流过流→241111导入后台,The left front wheel hub motor has experienced phase overcurrent,The robot or wheel hub is stuck. Check if the robot gets stuck by obstacles and if the wheels run well,左前轮毂电机相电流过流,机器或轮毂卡住，请检查Robot是否被障碍卡住以及轮子状态,Der linke Vorderradnabenmotor hat Phasenüberstrom erfahren,"Der Roboter oder die Radnabe steckt fest. Überprüfen Sie, ob der Roboter durch Hindernisse feststeckt und ob die Räder gut laufen",Surintensité de phase du moteur du moyeu de roue avant gauche,Le robot ou le moyeu est coincé. Vérifiez si le robot est coincé dans un obstacle et si les roues fonctionnent bien,,,,,,,,,,,,,,,,,,,,,,,,,,,,,,,,,,,,,,,,,,,,
558,3,common,STATE_558,1,左前轮毂电机温度过高→241111导入后台,The left front wheel hub motor is overheating,The robot will come back to normal once the temperature decreases. This may take several minutes,左前轮毂电机温度过高,温度下降后设备将恢复正常，该过程可能需要几分钟,Der Motor der linken Vorderradnabe ist überhitzt,"Sobald die Temperatur sinkt, wird der Roboter wieder normal. Dies kann mehrere Minuten dauern",Surchauffe du moteur du moyeu de roue avant gauche,"Dès que la température baisse, le robot revient à la normale. Cela peut prendre quelques minutes",,,,,,,,,,,,,,,,,,,,,,,,,,,,,,,,,,,,,,,,,,,,
559,3,common,STATE_559,1,左前轮毂电机温度传感器异常→241111导入后台,Error detected in the temperature sensor of the left front wheel hub motor,"Restart the robot. If the issue persists, please contact our after-sales support",左前轮毂电机温度传感器异常,重启设备，若多次重启无效，请联系售后,Fehler im Temperatursensor des linken Vorderradnabenmotors erkannt,"Starten Sie den Roboter neu. Wenn das Problem weiterhin besteht, kontaktieren Sie bitte unseren Kundendienst",Erreur détectée par le capteur de température du moteur du moyeu de roue avant gauche,"Redémarrez le robot. Si le problème persiste, veuillez contacter notre service après - vente",,,,,,,,,,,,,,,,,,,,,,,,,,,,,,,,,,,,,,,,,,,,
560,3,common,STATE_560,1,左前轮毂电机MOS温度过高→241111导入后台,The temperature of the left front wheel hub motor MOS is too high,The robot will come back to normal once the temperature decreases. This may take several minutes,左前轮毂电机MOS温度过高,温度下降后设备将恢复正常，该过程可能需要几分钟,Die Temperatur des linken Vorderradnabenmotors MOS ist zu hoch,"Sobald die Temperatur sinkt, wird der Roboter wieder normal. Dies kann mehrere Minuten dauern",Moyeu de roue avant gauche moteur MOS température trop élevée,"Dès que la température baisse, le robot revient à la normale. Cela peut prendre quelques minutes",,,,,,,,,,,,,,,,,,,,,,,,,,,,,,,,,,,,,,,,,,,,
561,3,common,STATE_561,1,左前轮毂电机MOS温度过低→241111导入后台,The temperature of the left front wheel hub motor MOS is too low,The ambient temperature is too low. Recommended to operate the robot above -10°C,左前轮毂电机MOS温度过低,环境温度过低，建议让Robot在高于-10摄氏度的作业环境下作业,Die Temperatur des linken Vorderradnabenmotors MOS ist zu niedrig,"Die Umgebungstemperatur ist zu niedrig. Empfohlen, den Roboter über -10°C zu bedienen",Moyeu de roue avant gauche moteur MOS température trop basse,La température ambiante est trop basse. Utilisation recommandée du robot au - dessus de - 10°C,,,,,,,,,,,,,,,,,,,,,,,,,,,,,,,,,,,,,,,,,,,,
569,3,common,STATE_569,1,左前轮毂电机下电响应超时→241111导入后台,Timeout occurred in the shutdown response of the left front wheel hub motor,"Restart the robot. If the issue persists, please contact our after-sales support",左前轮毂电机下电响应超时,重启机器后恢复正常。若持续报错请联系售后,Timeout trat in der Abschaltreaktion des linken Vorderradnabenmotors auf,"Starten Sie den Roboter neu. Wenn das Problem weiterhin besteht, kontaktieren Sie bitte unseren Kundendienst",Arrêt moteur moyeu de roue avant gauche Réponse Timeout,"Redémarrez le robot. Si le problème persiste, veuillez contacter notre service après - vente",,,,,,,,,,,,,,,,,,,,,,,,,,,,,,,,,,,,,,,,,,,,
574,3,common,STATE_574,1,右前轮毂电机堵转→241111导入后台,The right front wheel hub motor has stalled,The robot or wheel hub is stuck. Check if the robot gets stuck by obstacles and if the wheels run well,右前轮毂电机堵转,机器或轮毂卡住，请检查Robot是否被障碍卡住以及轮子状态,Der rechte Vorderradnabenmotor ist abgestürzt,"Der Roboter oder die Radnabe steckt fest. Überprüfen Sie, ob der Roboter durch Hindernisse feststeckt und ob die Räder gut laufen",Moteur de moyeu de roue avant droite décroché,Le robot ou le moyeu est coincé. Vérifiez si le robot est coincé dans un obstacle et si les roues fonctionnent bien,,,,,,,,,,,,,,,,,,,,,,,,,,,,,,,,,,,,,,,,,,,,
575,3,common,STATE_575,1,右前轮毂电机过载→241111导入后台,The right front wheel hub motor is overloaded,The robot or wheel hub is stuck. Check if the robot gets stuck by obstacles and if the wheels run well,右前轮毂电机过载,机器或轮毂卡住，请检查Robot是否被障碍卡住以及轮子状态,Der rechte Vorderradnabenmotor ist überlastet,"Der Roboter oder die Radnabe steckt fest. Überprüfen Sie, ob der Roboter durch Hindernisse feststeckt und ob die Räder gut laufen",Surcharge du moteur du moyeu de roue avant droite,Le robot ou le moyeu est coincé. Vérifiez si le robot est coincé dans un obstacle et si les roues fonctionnent bien,,,,,,,,,,,,,,,,,,,,,,,,,,,,,,,,,,,,,,,,,,,,
576,3,common,STATE_576,1,右前轮毂电机缺相→241111导入后台,Phase loss detected in the right front wheel hub motor,"Restart the robot. If the issue persists, please contact our after-sales support",右前轮毂电机缺相,重启设备，若多次重启无效，请联系售后,Phasenverlust im rechten Vorderradnabenmotor erkannt,"Starten Sie den Roboter neu. Wenn das Problem weiterhin besteht, kontaktieren Sie bitte unseren Kundendienst",Absence de phase détectée dans le moteur de moyeu de roue avant droite,"Redémarrez le robot. Si le problème persiste, veuillez contacter notre service après - vente",,,,,,,,,,,,,,,,,,,,,,,,,,,,,,,,,,,,,,,,,,,,
577,3,common,STATE_577,1,右前轮毂电机电流不平衡→241111导入后台,Current imbalance detected in the right front wheel hub motor,"Restart the robot. If the issue persists, please contact our after-sales support",右前轮毂电机电流不平衡,重启设备，若多次重启无效，请联系售后,Stromunwucht im rechten Vorderradnabenmotor erkannt,"Starten Sie den Roboter neu. Wenn das Problem weiterhin besteht, kontaktieren Sie bitte unseren Kundendienst",Déséquilibre de courant du moteur du moyeu de roue avant droite détecté,"Redémarrez le robot. Si le problème persiste, veuillez contacter notre service après - vente",,,,,,,,,,,,,,,,,,,,,,,,,,,,,,,,,,,,,,,,,,,,
578,3,common,STATE_578,1,右前轮毂电机霍尔异常→241111导入后台,Error detected in the Hall sensor of the right front wheel hub motor,"Restart the robot. If the issue persists, please contact our after-sales support",右前轮毂电机霍尔异常,重启设备，若多次重启无效，请联系售后,Fehler im Hall Sensor des rechten Vorderradnabenmotors erkannt,"Starten Sie den Roboter neu. Wenn das Problem weiterhin besteht, kontaktieren Sie bitte unseren Kundendienst",Erreur détectée par le capteur Hall du moteur du moyeu de roue avant droit,"Redémarrez le robot. Si le problème persiste, veuillez contacter notre service après - vente",,,,,,,,,,,,,,,,,,,,,,,,,,,,,,,,,,,,,,,,,,,,
579,3,common,STATE_579,1,左前轮毂电机霍尔零漂异常→241111导入后台,Zero drift detected in the Hall sensor of the left front wheel hub motor,"Restart the robot. If the issue persists, please contact our after-sales support",左前轮毂电机霍尔零漂异常,重启设备，若多次重启无效，请联系售后,Nulldrift im Hall Sensor des linken Vorderradnabenmotors erkannt,"Starten Sie den Roboter neu. Wenn das Problem weiterhin besteht, kontaktieren Sie bitte unseren Kundendienst",Moyeu de roue avant gauche capteur Hall détecte zéro dérive,"Redémarrez le robot. Si le problème persiste, veuillez contacter notre service après - vente",,,,,,,,,,,,,,,,,,,,,,,,,,,,,,,,,,,,,,,,,,,,
580,3,common,STATE_580,1,右前轮毂电机母线电流异常→241111导入后台,Current error detected in the right front wheel hub motor bus,The robot or wheel hub is stuck. Check if the robot gets stuck by obstacles and if the wheels run well,右前轮毂电机母线电流异常,机器或轮毂卡住，请检查Robot是否被障碍卡住以及轮子状态,Stromfehler im rechten Motorbus der Vorderradnabe erkannt,"Der Roboter oder die Radnabe steckt fest. Überprüfen Sie, ob der Roboter durch Hindernisse feststeckt und ob die Räder gut laufen",Erreur de courant détectée dans le bus moteur du moyeu avant droit,Le robot ou le moyeu est coincé. Vérifiez si le robot est coincé dans un obstacle et si les roues fonctionnent bien,,,,,,,,,,,,,,,,,,,,,,,,,,,,,,,,,,,,,,,,,,,,
581,3,common,STATE_581,1,右前轮毂电机过载警告→241111导入后台,Overload warning for the right front wheel hub motor,The robot or wheel hub is stuck. Check if the robot gets stuck by obstacles and if the wheels run well,右前轮毂电机过载警告,机器或轮毂卡住，请检查Robot是否被障碍卡住以及轮子状态,Überlastwarnung für den rechten Vorderradnabenmotor,"Der Roboter oder die Radnabe steckt fest. Überprüfen Sie, ob der Roboter durch Hindernisse feststeckt und ob die Räder gut laufen",Avertissement de surcharge du moteur du moyeu de roue avant droite,Le robot ou le moyeu est coincé. Vérifiez si le robot est coincé dans un obstacle et si les roues fonctionnent bien,,,,,,,,,,,,,,,,,,,,,,,,,,,,,,,,,,,,,,,,,,,,
582,3,common,STATE_582,1,右前轮毂电机通讯异常→241111导入后台,Communication error detected in the right front wheel hub motor,"Restart the robot. If the issue persists, please contact our after-sales support",右前轮毂电机通讯异常,重启设备，若多次重启无效，请联系售后,Kommunikationsfehler im rechten Vorderradnabenmotor erkannt,"Starten Sie den Roboter neu. Wenn das Problem weiterhin besteht, kontaktieren Sie bitte unseren Kundendienst",Erreur de communication détectée dans le moteur de moyeu avant droit,"Redémarrez le robot. Si le problème persiste, veuillez contacter notre service après - vente",,,,,,,,,,,,,,,,,,,,,,,,,,,,,,,,,,,,,,,,,,,,
583,3,common,STATE_583,1,右前轮毂电机电压过高→241111导入后台,The voltage of the right front wheel hub motor is too high,"Restart the robot. If the issue persists, please contact our after-sales support",右前轮毂电机电压过高,重启设备，若多次重启无效，请联系售后,Die Spannung des rechten Vorderradnabenmotors ist zu hoch,"Starten Sie den Roboter neu. Wenn das Problem weiterhin besteht, kontaktieren Sie bitte unseren Kundendienst",La tension du moteur du moyeu de roue avant droite est trop élevée,"Redémarrez le robot. Si le problème persiste, veuillez contacter notre service après - vente",,,,,,,,,,,,,,,,,,,,,,,,,,,,,,,,,,,,,,,,,,,,
584,3,common,STATE_584,1,右前轮毂电机电压过低→241111导入后台,The voltage of the right front wheel hub motor is too low,"Restart the robot. If the issue persists, please contact our after-sales support",右前轮毂电机电压过低,重启设备，若多次重启无效，请联系售后,Die Spannung des rechten Vorderradnabenmotors ist zu niedrig,"Starten Sie den Roboter neu. Wenn das Problem weiterhin besteht, kontaktieren Sie bitte unseren Kundendienst",La tension du moteur du moyeu de roue avant droite est trop basse,"Redémarrez le robot. Si le problème persiste, veuillez contacter notre service après - vente",,,,,,,,,,,,,,,,,,,,,,,,,,,,,,,,,,,,,,,,,,,,
585,3,common,STATE_585,1,右前轮毂电机转速响应超时→241111导入后台,Timeout occurred in the speed response of the right front wheel hub motor,The robot or wheel hub is stuck. Check if the robot gets stuck by obstacles and if the wheels run well,右前轮毂电机转速响应超时,机器或轮毂卡住，请检查Robot是否被障碍卡住以及轮子状态,Timeout trat in der Drehzahlantwort des rechten Vorderradnabenmotors auf,"Der Roboter oder die Radnabe steckt fest. Überprüfen Sie, ob der Roboter durch Hindernisse feststeckt und ob die Räder gut laufen",Moteur de moyeu de roue avant droite Speed Response Timeout,Le robot ou le moyeu est coincé. Vérifiez si le robot est coincé dans un obstacle et si les roues fonctionnent bien,,,,,,,,,,,,,,,,,,,,,,,,,,,,,,,,,,,,,,,,,,,,
586,3,common,STATE_586,1,右前轮毂驱动硬件过流→241111导入后台,The right front wheel hub has experienced an overcurrent in the drive hardware,The robot or wheel hub is stuck. Check if the robot gets stuck by obstacles and if the wheels run well,右前轮毂驱动硬件过流,机器或轮毂卡住，请检查Robot是否被障碍卡住以及轮子状态,Die rechte Vorderradnabe hat einen Überstrom in der Antriebshardware erfahren,"Der Roboter oder die Radnabe steckt fest. Überprüfen Sie, ob der Roboter durch Hindernisse feststeckt und ob die Räder gut laufen",Surintensité du matériel d'entraînement du moyeu de la roue avant droite,Le robot ou le moyeu est coincé. Vérifiez si le robot est coincé dans un obstacle et si les roues fonctionnent bien,,,,,,,,,,,,,,,,,,,,,,,,,,,,,,,,,,,,,,,,,,,,
587,3,common,STATE_587,1,右前轮毂电机相电流过流→241111导入后台,The right front wheel hub motor has experienced phase overcurrent,The robot or wheel hub is stuck. Check if the robot gets stuck by obstacles and if the wheels run well,右前轮毂电机相电流过流,机器或轮毂卡住，请检查Robot是否被障碍卡住以及轮子状态,Der rechte Vorderradnabenmotor hat Phasen-Überstrom erfahren,"Der Roboter oder die Radnabe steckt fest. Überprüfen Sie, ob der Roboter durch Hindernisse feststeckt und ob die Räder gut laufen",Surcharge de phase du moteur du moyeu de roue avant droite,Le robot ou le moyeu est coincé. Vérifiez si le robot est coincé dans un obstacle et si les roues fonctionnent bien,,,,,,,,,,,,,,,,,,,,,,,,,,,,,,,,,,,,,,,,,,,,
590,3,common,STATE_590,1,右前轮毂电机温度过高→241111导入后台,The right front wheel hub motor is overheating,The robot will come back to normal once the temperature decreases. This may take several minutes,右前轮毂电机温度过高,温度下降后设备将恢复正常，该过程可能需要几分钟,Der rechte Vorderradnabenmotor überhitzt sich,"Sobald die Temperatur sinkt, wird der Roboter wieder normal. Dies kann mehrere Minuten dauern",Surchauffe du moteur du moyeu de la roue avant droite,"Dès que la température baisse, le robot revient à la normale. Cela peut prendre quelques minutes",,,,,,,,,,,,,,,,,,,,,,,,,,,,,,,,,,,,,,,,,,,,
591,3,common,STATE_591,1,右前轮毂电机温度传感器异常→241111导入后台,Error detected in the temperature sensor of the right front wheel hub motor,"Restart the robot. If the issue persists, please contact our after-sales support",右前轮毂电机温度传感器异常,重启设备，若多次重启无效，请联系售后,Fehler im Temperatursensor des rechten Vorderradnabenmotors erkannt,"Starten Sie den Roboter neu. Wenn das Problem weiterhin besteht, kontaktieren Sie bitte unseren Kundendienst",Erreur détectée par le capteur de température du moteur du moyeu de roue avant droit,"Redémarrez le robot. Si le problème persiste, veuillez contacter notre service après - vente",,,,,,,,,,,,,,,,,,,,,,,,,,,,,,,,,,,,,,,,,,,,
592,3,common,STATE_592,1,右前轮毂电机MOS温度过低→241111导入后台,The temperature of the right front wheel hub motor MOS is too low,The ambient temperature is too low. Recommended to operate the robot above -10°C,右前轮毂电机MOS温度过低,环境温度过低，建议让Robot在高于-10摄氏度的作业环境下作业?,Die Temperatur des rechten Vorderradnabenmotors MOS ist zu niedrig,"Die Umgebungstemperatur ist zu niedrig. Empfohlen, den Roboter über -10°C zu bedienen",Moyeu de roue avant droit moteur MOS température trop basse,La température ambiante est trop basse. Utilisation recommandée du robot au - dessus de - 10°C,,,,,,,,,,,,,,,,,,,,,,,,,,,,,,,,,,,,,,,,,,,,
593,3,common,STATE_593,1,右前轮毂电机MOS温度过低→241111导入后台,The temperature of the right front wheel hub motor MOS is too low,The ambient temperature is too low. Recommended to operate the robot above -10°C,右前轮毂电机MOS温度过低,环境温度过低，建议让Robot在高于-10摄氏度的作业环境下作业,Die Temperatur des rechten Vorderradnabenmotors MOS ist zu niedrig,"Die Umgebungstemperatur ist zu niedrig. Empfohlen, den Roboter über -10°C zu bedienen",Moyeu de roue avant droit moteur MOS température trop basse,La température ambiante est trop basse. Utilisation recommandée du robot au - dessus de - 10°C,,,,,,,,,,,,,,,,,,,,,,,,,,,,,,,,,,,,,,,,,,,,
601,3,common,STATE_601,1,右前轮毂电机下电响应超时→241111导入后台,Timeout occurred in the shutdown response of the right front wheel hub motor,The ambient temperature is too low. Recommended to operate the robot above -10°C,右前轮毂电机下电响应超时,环境温度过低，建议让Robot在高于-10摄氏度的作业环境下作业,Timeout trat in der Abschaltreaktion des rechten Vorderradnabenmotors auf,"Die Umgebungstemperatur ist zu niedrig. Empfohlen, den Roboter über -10°C zu bedienen",Arrêt du moteur du moyeu de roue avant droit Réponse Timeout,La température ambiante est trop basse. Utilisation recommandée du robot au - dessus de - 10°C,,,,,,,,,,,,,,,,,,,,,,,,,,,,,,,,,,,,,,,,,,,,
606,3,common,STATE_606,1,升降位置响应超时→241111导入后台,Timeout occurred in the response of the lift motor,"Restart the robot. If the issue persists, please contact our after-sales support",升降电机响应超时,重启设备，若多次重启无效，请联系售后,Timeout trat in der Reaktion des Hubmotors auf,"Starten Sie den Roboter neu. Wenn das Problem weiterhin besteht, kontaktieren Sie bitte unseren Kundendienst",Délai de réponse du moteur élévateur,"Redémarrez le robot. Si le problème persiste, veuillez contacter notre service après - vente",,,,,,,,,,,,,,,,,,,,,,,,,,,,,,,,,,,,,,,,,,,,
609,3,common,STATE_609,1,升降电机复位错误→241111导入后台,Reset error detected in the lift motor,"Restart the robot. If the issue persists, please contact our after-sales support",升降电机复位错误,重启设备，若多次重启无效，请联系售后,Reset-Fehler im Hubmotor erkannt,"Starten Sie den Roboter neu. Wenn das Problem weiterhin besteht, kontaktieren Sie bitte unseren Kundendienst",Erreur de Réinitialisation détectée dans le moteur de levage,"Redémarrez le robot. Si le problème persiste, veuillez contacter notre service après - vente",,,,,,,,,,,,,,,,,,,,,,,,,,,,,,,,,,,,,,,,,,,,
610,3,common,STATE_610,1,升降电机限位霍尔错误→241111导入后台,Error detected in the Limit Hall sensor of the lift motor,"Restart the robot. If the issue persists, please contact our after-sales support",升降电机限位霍尔错误,重启设备，若多次重启无效，请联系售后,Fehler im Grenzhallensensor des Hubmotors erkannt,"Starten Sie den Roboter neu. Wenn das Problem weiterhin besteht, kontaktieren Sie bitte unseren Kundendienst",Le capteur Hall limite du moteur de levage a détecté une erreur,"Redémarrez le robot. Si le problème persiste, veuillez contacter notre service après - vente",,,,,,,,,,,,,,,,,,,,,,,,,,,,,,,,,,,,,,,,,,,,
613,3,common,STATE_613,3,升降电机过载,Lifting motor overload,"Restart the robot. If the issue persists, contact the after-sales support",升降电机过载,请重启Robot，若多次重启无效，请联系售后,Überlastung des Hubmotors,"Starten Sie den Roboter neu. Wenn das Problem weiterhin besteht, wenden Sie sich an den Kundendienst",Surcharge du moteur de levage,"Redémarrez le robot. Si le problème persiste, veuillez contacter le support après - vente",,,,,,,,,,,,,,,,,,,,,,,,,,,,,,,,,,,,,,,,,,,,
615,3,common,STATE_615,1,升降电机电压过高→241111导入后台,The voltage of the lift motor is too high,"Restart the robot. If the issue persists, please contact our after-sales support",升降电机电压过高,重启设备，若多次重启无效，请联系售后,Die Spannung des Hubmotors ist zu hoch,"Starten Sie den Roboter neu. Wenn das Problem weiterhin besteht, kontaktieren Sie bitte unseren Kundendienst",Tension trop élevée du moteur élévateur,"Redémarrez le robot. Si le problème persiste, veuillez contacter notre service après - vente",,,,,,,,,,,,,,,,,,,,,,,,,,,,,,,,,,,,,,,,,,,,
616,3,common,STATE_616,1,升降电机电压过低→241111导入后台,The voltage of the lift motor is too low,"Restart the robot. If the issue persists, please contact our after-sales support",升降电机电压过低,重启设备，若多次重启无效，请联系售后,Die Spannung des Hubmotors ist zu niedrig,"Starten Sie den Roboter neu. Wenn das Problem weiterhin besteht, kontaktieren Sie bitte unseren Kundendienst",Tension du moteur de levage trop basse,"Redémarrez le robot. Si le problème persiste, veuillez contacter notre service après - vente",,,,,,,,,,,,,,,,,,,,,,,,,,,,,,,,,,,,,,,,,,,,
617,3,common,STATE_617,3,升降电机超时,Lifting motor response timeout,"Restart the robot. If the issue persists, contact the after-sales support",升降电机响应超时,请重启Robot，若多次重启无效，请联系售后,Ansprechzeit des Hubmotors,"Starten Sie den Roboter neu. Wenn das Problem weiterhin besteht, wenden Sie sich an den Kundendienst",Délai de réponse du moteur élévateur,"Redémarrez le robot. Si le problème persiste, veuillez contacter le support après - vente",,,,,,,,,,,,,,,,,,,,,,,,,,,,,,,,,,,,,,,,,,,,
618,3,mcu,STATE_618,1,升降电机过流,Lifting motor overcurrent,"Restart the robot. If the issue persists, please contact our after-sales support",升降电机过流,重启设备，若多次重启无效，请联系售后,Überstrom am Hebemotor,"Starten Sie den Roboter neu. Wenn das Problem weiterhin besteht, wenden Sie sich bitte an unseren Kundendienst",Surintensité du moteur de levage,"Redémarrez le robot. Si le problème persiste, veuillez contacter notre service après-vente",Sovracorrente motore di sollevamento,"Riavviare il robot. Se il problema persiste, contattare il nostro centro di assistenza post-vendita",,,Sobreintensidad del motor de elevación,"Reinicie el robot. Si el problema persiste, póngase en contacto con nuestro servicio postventa",Nadproud motoru zvedání,"Restartujte robot. Pokud problém přetrvává, obraťte se na naši poprodejní podporu",,,Nadmerný prúd v motore zdvihu,"Reštartujte robota. Ak problém pretrváva, obráťte sa na naše oddelenie podpory po predaji",Przeciążenie silnika podnoszącego,"Uruchom ponownie robota. Jeśli problem będzie się powtarzał, skontaktuj się z naszym serwisem posprzedażnym",Overstroom hijsmotor,"Start de robot opnieuw. Als het probleem aanhoudt, neem dan contact op met onze dienst na verkoop",Overspænding på hævemotor,"Genstart robotten. Kontakt vores kundesupport, hvis problemet varer ved",,,Överström i lyftmotor,Starta om roboten. Om problemet kvarstår ber vi dig kontakta vår eftermarknadssupport,Nadtok motorja za dvigovanje,"Znova zaženite robota. Če težave ne morete odpraviti, se obrnite na našo poprodajno podporo",Sobreintensidade do motor de levantamento,"Reinicie o robô. Se o problema persistir, contacte a nossa assistência pós-venda",Emelőmotor túláram,"Indítsa újra a robotot. Ha a probléma továbbra is fennáll, kérjük, forduljon értékesítés utáni ügyfélszolgálatunkhoz",Nadstruja motora za podizanje,"Ponovno pokrenite robota. Ako se problem ne riješi, obratite se našoj poslijeprodajnoj podršci",Overspenning i løftemotor,Start roboten på nytt. Kontakt vår ettersalgsstøtte hvis problemet vedvarer,Nostomoottorin ylivirta,"Käynnistä robotti uudelleen. Jos ongelma jatkuu, ota yhteyttä myynnin jälkeiseen tukeen",Supracurent motor de ridicare,"Reporniți robotul. Dacă problema persistă, vă rugăm să contactați asistența noastră post-vânzare",Свръхток в мотора за повдигане,"Рестартирайте робота. Ако проблемът продължава, свържете се с нашия екип за обслужване на клиенти",Tõstemootori liigvool,"Taaskäivitage robot. Kui probleem püsib, võtke ühendust meie müügijärgse toega",Celšanas motora strāvas pārslodze,"Restartējiet robotu. Ja problēma joprojām pastāv, lūdzu, sazinieties ar mūsu pēcpārdošanas atbalsta dienestu",Per didelė kėlimo variklio srovė,"Paleiskite robotą iš naujo. Jei problema išlieka, susisiekite su mūsų aptarnavimo komanda"
619,3,common,STATE_619,3,升降电机过流,Lifting motor overcurrent,"Restart the robot. If the issue persists, contact the after-sales support",升降电机过流,请重启Robot，若多次重启无效，请联系售后,Überstrom des Hubmotors,"Starten Sie den Roboter neu. Wenn das Problem weiterhin besteht, wenden Sie sich an den Kundendienst",Surintensité du moteur de levage,"Redémarrez le robot. Si le problème persiste, veuillez contacter le support après - vente",,,,,,,,,,,,,,,,,,,,,,,,,,,,,,,,,,,,,,,,,,,,
632,3,common,STATE_632,3,升降电机磁编出错,Magnetic encoder error of lifting motor,"Restart the robot. If the issue persists, contact the after-sales support",升降电机磁编出错,请重启Robot，若多次重启无效，请联系售后,Fehler des magnetischen Encoders des Hubmotors,"Starten Sie den Roboter neu. Wenn das Problem weiterhin besteht, wenden Sie sich an den Kundendienst",Erreur de codeur magnétique du moteur élévateur,"Redémarrez le robot. Si le problème persiste, veuillez contacter le support après - vente",,,,,,,,,,,,,,,,,,,,,,,,,,,,,,,,,,,,,,,,,,,,
646,3,common,STATE_646,1,刀盘电机通讯异常→241111导入后台,Communication error detected in the cutting disc motor,"Restart the robot. If the issue persists, please contact our after-sales support",刀盘电机通讯异常,重启设备，若多次重启无效，请联系售后,Kommunikationsfehler im Schneidscheibenmotor erkannt,"Starten Sie den Roboter neu. Wenn das Problem weiterhin besteht, kontaktieren Sie bitte unseren Kundendienst",Erreur de communication détectée dans le moteur du disque de coupe,"Redémarrez le robot. Si le problème persiste, veuillez contacter notre service après - vente",,,,,,,,,,,,,,,,,,,,,,,,,,,,,,,,,,,,,,,,,,,,
648,3,common,STATE_648,1,刀盘电机电压过低→241111导入后台,The temperature of the cutting disc motor is too low,"Restart the robot. If the issue persists, please contact our after-sales support",刀盘电机电压过低,重启设备，若多次重启无效，请联系售后,Die Temperatur des Schneidscheibenmotors ist zu niedrig,"Starten Sie den Roboter neu. Wenn das Problem weiterhin besteht, kontaktieren Sie bitte unseren Kundendienst",La température du moteur du disque de coupe est trop basse,"Redémarrez le robot. Si le problème persiste, veuillez contacter notre service après - vente",,,,,,,,,,,,,,,,,,,,,,,,,,,,,,,,,,,,,,,,,,,,
650,3,mcu,STATE_650,1,刀盘电机过流,Cutting disc motor overcurrent,"Restart the robot. If the issue persists, please contact our after-sales support",刀盘电机过流,重启设备，若多次重启无效，请联系售后,Überstrom am Schneidscheibenmotor,"Starten Sie den Roboter neu. Wenn das Problem weiterhin besteht, wenden Sie sich bitte an unseren Kundendienst",Surintensité du moteur du disque de coupe,"Redémarrez le robot. Si le problème persiste, veuillez contacter notre service après-vente",Sovracorrente motore del disco da taglio,"Riavviare il robot. Se il problema persiste, contattare il nostro centro di assistenza post-vendita",,,Sobrecorriente del motor del disco de corte,"Reinicie el robot. Si el problema persiste, póngase en contacto con nuestro servicio postventa",Nadproud motoru – žací kotouč,"Restartujte robot. Pokud problém přetrvává, obraťte se na naši poprodejní podporu",,,Nadmerný prúd v motore sekacieho disku,"Reštartujte robota. Ak problém pretrváva, obráťte sa na naše oddelenie podpory po predaji",Przeciążenie silnika noża tnącego,"Uruchom ponownie robota. Jeśli problem będzie się powtarzał, skontaktuj się z naszym serwisem posprzedażnym",Overstroom motor maaischijf,"Start de robot opnieuw. Als het probleem aanhoudt, neem dan contact op met onze dienst na verkoop",Overspænding på motor til skæreskive,"Genstart robotten. Kontakt vores kundesupport, hvis problemet varer ved",,,Överström i motorn för klippskiva,Starta om roboten. Om problemet kvarstår ber vi dig kontakta vår eftermarknadssupport,Nadtok motorja rezalnega diska,"Znova zaženite robota. Če težave ne morete odpraviti, se obrnite na našo poprodajno podporo",Sobreintensidade do motor de disco de corte,"Reinicie o robô. Se o problema persistir, contacte a nossa assistência pós-venda",Vágólemezmotor túláram,"Indítsa újra a robotot. Ha a probléma továbbra is fennáll, kérjük, forduljon értékesítés utáni ügyfélszolgálatunkhoz",Nadstruja motora diska za rezanje,"Ponovno pokrenite robota. Ako se problem ne riješi, obratite se našoj poslijeprodajnoj podršci",Overspenning i kappeskivemotor,Start roboten på nytt. Kontakt vår ettersalgsstøtte hvis problemet vedvarer,Leikkuukiekon moottorin ylivirta,"Käynnistä robotti uudelleen. Jos ongelma jatkuu, ota yhteyttä myynnin jälkeiseen tukeen",Supracurent motor disc tăiere,"Reporniți robotul. Dacă problema persistă, vă rugăm să contactați asistența noastră post-vânzare",Свръхток в мотора на режещия диск,"Рестартирайте робота. Ако проблемът продължава, свържете се с нашия екип за обслужване на клиенти",Lõikekettamootori liigvool,"Taaskäivitage robot. Kui probleem püsib, võtke ühendust meie müügijärgse toega",Griezējdiska motora strāvas pārslodze,"Restartējiet robotu. Ja problēma joprojām pastāv, lūdzu, sazinieties ar mūsu pēcpārdošanas atbalsta dienestu",Per didelė pjovimo disko variklio srovė,"Paleiskite robotą iš naujo. Jei problema išlieka, susisiekite su mūsų aptarnavimo komanda"
652,3,common,STATE_652,1,刀盘电机控制器过载→241111导入后台,The controller of the cutting disc motor is overloaded,"Please turn off the robot to check if the cutting disc is jammed. If not, restart the robot. If the issue persists, please contact the after-sales support",刀盘电机控制器过载,请在机器关机情况下，检查刀盘是否被卡住或者被缠绕住。若多次重启无效，请联系售后,Die Steuerung des Schneidscheibenmotors ist überlastet,"Bitte schalten Sie den Roboter aus, um zu überprüfen, ob die Schneidscheibe blockiert ist. Wenn nicht, starten Sie den Roboter neu. Wenn das Problem weiterhin besteht, wenden Sie sich bitte an den Kundendienst",Surcharge du Contrôleur de moteur de disque de coupe,"Veuillez éteindre le robot et vérifier si le disque de coupe est coincé. Si ce n'est pas le cas, redémarrez le robot. Si le problème persiste, veuillez contacter le support après - vente",,,,,,,,,,,,,,,,,,,,,,,,,,,,,,,,,,,,,,,,,,,,
653,3,common,STATE_653,1,刀盘电机过载→241111导入后台,The cutting disc motor is overloaded,"Please turn off the robot to check if the cutting disc is jammed. If not, restart the robot. If the issue persists, please contact the after-sales support",刀盘电机过载,请在机器关机情况下，检查刀盘是否被卡住或者被缠绕住。若多次重启无效，请联系售后,Der Schneidscheibenmotor ist überlastet,"Bitte schalten Sie den Roboter aus, um zu überprüfen, ob die Schneidscheibe blockiert ist. Wenn nicht, starten Sie den Roboter neu. Wenn das Problem weiterhin besteht, wenden Sie sich bitte an den Kundendienst",Surcharge du moteur du disque de coupe,"Veuillez éteindre le robot et vérifier si le disque de coupe est coincé. Si ce n'est pas le cas, redémarrez le robot. Si le problème persiste, veuillez contacter le support après - vente",,,,,,,,,,,,,,,,,,,,,,,,,,,,,,,,,,,,,,,,,,,,
658,3,common,STATE_658,1,刀盘电机换向超时→241111导入后台,Timeout occurred in the commutation of the cutting disc motor,"Please turn off the robot to check if the cutting disc is jammed. If not, restart the robot. If the issue persists, please contact the after-sales support",刀盘电机换向超时,请在机器关机情况下，检查刀盘是否被卡住或者被缠绕住。若多次重启无效，请联系售后,Timeout trat bei der Kommutierung des Schneidscheibenmotors auf,"Bitte schalten Sie den Roboter aus, um zu überprüfen, ob die Schneidscheibe blockiert ist. Wenn nicht, starten Sie den Roboter neu. Wenn das Problem weiterhin besteht, wenden Sie sich bitte an den Kundendienst",Délai de commutation du moteur du disque de coupe,"Veuillez éteindre le robot et vérifier si le disque de coupe est coincé. Si ce n'est pas le cas, redémarrez le robot. Si le problème persiste, veuillez contacter le support après - vente",,,,,,,,,,,,,,,,,,,,,,,,,,,,,,,,,,,,,,,,,,,,
659,3,common,STATE_659,1,刀盘电机启动超时→241111导入后台,Timeout occurred in the startup of the cutting disc motor,"Please turn off the robot to check if the cutting disc is jammed. If not, restart the robot. If the issue persists, please contact the after-sales support",刀盘电机启动超时,请在机器关机情况下，检查刀盘是否被卡住或者被缠绕住。若多次重启无效，请联系售后,Timeout trat bei der Inbetriebnahme des Schneidscheibenmotors auf,"Bitte schalten Sie den Roboter aus, um zu überprüfen, ob die Schneidscheibe blockiert ist. Wenn nicht, starten Sie den Roboter neu. Wenn das Problem weiterhin besteht, wenden Sie sich bitte an den Kundendienst",Délai de démarrage du moteur du disque de coupe,"Veuillez éteindre le robot et vérifier si le disque de coupe est coincé. Si ce n'est pas le cas, redémarrez le robot. Si le problème persiste, veuillez contacter le support après - vente",,,,,,,,,,,,,,,,,,,,,,,,,,,,,,,,,,,,,,,,,,,,
660,3,common,STATE_660,1,刀盘电机温度异常→241111导入后台,Temperature error detected in the cutting disc motor,The robot will come back to normal once the temperature decreases. This may take several minutes,刀盘电机温度异常,温度下降后设备将恢复正常，该过程可能需要几分钟；或者重启设备，若多次重启无效，请联系售后,Temperaturfehler im Schneidscheibenmotor erkannt,"Sobald die Temperatur sinkt, wird der Roboter wieder normal. Dies kann mehrere Minuten dauern",Moteur de disque de coupe détecte une erreur de température,"Dès que la température baisse, le robot revient à la normale. Cela peut prendre quelques minutes",,,,,,,,,,,,,,,,,,,,,,,,,,,,,,,,,,,,,,,,,,,,
661,3,common,STATE_661,1,刀盘电机MOS温度异常→241111导入后台,Temperature error detected in the cutting disc motor MOS,The robot will come back to normal once the temperature decreases. This may take several minutes,刀盘电机MOS温度异常,温度下降后设备将恢复正常，该过程可能需要几分钟；或者重启设备，若多次重启无效，请联系售后,Temperaturfehler im Schneidscheibenmotor MOS erkannt,"Sobald die Temperatur sinkt, wird der Roboter wieder normal. Dies kann mehrere Minuten dauern",Erreur de température détectée dans le moteur de disque de coupe mos,"Dès que la température baisse, le robot revient à la normale. Cela peut prendre quelques minutes",,,,,,,,,,,,,,,,,,,,,,,,,,,,,,,,,,,,,,,,,,,,
662,3,common,STATE_662,1,刀盘电机换向启动超时→241111导入后台,Timeout occurred in the commutation and startup of the cutting disc motor,"Please turn off the robot to check if the cutting disc is jammed. If not, restart the robot. If the issue persists, please contact the after-sales support",刀盘电机换向启动超时,请在机器关机情况下，检查刀盘是否被卡住或者被缠绕住。若多次重启无效，请联系售后,Timeout trat bei Kommutierung und Inbetriebnahme des Schneidscheibenmotors auf,"Bitte schalten Sie den Roboter aus, um zu überprüfen, ob die Schneidscheibe blockiert ist. Wenn nicht, starten Sie den Roboter neu. Wenn das Problem weiterhin besteht, wenden Sie sich bitte an den Kundendienst",Commutateur de moteur de disque de coupe et délai de démarrage,"Veuillez éteindre le robot et vérifier si le disque de coupe est coincé. Si ce n'est pas le cas, redémarrez le robot. Si le problème persiste, veuillez contacter le support après - vente",,,,,,,,,,,,,,,,,,,,,,,,,,,,,,,,,,,,,,,,,,,,
900,3,common,STATE_900,1,雨刷电机异常,The camera wiper error,"Please restart the robot. If the issue persists, please contact the after-sales support",雨刷电机异常,重启机器人，若持续报错请联系售后,Abnormale Scheiben wischer motoren,"Starten Sie den Roboter neu. Wenn Sie weiterhin Fehler melden, wenden Sie sich bitte an den Kundendienst",Moteur d'essuie-glace anormal,"Redémarrez le robot, s'il vous plaît contacter après-vente si vous avez continué à signaler des erreurs",Il motore del tergicristallo è anormale,"Riavvia il robot, se continui a segnalare errori, contatta il servizio post-vendita",,,Motor de limpiaparabrisas anormal,"Reinicie el robot, si continúa informando errores, comuníquese con el servicio posventa",Stěrač je abnormální,"Restartujte robota, pokud budete pokračovat v hlášení chyb, obraťte se na následný prodej",,,Stierač motor je abnormálny,"Reštartovať robota, ak budete naďalej hlásiť chyby, kontaktujte prosím po predaji",Silnik wycieraczki jest nienormalny,"Uruchom ponownie robota, jeśli nadal będziesz zgłaszać błędy, skontaktuj się z posprzedażnym",De ruitenwissermotor is abnormaal,"Start de robot opnieuw op, als u fouten blijft melden, neem dan contact op met de after-sales",Viskeren er unormal.,"Genstart robotten, hvis du fortsætter med at rapportere fejl, kontakt venligst efter salg",,,Torkarmotorn är onormal.,"Starta om roboten, om du fortsätter att rapportera fel, kontakta efter försäljningar",Motor brisalca je nenormalna.,"Ponovno zaženi robot, če še naprej poročate o napakih, se obrnite na po prodaji",,,,,,,,,,,,,,,,,,,,
901,3,common,STATE_901,1,雨刷电机异常,The camera wiper error,"Please restart the robot. If the issue persists, please contact the after-sales support",雨刷电机异常,重启机器人，若持续报错请联系售后,Abnormale Scheiben wischer motoren,"Starten Sie den Roboter neu. Wenn Sie weiterhin Fehler melden, wenden Sie sich bitte an den Kundendienst",Moteur d'essuie-glace anormal,"Redémarrez le robot, s'il vous plaît contacter après-vente si vous avez continué à signaler des erreurs",Il motore del tergicristallo è anormale,"Riavvia il robot, se continui a segnalare errori, contatta il servizio post-vendita",,,Motor de limpiaparabrisas anormal,"Reinicie el robot, si continúa informando errores, comuníquese con el servicio posventa",Stěrač je abnormální,"Restartujte robota, pokud budete pokračovat v hlášení chyb, obraťte se na následný prodej",,,Stierač motor je abnormálny,"Reštartovať robota, ak budete naďalej hlásiť chyby, kontaktujte prosím po predaji",Silnik wycieraczki jest nienormalny,"Uruchom ponownie robota, jeśli nadal będziesz zgłaszać błędy, skontaktuj się z posprzedażnym",De ruitenwissermotor is abnormaal,"Start de robot opnieuw op, als u fouten blijft melden, neem dan contact op met de after-sales",Viskeren er unormal.,"Genstart robotten, hvis du fortsætter med at rapportere fejl, kontakt venligst efter salg",,,Torkarmotorn är onormal.,"Starta om roboten, om du fortsätter att rapportera fel, kontakta efter försäljningar",Motor brisalca je nenormalna.,"Ponovno zaženi robot, če še naprej poročate o napakih, se obrnite na po prodaji",,,,,,,,,,,,,,,,,,,,
902,3,common,STATE_902,1,雨刷电机控制过流,Overcurrent detected in the camera wiper motor controller,"Please check if the camera wiper is stuck. If the issue persists, please contact the after-sales support",雨刷电机控制过流,请检查雨刷是否被卡住，若持续报错请联系售后,Scheiben wischer motor steuert Übers trom,"Bitte überprüfen Sie, ob der Scheiben wischer fests teckt. Wenn Sie weiterhin Fehler melden, wenden Sie sich bitte an den Kundendienst",Le moteur d'essuie-glace contrôle le surdébit,"Veuillez vérifier si l'essuie-glace est bloquée. Si vous continuez à signaler l'erreur, veuillez contacter après-vente",Sovrorrente di controllo del motore del tergicristallo,"Si prega di controllare se il tergicristallo è bloccato. Se si continua a segnalare errori, si prega di contattare il servizio post-vendita.",,,El motor del limpiaparabrisas controla la sobrecorriente,"Compruebe si el limpiaparabrisas está atascado. Si continúa informando errores, comuníquese con el servicio postventa.",Ovládání motoru stieračů,"Zkontrolujte, zda je stiskač uvězněn. Pokud budete nadále hlásit chyby, obraťte se na poprodejní službu.",,,Stierač motor riadenie nadprúd,"Skontrolujte, či stierač je uviaznutý. Ak budete naďalej hlásiť chyby, obráťte sa na popredajný servis.",Nadprąd sterowania silnika wycieraczki,"Sprawdź, czy wycieraczka utknęła. Jeśli nadal zgłaszasz błędy, skontaktuj się z serwisem posprzedażowym.",Wisser motor controle overstroom,"Controleer of de wisser vastzit. Als u fouten blijft melden, neem dan contact op met de after-sales service.",Visker motorstyring overstrømstrøm,"Tjek venligst, om viskeren sidder fast. Hvis du fortsætter med at rapportere fejl, bedes du kontakte eftersalgstjenesten.",,,Torkarmotorstyrning över strömning,"Kontrollera om torkaren har fastnat. Om du fortsätter att rapportera fel, kontakta efter försäljningen.",Naprava za nadzor motorja brisalnika,"Preverite, ali se je brisalec zataknil. Če še naprej prijavite napake, se obrnite na storitve pop-prodaje.",,,,,,,,,,,,,,,,,,,,
903,3,common,STATE_903,1,雨刷电机控制过流,Overcurrent detected in the camera wiper motor controller,"Please check if the camera wiper is stuck. If the issue persists, please contact the after-sales support",雨刷电机控制过流,请检查雨刷是否被卡住，若持续报错请联系售后,Scheiben wischer motor steuert Übers trom,"Bitte überprüfen Sie, ob der Scheiben wischer fests teckt. Wenn Sie weiterhin Fehler melden, wenden Sie sich bitte an den Kundendienst",Le moteur d'essuie-glace contrôle le surdébit,"Veuillez vérifier si l'essuie-glace est bloquée. Si vous continuez à signaler l'erreur, veuillez contacter après-vente",Sovrorrente di controllo del motore del tergicristallo,"Si prega di controllare se il tergicristallo è bloccato. Se si continua a segnalare errori, si prega di contattare il servizio post-vendita.",,,El motor del limpiaparabrisas controla la sobrecorriente,"Compruebe si el limpiaparabrisas está atascado. Si continúa informando errores, comuníquese con el servicio postventa.",Ovládání motoru stieračů,"Zkontrolujte, zda je stiskač uvězněn. Pokud budete nadále hlásit chyby, obraťte se na poprodejní službu.",,,Stierač motor riadenie nadprúd,"Skontrolujte, či stierač je uviaznutý. Ak budete naďalej hlásiť chyby, obráťte sa na popredajný servis.",Nadprąd sterowania silnika wycieraczki,"Sprawdź, czy wycieraczka utknęła. Jeśli nadal zgłaszasz błędy, skontaktuj się z serwisem posprzedażowym.",Wisser motor controle overstroom,"Controleer of de wisser vastzit. Als u fouten blijft melden, neem dan contact op met de after-sales service.",Visker motorstyring overstrømstrøm,"Tjek venligst, om viskeren sidder fast. Hvis du fortsætter med at rapportere fejl, bedes du kontakte eftersalgstjenesten.",,,Torkarmotorstyrning över strömning,"Kontrollera om torkaren har fastnat. Om du fortsätter att rapportera fel, kontakta efter försäljningen.",Naprava za nadzor motorja brisalnika,"Preverite, ali se je brisalec zataknil. Če še naprej prijavite napake, se obrnite na storitve pop-prodaje.",,,,,,,,,,,,,,,,,,,,
1003,3,navigation,STATE_1003,1,雨水传感器触发，作业结束,Rain sensor activated,Please continue to work after the rain stops,雨水传感器触发,请等待雨停后再继续作业,Regensensor aktiviert,"Bitte setzen Sie den Betrieb fort, nachdem der Regen aufgehört hat",Capteur de pluie activé,Veuillez continuer à travailler après la fin de la pluie,Sensore pioggia attivato,Continuare con il lavoro quando la pioggia è terminata,,,Sensor de lluvia activado,Continúe trabajando cuando deje de llover,Dešťový senzor byl aktivován,Pokračujte v provozu po skončení deště,,,Bol aktivovaný snímač dažďa,"Pokračujte v práci, keď prestane pršať",Czujnik deszczu aktywowany,Kontynuuj pracę po ustaniu deszczu,Regensensor geactiveerd,Werk door nadat de regen is gestopt,Regnsensoren er aktiveret,"Fortsæt med arbejdet, når regnen stopper",Активиран сензор кише,Наставите са радом након што киша престане,Regnsensor aktiverad,Fortsätt med arbetet när det har slutat regna,Aktiviran senzor za dež,"Nadaljujte z delom, ko dež preneha.​​",Sensor de chuva ativado,"Por favor, continue a trabalhar após a chuva parar",Esőérzékelő aktiválva,"Kérjük, folytassa a munkát az eső abbamaradása után",Senzor kiše aktiviran,Nastavite s radom nakon što kiša prestane,Regnsensor aktivert,Vennligst fortsett arbeidet etter at regnet slutter,Sadeanturi aktivoitu,Jatka työskentelyä sateen lakattua,Senzor de ploaie activat,Vă rugăm să continuați munca după încetarea ploii,Активиран е дъждовен сензор,"Моля, продължете работа след спиране на дъжда",Vihmasensor aktiveeritud,Palun jätkake tööd peale vihma lakkumist,Lietus sensors aktivēts,"Lūdzu, turpiniet darbu pēc lietus beigām",Aktyvuotas lietaus jutiklis,Prašome tęsti darbą po lieties nutraukimo
1004,3,navigation,STATE_1004,1,触发倾斜传感器,Tilt sensor activated,Please place the robot on a flat surface and unlock it to continue,触发倾斜传感器,请将Robot放置在平地，再按解锁键继续作业,Neigungssensor aktiviert,"Bitte stellen Sie den Roboter auf eine ebene Fläche und entsperren Sie ihn, um fortzufahren",Capteur d’inclinaison activé,Veuillez placer le robot sur une surface plane et le déverrouiller pour continuer,Sensore di inclinazione attivato,"Per continuare, spostare il robot su una superficie piana e sbloccarlo",,,Sensor de inclinación activado,Coloque el robot sobre una superficie plana y desbloquéelo para continuar,Senzor náklonu byl aktivován,K pokračování umístěte robot na rovný povrch a odblokujte ho,,,Bol aktivovaný snímač naklonenia,Položte robota na rovný povrch a bude pokračovať po odomknutí,Czujnik przechyłu aktywowany,"Umieść robota na płaskiej powierzchni i odblokuj go, aby kontynuować",Hellingsensor geactiveerd,Plaats de robot op een vlakke ondergrond en ontgrendel hem om verder te gaan,Hældningssensoren er aktiveret,"Placér robotten på en flad overflade, og lås den op for at fortsætte",,,Lutningssensor aktiverad,Placera roboten på ett plant underlag och lås upp den för att fortsätta,Aktiviran senzor nagiba,"Prosimo, postavite robota na ravno površino in ga odklenite za nadaljevanje",Sensor de inclinação ativado,Coloque o robô numa superfície plana e desbloqueie-o para continuar,Dőlésérzékelő aktiválva,"Kérjük, helyezze a robotot egy sima felületre, és a folytatáshoz oldja fel a reteszelést",Aktiviran senzor nagiba,Postavite robota na ravnu površinu i otključajte ga za nastavak,Vippesensor aktivert,Plasser roboten på en flat overflate og lås den opp for å fortsette,Kallistusanturi aktivoitu,Aseta robotti tasaiselle alustalle ja avaa sen lukitus jatkaaksesi,Senzor de înclinare activat,Vă rugăm să așezați robotul pe o suprafață plană și să îl deblocați pentru a continua,Активиран сензор за накланяне,"Поставете робота на равна повърхност и го отключете, за да продължи работа",Kaldeandur on aktiveeritud,Jätkamiseks asetage robot tasasele pinnale ja tehke see lukust lahti,Aktivizēts sagāzuma sensors,"Lūdzu, novietojiet robotu uz līdzenas virsmas un atbloķējiet, lai turpinātu",Pokrypio jutiklis įjungtas,"Padėkite robotą ant lygaus paviršiaus ir atrakinkite, kad galėtumėte tęsti"
1005,3,navigation,STATE_1005,1,当前电量过低,The battery is too low,The robot will automatically resume unfinished tasks once the battery is almost fully charged,当前电量过低,机器在接近满电后将自动继续未完成的作业,Der aktuelle Batteriestand ist zu niedrig,"Der Roboter setzt unvollständige Aufgaben automatisch fort, sobald der Akku fast vollständig geladen ist",Le niveau de batterie actuel est trop bas,Le robot reprendra automatiquement les tâches inachevées une fois la batterie presque entièrement chargée,Il livello di batteria attuale è troppo basso,Il robot riprenderà automaticamente le attività non completate quando la batteria sarà quasi completamente carica,,,El nivel actual de la batería es demasiado bajo,El robot reanudará automáticamente las tareas pendientes una vez que la batería esté casi completamente cargada,Baterie je příliš vybitá,"Robot automaticky obnoví nedokončené úkoly, jakmile bude baterie téměř plně nabitá",,,Batéria je príliš vybitá,"Robot automaticky obnoví nedokončené úlohy, keď bude batéria takmer úplne nabitá",Aktualny poziom naładowania jest zbyt niski,"Robot automatycznie wznowi niedokończone zadania, gdy bateria będzie prawie całkowicie naładowana",Het huidige batterijniveau is te laag,De robot hervat automatisch onvoltooide taken zodra de batterij bijna volledig is opgeladen,Batteriet er for lavt,"Robotten genoptager automatisk uafsluttede opgaver, når batteriet er næsten helt opladet",Батерија је преслаба,Робот ће аутоматски наставити незавршене задатке када се батерија скоро потпуно напуни,Batteriet är för lågt,Robotten återupptar automatiskt ofullständiga uppgifter när batteriet är nästan fulladdat,Baterija je prenizka,"Robot bo samodejno nadaljeval nedokončane naloge, ko bo baterija skoraj popolnoma napolnjena",A bateria está muito fraca,O robô retomará automaticamente tarefas inacabadas assim que a bateria estiver quase totalmente carregada,Az akkumulátor töltöttsége kritikus,"A robot automatikusan folytatja a befejezetlen feladatokat, amint az akkumulátor majdnem teljesen feltöltődik",Baterija je preslaba,Robot će automatski nastaviti nedovršene zadatke nakon što se baterija gotovo potpuno napuni,Batteriet er for svakt,Roboten vil automatisk fortsette ufullførte oppgaver når batteriet er nesten fulladet,Akku on liian heikko,"Robotti jatkaa kesken jääneitä tehtäviä automaattisesti, kun akku on lähes täyteen ladattu",Bateria este descărcată,Robotul va relua automat sarcinile neterminate odată ce bateria este aproape complet încărcată,Батерията е прекалено ниска,"Роботът автоматично ще възобнови незавършените задачи, след като батерията е почти напълно заредена",Aku on liiga nõrk,"Robot automaatselt jätkab lõpetamata ülesandeid, kui aku on peaaegu täielikult laetud",Akumulators ir izlādējies,"Robots automātiski atsāks nepabeigtos uzdevumus, kad akumulators būs gandrīz pilnībā uzlādēts",Baterija išsikrovusi,"Robotas automatiškai tęsias nebaigtas užduotis, kai baterija bus beveik visiškai įkrauta"
1006,3,navigation,STATE_1006,1,当前电量过低,The current battery level is too low,Please charge the robot,当前电量过低,请给 Robot 充电,Der aktuelle Batteriestand ist zu niedrig,Bitte laden Sie Roboter auf,Le niveau de batterie actuel est trop bas,Veuillez recharger robot.,Il livello di batteria attuale è troppo basso,Ricaricare robot,,,El nivel actual de la batería es demasiado bajo,Cargue robot,Baterie je příliš vybitá,Nechte robot nabít,,,Batéria je príliš vybitá,Nechajte robot nabiť,Aktualny poziom naładowania jest zbyt niski,Proszę naładować robot,Het huidige batterijniveau is te laag,Laad robot op.,Det aktuelle batteriniveau er for lavt,Oplad robotten,Тренутни ниво батерије је превише ниско,Напуните робота,Den aktuella batterinivån är för låg,Ladda roboten,Trenutna raven baterije je prenizka,Napolnite napravo robot,O nível atual da bateria está muito baixo,"Por favor, carregue o robô",Az akkumulátor töltöttsége túl alacsony,"Kérjük, töltse fel a robotot",Trenutna razina baterije preniska,Napunite robota,Batterinivået er for lavt,Vennligst lad roboten,Pariston varaus on liian alhainen,Lataa robotti,Nivelul curent al bateriei este prea scăzut,Vă rugăm să încărcați robotul,Текущото ниво на батерията е твърде ниско,"Моля, заредете робота",Aku praegune laetustase on liiga madal,Palun laadige robot,Akumulatora līmenis ir pārāk zems,"Lūdzu, uzlādējiet robotu",Dabartinė baterijos įkrova per žema,Prašome įkrauti robotą
1007,3,navigation,STATE_1007,1,当前电量过低,The battery is too low,Please charge the robot,当前电量过低,请给Robot充电,Der aktuelle Batteriestand ist zu niedrig,Bitte laden Sie Roboter auf,Le niveau de batterie actuel est trop bas,Veuillez recharger robot.,Il livello di batteria attuale è troppo basso,Ricaricare robot,,,El nivel actual de la batería es demasiado bajo,Cargue robot,Baterie je příliš vybitá,Nechte robot nabít,,,Batéria je príliš vybitá,Nechajte robot nabiť,Aktualny poziom naładowania jest zbyt niski,Proszę naładować robot,Het huidige batterijniveau is te laag,Laad robot op.,Batteriet er for lavt,Oplad robotten,,,Batteriet är för lågt,Ladda roboten,Baterija je prenizka,Napolnite napravo robot,,,,,,,,,,,,,,,,,,,,
1008,3,navigation,STATE_1008,1,Robot处于锁定状态,The robot has been locked,Follow the tips to unlock the robot,Robot处于锁定状态,可按照弹框提示对Robot进行解锁,Roboter ist im Sperrzustand,Entsperren Sie Roboter gemäß dem Popup-Hinweis,Robot est bloqué,Vous pouvez suivre la boite pop up pour déverouiller robot,Robot è in stato di blocco,Sblocca robot secondo il messaggio a comparsa,,,Robot está en estado de bloqueo,Desbloquea a robot según el mensaje emergente,Robot je uzamčená,Postupujte podle pokynů pro odemčení robot,,,Robot je uzamknutá,Postupujte podľa pokynov na odomknutie robot,Robot jest w stanie zablokowania,Odblokuj robot zgodnie z wyświetlanym komunikatem,Robot is geblokkeerd,U kunt de pop-upbox volgen om robot te ontgrendelen,Robotten er blevet låst,Følg tipene for at låse robotten op,Робот је закључан,Пратите савете да откључате робота,Roboten har låsts,Följ tipsen för att låsa upp roboten,Robot je bila zaklenjena,Upoštevajte nasvete za odklepanje naprave robot,O robô foi bloqueado,Siga as dicas para desbloquear o robô,A robot zárolva van,Kövesse a tippeket a robot feloldásához,Robot je zaključan,Slijedite upute za otključavanje robota,Roboten er låst,Følg tipsene for å låse opp roboten,Robotti on lukittu,Nouda vinkkejä robotin lukituksen avaamiseksi,Robotul a fost blocat,Urmați sfaturile pentru a debloca robotul,Роботът е заключен,"Следвайте съветите, за да отключите робота",Robot on lukustatud,Järgige vihjeid roboti lukustuse avamiseks,Robots ir bloķēts,"Sekojiet padomiem, lai atslēgtu robotu",Robotas užrakintas,Sekdami patarimus atrakinkite robotą
1009,3,navigation,STATE_1009,1,充电桩前方不可通行,The charging area is not clear,The ground of charging area should be flat and free of obstacles,充电桩前方不可通行,充电区内地面应平整且无障碍物,Kein Zugang vor der Ladestation,Der Boden innerhalb von 2 Metern vor der Ladestation sollte eben und frei von Hindernissen sein,Accès interdit devant la borne de recharge,Le sol dans un rayon de 2 mètres devant la station de recharge doit être plat et sans obstacles,Vietato l’accesso di fronte alla stazione di ricarica,Il terreno entro 2 metri di distanza dalla stazione di ricarica deve essere livellato e privo di ostacoli,,,Prohibido el acceso delante de la estación de carga,El suelo dentro de los 2 metros antes de la estación de carga debe ser nivelado y libre de obstáculos,Oblast nabíjení je neprůchozí,"Nabíjecí oblast musí být rovná, bez překážek",,,Oblasť nabíjania je nepriechodná,"Nabíjacia oblasť musí byť rovná, bez prekážok",Przed stacją ładowania brak dostępu,Teren w odległości 2 metrów przed stacją ładowania powinien być równy i wolny od przeszkód,Toegang verboden vóór het laadstation,De grond binnen een straal van 2 meter vóór het laadstation moet vlak en vrij van obstakels zijn,Opladningsområdet er ikke gemt,Opladningsområdet bør være fladt og fri for forhindringer,,,Laddningsområdet är inte klart,Laddningsområdets underlag ska vara plant och fritt från hinder,Območje polnjenja ni jasno,Tla območja polnjenja morajo biti ravna in brez ovir,,,,,,,,,,,,,,,,,,,,
1010,3,navigation,STATE_1010,1,自动出桩过程定位丢失,Positioning signal lost during getting off the charging station,"Please check if the space above the charging station is covered by eaves/trees or other obstacles. If any, relocate the charging station to a proper location.",自动出桩过程定位丢失,请检查充电桩的前上方是否被屋檐/树木等遮挡了天空，如果是，建议更坏充电桩位置,Verlust der Positionierung während des automatischen Verlassens des Ladepunktes,"Bitte überprüfen Sie, ob der Bereich oberhalb der Ladestation von Dachvorsprüngen/Ästen oder anderen Objekten blockiert wird. Falls ja, wird empfohlen, die Position der Ladestation zu ändern",Faible signal de positionnement pendant l’Auto-direction,"Veuillez vérifier si la zone située au-dessus de la station de recharge est obstruée par des auvents/des branches ou tout autre objet. Si c’est le cas, il est recommandé de déplacer la station de recharge",Perdita del posizionamento durante il processo di uscita automatica dalla stazione di ricarica,"Si prega di verificare se l’area antistante la stazione di ricarica è ostruita da grondaie/rami o altri oggetti. In caso affermativo, si consiglia di spostare la stazione di ricarica",,,Pérdida de posicionamiento durante el proceso de salida automática de la estación de carga,"Por favor, compruebe si la zona frontal por encima de la estación de carga está obstruida por aleros/ramas u otros objetos. En caso afirmativo, se recomienda reubicar la estación de carga",Během automatické kalibrace ztracen polohovací signál,"Zkontrolujte, zda není prostor nad nabíjecí základnou zakryt okapy/stromy nebo jinými překážkami. Pokud ano, přemístěte nabíjecí základnu na místo s otevřeným výhledem na oblohu",,,Počas automatickej kalibrácie stratený polohovací signál,"Skontrolujte, či nie je priestor nad nabíjacou základňou zakrytý odkvapmi/stromami alebo inými prekážkami. Ak áno, premiestnite nabíjaciu základňu na miesto s otvoreným výhľadom na oblohu",Przed robot znajduje się strefa zakazana,"Proszę sprawdzić, czy przednia część powyżej stacji ładowania jest zasłonięta przez daszek/gałęzie lub inne przedmioty. Jeśli tak, zaleca się przeniesienie stacji ładowania",Zwak positioneringssignaal tijdens automatisch sturen,"Controleer of het gebied boven het laadstation wordt belemmerd door luifels/takken of andere voorwerpen. Wanneer dit het geval is, is het raadzaam om het laadstation te verplaatsen","Positioneringssignal, der mistes, når du kommer ud af ladestationen","Kontroller, om pladsen over ladestationen er dækket af tagudhæng/træer eller andre forhindringer. Hvis der er nogen, skal du flytte ladestationen til et passende sted.",,,Positioneringssignal tappade när du gick av laddstationen,"Kontrollera om utrymmet ovanför laddstationen är täckt av takfot/träd eller andra hinder. Om någon, flytta laddstationen till en lämplig plats.",Med umerjanjem glave se je izgubil signal za določanje položaja,"Preverite, ali je prostor nad polnilno postajo prekrit z ostrešjem/drevesi ali drugimi ovirami. Če obstajajo, prestavite polnilno postajo na ustrezno mesto.",,,,,,,,,,,,,,,,,,,,
1011,3,navigation,STATE_1011,1,Robot未安装碰撞杆,The front bumper has not been installed,Please install/reinstall the front bumper,Robot未安装碰撞杆,请安装/重新安装碰撞杆,Roboter hat keinen Kollisionsschutz installiert,Bitte installieren/sie den Kollisionsschutz erneut,Robot n’a pas de pare-chocs avant installé,Veuillez installer/réinstaller le pare-chocs avant,Robot non ha installato il paraurti antincendio,Si prega di installare/riinstallare il paraurti antincendio,,,Robot no ha instalado un parachoques de colisión,"Por favor, instala/reinstala el parachoques de colisión",Nárazník není nainstalovaný,Nainstalujte/znovu nainstalujte nárazník,,,Nárazník nie je nainštalovaný,Nainštalujte/znova nainštalujte nárazník,Robot nie zainstalowała zderzaka,Proszę zainstalować/ponownie zainstalować zderzak,Er is geen voorbumper geïnstalleerd op robot.,Installeer/herinstalleer de voorbumper,Den forreste kofanger er ikke installeret,Installer / geninstaller den forreste kofanger,,,Den främre stötfångaren har inte installerats,Vänligen installera/installera om den främre stötfångaren,Prednji odbijač ni nameščen,"Prosimo, namestite/odstranite sprednji odbijač",,,,,,,,,,,,,,,,,,,,
1013,3,navigation,STATE_1013,1,检测到下雨，Level2避障策略可能失效,The 'Less Touch' obstacle detection strategy may fail due to raining,Do not let the robot work on rainy days,检测到下雨，Level2避障策略可能失效,请合理规划作业，避免雨天作业,"Regen erkannt, die Hindernisvermeidungsstrategie der Stufe 2 könnte versagen","Bitte planen Sie die Aufgaben entsprechend, um Operationen bei regnerischem Wetter zu vermeiden","Pluie détectée, la stratégie d’évitement des obstacles de niveau 2 pourrait échouer",Veuillez planifier les tâches en conséquence afin d’éviter les opérations par temps de pluie,"Rilevata pioggia, la strategia di evitamento degli ostacoli di Livello 2 potrebbe non funzionare",Si prega di pianificare le attività in modo appropriato per evitare operazioni durante i giorni di pioggia,,,"Detectada lluvia, la estrategia de evitación de obstáculos de Nivel 2 podría fallar","Por favor, planifique las tareas adecuadamente para evitar realizar operaciones durante días lluviosos","Detekce překážek v úrovní 2 může selhat, pokud prší","Nenechte robot pracovat, pokud prší",,,"Detekcia prekážok v úrovni 2 môže zlyhať, ak prší","Nenechajte robot pracovať, ak prší","Wykryto deszcz, strategia unikania przeszkód poziomu 2 może nie działać","Proszę odpowiednio planować zadania, aby uniknąć wykonywania ich podczas deszczowej pogody","Regen gedetecteerd, het vermijden van obstakels op niveau 2 kan mogelijk mislukken.",Laat robot niet werken op regenachtige dagen,Niveau 2-forhindringsdetekteringsstrategien kan mislykkes på grund af regn,Lad ikke robotten arbejde på regnfulde dage,,,Nivå 2-strategin för hinderdetektion kan misslyckas på grund av regn,Låt inte roboten arbeta på regniga dagar,Strategija zaznavanja ovir na 2. stopnji morda ne bo uspešna zaradi dežja,"Ne dovolite, da bi robot delala v deževnih dneh",,,,,,,,,,,,,,,,,,,,
1014,3,navigation,STATE_1014,1,碰撞杆已触发,The front bumper has been collided during manual mowing,,手动割草时触发了碰撞杆,,Beim manuellen Mähen wurde der Kollisionssensor ausgelöst,,Le capteur de collision a été déclenché lors de la tonte manuelle,,Durante la falciatura manuale è stato attivato il sensore di collisione,,,,Se activó el sensor de colisión durante el corte manual del césped,,Během manuálního sečení došlo k nárazu nárazníkem,,,,Počas manuálneho kosenia došlo k nárazu nárazníkom,,Podczas ręcznego koszenia uruchomiono czujnik kolizji,,De crashsensor werd geactiveerd tijdens handmatig maaien,,Den forreste kofanger er kollideret under manuel klipning,,,,Den främre stötfångaren har kolliderat under manuell klippning,,Med ročno košnjo je prišlo do trka v sprednji odbijač,,,,,,,,,,,,,,,,,,,,,
1015,3,navigation,STATE_1015,1,电池状态更新失败,Battery status update failed,"Restart the robot. If the issue persists, contact the after-sales support",电池状态更新失败,请重启Robot，若多次重启无效，请联系售后,Der Batteriestatus konnte nicht aktualisiert werden,"Bitte starten Sie Roboter neu. Wenn mehrere Neustarts fehlschlagen, kontaktieren Sie bitte den Kundendienst",La mise à jour de l‘état de la batterie a échoué,"Veuillez redémarrer robot. Si plusieurs redémarrages échouent, veuillez contacter le service après-vente",Aggiornamento dello stato della batteria non riuscito,"Si prega di riavviare robot. Se diversi riavvii falliscono, si prega di contattare il servizio post-vendita",,,Error al actualizar el estado de la batería,"Por favor, reinicie robot. Si varios reinicios fallan, por favor, póngase en contacto con el servicio postventa",Aktualizace stavu baterie se nezdařila,"Restartujte robot. Pokud problém přetrvává, kontaktujte autorizovaný servis",,,Aktualizácia stavu batérie zlyhala,"Reštartujte robot. Ak problém pretrváva, kontaktujte autorizovaný servis",Nieudana aktualizacja stanu baterii.,"Uruchom ponownie robot. Jeśli nie działa, skontaktuj się z naszym zespołem obsługi posprzedażnej.",Update van de baterijstatus mislukt,"Start robot opnieuw op. Als meerdere keren opnieuw opstarten mislukt, neem dan contact op met de klantenservice.",Opdatering af batteristatus mislykkedes,"Genstart robotten. Hvis problemet fortsætter, skal du kontakte support",,,Uppdatering av batteristatus misslyckades,"Starta om roboten. Om problemet kvarstår, kontakta kundsupporten",Posodobitev stanja baterije ni uspela,"Ponovno zaženite napravo robot. Če se težava nadaljuje, se obrnite na poprodajno podporo",,,,,,,,,,,,,,,,,,,,
1016,3,navigation,STATE_1016,1,该操作与所处状态冲突，无法响应,The robot is working and unable to perform this command,,该操作与所处状态冲突，无法响应,,Dieser Vorgang steht im Konflikt mit dem aktuellen Zustand und kann nicht ausgeführt werden,,Cette opération est en conflit avec l‘état actuel et ne peut pas être exécutée,,Questa operazione è in conflitto con lo stato corrente e non può essere eseguita,,,,Esta operación está en conflicto con el estado actual y no puede ser respondida,,Robot pracuje a nemůže provést tento příkaz,,,,Robot pracuje a nemôže vykonať tento príkaz,,Ta operacja jest w konflikcie z obecnym stanem i nie może być wykonana,,Deze handeling is in strijd met de huidige status en kan niet worden uitgevoerd.,,Robotten arbejder og kan ikke udføre denne kommando,,,,Roboten fungerar och kan inte utföra detta kommando,,Robot deluje in ne more izvesti tega ukaza,,,,,,,,,,,,,,,,,,,,,
1017,3,navigation,STATE_1017,1,作业被介入，robot将不会自动继续本作业,Task is paused. Robot has a poor positioning signal.,Move the robot to an open area and wait for the positioning signal to return to normal before continuing the task,Robot定位状态差，作业已暂停。,请将机器移动到空旷区域等待定位恢复正常，再继续作业。,Aufgabe ist pausiert. Der Roboter hat ein schwaches Positionierungssignal.,"Bewegen Sie den Roboter in einen offenen Bereich und warten Sie, bis das Positionierungssignal wieder normal ist, bevor Sie mit der Aufgabe fortfahren.",La tâche est en pause. Le robot a un mauvais signal de positionnement.,Déplacez le robot dans une zone dégagée et attendez que le signal de positionnement redevienne normal avant de poursuivre la tâche.,L'attività è in pausa. Il robot ha un segnale di posizionamento debole.,Sposta il robot in un'area aperta e attendi che il segnale di posizionamento torni alla normalità prima di continuare l'attività.,,,La tarea está en pausa. El robot tiene una señal de posicionamiento débil.,Mueva el robot a un área abierta y espere a que la señal de posicionamiento vuelva a la normalidad antes de continuar con la tarea.,Úloha je pozastavena. Robot má slabý signál pro určování polohy.,"Přesuňte robota na otevřené prostranství a vyčkejte, až se signál určování polohy vrátí do normálu, než budete pokračovat v úloze.",,,Úloha je pozastavená. Robot má slabý signál určovania polohy.,"Presuňte robota na otvorené miesto a počkajte, kým sa signál určovania polohy vráti do normálu, predtým než budete pokračovať v úlohe.",Zadanie jest wstrzymane. Robot ma słaby sygnał pozycjonowania.,"Przenieś robota na otwartą przestrzeń i poczekaj, aż sygnał pozycjonowania wróci do normy, zanim kontynuujesz zadanie.",Taak is gepauzeerd. De robot heeft een zwak positioneringssignaal.,Verplaats de robot naar een open gebied en wacht tot het positioneringssignaal weer normaal is voordat u de taak hervat.,Opgaven er sat på pause. Robotten har et svagt positionssignal.,"Flyt robotten til et åbent område og vent på, at positionssignalet bliver normalt igen, før du fortsætter opgaven.",Zadatak je pauziran. Robot ima slab signal za pozicioniranje.,Premestite robota na otvoreno područje i sačekajte da se signal za pozicioniranje vrati u normalu pre nego što nastavite zadatak.,Uppgiften är pausad. Robotten har en svag positionssignal.,Flytta roboten till ett öppet område och vänta tills positionssignalen återgår till det normala innan du fortsätter uppgiften.,Naloga je začasno ustavljena. Robot ima šibek signal za določanje položaja.,"Premaknite robota na odprto območje in počakajte, da se signal za določanje položaja vrne v normalno stanje, preden nadaljujete z nalogo.",A tarefa está em pausa. O robô tem um sinal de posicionamento fraco.,Mova o robô para uma área aberta e aguarde o sinal de posicionamento voltar ao normal antes de continuar a tarefa.,A feladat szünetel. A robot gyenge pozicionáló jelet kap.,"Vigye a robotot nyílt területre, és várja meg, amíg a pozicionáló jel visszatér a normális szintre, mielőtt folytatná a feladatot.",Zadatak je pauziran. Robot ima slab signal za pozicioniranje.,Premjestite robota na otvoreno područje i pričekajte da se signal za pozicioniranje vrati u normalu prije nego nastavite zadatak.,Oppgaven er satt på pause. Robotten har et svakt posisjoneringssignal.,Flytt roboten til et åpent område og vent til posisjoneringssignalet er tilbake til normalt før du fortsetter oppgaven.,Tehtävä on keskeytetty. Robotilla on heikko paikannussignaali.,"Siirrä robotti avoimelle alueelle ja odota, että paikannussignaali palautuu normaaliksi ennen kuin jatkat tehtävää.",Sarcina este întreruptă. Robotul are un semnal de poziționare slab.,Mutați robotul într-o zonă deschisă și așteptați ca semnalul de poziționare să revină la normal înainte de a continua sarcina.,Задачата е паузирана. Роботът има слаб сигнал за позициониране.,"Преместете робота на открито място и изчакайте сигналът за позициониране да се върне към нормалното, преди да продължите задачата.",Ülesanne on peatatud. Robotil on nõrk positsioneerimissignaal.,"Viige robot avatud alale ja oodake, kuni positsioneerimissignaal taastub normaalseks, enne kui jätkate ülesandega.",Uzdevums ir apturēts. Robotam ir vājš pozicionēšanas signāls.,"Pārvietojiet robotu uz atklātu vietu un pagaidiet, līdz pozicionēšanas signāls atgriežas normālā stāvoklī, pirms turpināt uzdevumu.",Užduotis pristabdyta. Robotas turi silpną pozicionavimo signalą.,"Perkelkite robotą į atvirą vietą ir palaukite, kol pozicionavimo signalas sugrįš į normalų lygį, prieš tęsdami užduotį."
1018,3,navigation,STATE_1018,1,充电桩异常,Charging station error,,充电桩异常,,Ladestation Abnormalität,,Anomalie de la station de recharge,,Anomalia della stazione di ricarica,,,,Anomalía en la estación de carga,,Chyba nabíjecí základny,,,,Chyba nabíjacej základne,,Nieprawidłowość w stacji ładowania,,Storing in het laadstation,,Fejl ved ladestation,,,,Laddstationsfel,,Napaka polnilne postaje,,,,,,,,,,,,,,,,,,,,,
1019,3,common,STATE_1019,1,执行下发的导航指令的状态检查不通过.如机器正在规划中下发回充、结束作业；机器正在锁定中下发继续作业、结束作业等,Unable to perform the operation at this time,Please verify the robot's status before proceeding with the operation,当前机器状态无法执行所下发的指令,请检查机器当前状态是否满足所下发指令的要求,Der Vorgang kann derzeit nicht ausgeführt werden,"Bitte überprüfen Sie den Status des Roboters, bevor Sie mit dem Vorgang fortfahren",Impossible d’effectuer l’opération pour le moment,Veuillez vérifier l’état du robot avant de poursuivre l’opération,Al momento non è possibile utilizzare il robot,Verificare lo stato del robot prima di procedere con l'utilizzo,,,No se puede realizar la operación en este momento,Verifique el estado del robot antes de proceder con la operación,Nyní nelze operaci provést,"Než budete s operací pokračovat, zkontrolujte stav robotu",,,Teraz nie je možné vykonávať prevádzku,Pred pokračovaním v prevádzke skontrolujte stav robota,Nie można teraz wykonać tej operacji,Sprawdź stan robota przed kontynuowaniem operacji,Kan de bewerking op dit moment niet uitvoeren,Controleer de status van de robot voordat u verder gaat met de bewerking,Kan ikke udføre handlingen lige nu,"Kontrollér robottens status, før du fortsætter med handlingen",,,Åtgärden kan inte utföras för närvarande,Kontrollera robotens status innan driften återupptas,Trenutno ni mogoče izvesti operacije,"Prosimo, preverite stanje robota, preden nadaljujete s postopkom",Não é possível efetuar a operação neste momento,Verifique o estado do robô antes de prosseguir com a operação,A művelet végrehajtása jelenleg nem lehetséges,A művelet folytatása előtt ellenőrizze a robot állapotát,U ovom trenutku nije moguće obaviti radnju,Provjerite status robota prije nastavka rada,Kan ikke utføre operasjonen for øyeblikket,Kontroller robotens status før du fortsetter med operasjonen,Toimintoa ei voida suorittaa tällä hetkellä,Tarkista robotin tila ennen toiminnon jatkamista,Nu se poate efectua operațiunea în acest moment,Vă rugăm să verificați starea robotului înainte de a continua cu operațiunea,Операцията не може да бъде извършена в момента,"Проверете състоянието на робота, преди да продължите с операцията",Toimingut ei saa praegu teha,Enne tegevusega jätkamist kontrollige roboti olekut,Šajā brīdī nevar veikt šo darbību,"Lūdzu, pārbaudiet robota statusu, pirms turpināt darbību",Šiuo metu operacijos atlikti negalima,"Prieš tęsdami operaciją, patikrinkite roboto būseną"
1020,3,common,STATE_1020,1,task执行失败，robot处于作业或升级中,The task failed to initiate because the robot is working or being upgraded,Please retry when the robot is idle,task执行失败，robot处于作业或升级中,请在非作业或升级情况下重试,"Die Task-Ausführung ist fehl geschlagen, Robot befindet sich in einem Job oder Upgrade","Bitte versuchen Sie es erneut, ohne Job oder Upgrade","L'exécution de task échoue, le robot est en mission ou mise à niveau",Veuillez réessayer sans travail ou mise à niveau,"Esecuzione del compito non riuscita, il robot si trova nel mezzo di un lavoro o di un aggiornamento",Riprova senza lavoro o aggiornamento,,,"La ejecución de la tarea falla, el robot está en el trabajo o la actualización",Inténtelo de nuevo sin trabajo o actualización,"Provádění úkolu selhalo, robot je uprostřed úlohy nebo aktualizace",Please try again without job or upgrade,,,"Vykonanie úlohy sa nepodarilo, robot je uprostred úlohy alebo aktualizácie",Skúste to znova bez úlohy alebo aktualizácie,"Wykonanie zadania nie powiodło się, robot jest w trakcie pracy lub uaktualnienia",Spróbuj ponownie bez pracy lub aktualizacji,"Taakuitvoering mislukt, de robot bevindt zich midden in een baan of upgrade",Probeer het opnieuw zonder werk of upgrade,"Opgavens udførelse mislykkedes, robotten er midt i et job eller opgradering.",Prøv igen uden job eller opgrader,,,"Funktionskörning misslyckades, roboten är mitt i ett jobb eller uppgraderingar",Försök igen utan jobb eller uppgradering.,"Izvajanje naloge ni uspelo, robot je sredi dela ali nadgradnje naprave",Prosim poskusite znova brez opravila ali nadgradnje.,,,,,,,,,,,,,,,,,,,,
1021,3,common,STATE_1021,1,图像质量变差，已经关闭视觉避障功能,The 3D vision obstacle avoidance function has been disabled as the image quality degrades,Please move the robot to an open area with ample lighting and try again,图像质量变差，已经关闭视觉避障功能,请移动机器到空旷草地，并在光线充足的环境下重试,Die Bildqualität hat sich verschl echtert und die Funktion zur Vermeidung visueller Hindernisse wurde aus geschaltet,Bitte bewegen Sie den Roboter in einen offenen Bereich mit ausreichend Licht und versuchen Sie es erneut,"La qualité de l'image s'est détériorée, la fonction d'évitement visuel a été désactivée",Veuillez déplacer le robot dans une zone ouverte avec un éclairage adéquat et réessayer,"Scarsa qualità dell'immagine, la prevenzione degli ostacoli visivi è stata disabilitata",Per favore sposta il robot in una zona aperta con illuminazione sufficiente e riprova,,,"La calidad de la imagen se ha deteriorado, la función de evitación visual se ha desactivado",Por favor mueve el robot a un área abierta con suficiente iluminación y vuelve a intentarlo,"Špatná kvalita obrazu, vizuální vyhýbání se překážkám byl zakázán",Přesuňte robota do otevřené oblasti s dostatečným osvětlením a zkuste to znovu,,,Kvalita obrazu sa zhoršuje,Presuňte robota na otvorenú plochu s dostatkom svetla a skúste to znova,"Słaba jakość obrazu, wizualne unikanie przeszkód zostało wyłączone",Proszę przenieść robota do otwartej przestrzeni z odpowiednim oświetleniem i spróbować ponownie,"Slechte beeldkwaliteit, het vermijden van visuele obstakels is uitgeschakeld",Verplaats de robot naar een open gebied met voldoende verlichting en probeer het opnieuw,Billedkvaliteten forringes,Flyt venligst robotten til et åbent område med god belysning og prøv igen,,,Bildkvaliteten försämras,Flytta roboten till en öppen plats med gott ljus och försök igen,"Slaba kakovost slike, izogibanje vizualnih ovir je onemogočeno",Premaknite robota na odprto območje z zadostno osvetlitvijo in poskusite znova,,,,,,,,,,,,,,,,,,,,
1022,3,common,STATE_1022,1,图像同步错误，已经关闭视觉避障功能,The 3D vision obstacle avoidance function has been disabled as the image synchronization error,Please move the robot to an open area with ample lighting and try again,图像同步错误，已经关闭视觉避障功能,请移动机器到空旷草地，并在光线充足的环境下重试,"Bilds ynchronisations fehler, die Funktion zur Vermeidung visueller Hindernisse wurde aus geschaltet",Bitte bewegen Sie den Roboter in einen offenen Bereich mit ausreichend Licht und versuchen Sie es erneut,"Erreur de synchronisation d'image, la fonction d'évitement visuel a été désactivée",Veuillez déplacer le robot dans une zone ouverte avec un éclairage adéquat et réessayer,"Errore di sincronizzazione dell'immagine, la funzione visiva di evitamento degli ostacoli è stata disabilitata",Per favore sposta il robot in una zona aperta con illuminazione sufficiente e riprova,,,"Error de sincronización de imágenes, la función de evitación visual ha sido desactivada",Por favor mueve el robot a un área abierta con suficiente iluminación y vuelve a intentarlo,"Chyba synchronizace obrázku, funkce vyhýbání se vizuálním překážkám byla zakázána",Přesuňte robota do otevřené oblasti s dostatečným osvětlením a zkuste to znovu,,,Kvalita obrazu sa zhoršuje alebo je chyba synchronizácie obrazu,Presuňte robota na otvorenú plochu s dostatkom svetla a skúste to znova,"Błąd synchronizacji obrazu, funkcja wizualnego unikania przeszkód została wyłączona",Proszę przenieść robota do otwartej przestrzeni z odpowiednim oświetleniem i spróbować ponownie,"Beeldsynchronisatie fout, visuele hindernisvermijdingsfunctie is uitgeschakeld",Verplaats de robot naar een open gebied met voldoende verlichting en probeer het opnieuw,Billedkvaliteten forringes eller billedsynkroniseringsfejl,Flyt venligst robotten til et åbent område med god belysning og prøv igen,,,Bildkvaliteten försämras eller bildsynkroniseringsfel,Flytta roboten till en öppen plats med gott ljus och försök igen,"Napaka sinhronizacije slike, funkcija izogibanja vizualnih ovir je bila onemogočena",Premaknite robota na odprto območje z zadostno osvetlitvijo in poskusite znova,,,,,,,,,,,,,,,,,,,,
1023,3,common,STATE_1023,1,机器处于非草地或者非道路工作场景，已经关闭视觉避障功能,The robot is in non-working scenarios where the 3D vision obstacle avoidance function has been disabled,Please ensure the robot is working in a lawn and try again in a well-lit environment,机器处于非草地或者非道路工作场景，已经关闭视觉避障功能,确认机器在工作场景下工作，并在光线充足的环境下重试,Die Maschine befindet sich in einer Nicht-Gras-oder Nicht-Straßen-Arbeits szene und die Funktion zur Vermeidung visueller Hindernisse wurde aus geschaltet,"Bitte stellen Sie sicher, dass der Roboter auf einem Rasen arbeitet und versuchen Sie es erneut in einer gut beleuchteten Umgebung","La machine est dans une scène de travail non herbeuse ou non routière, et la fonction d'évitement visuel a été désactivée",Veuillez vous assurer que le robot fonctionne sur une pelouse et réessayez dans un environnement bien éclairé,La macchina si trova in una scena di lavoro non erbosa o non stradale e la funzione di evitamento degli ostacoli visivi è stata disattivata.,Si prega di assicurarsi che il robot stia lavorando su un prato e riprovare in un ambiente ben illuminato,,,"La máquina está en una escena de trabajo que no es de césped o no de carretera, y la función de evitación de obstáculos visual ha sido desactivada","Por favor, asegúrese de que el robot esté funcionando en un césped y vuelva a intentarlo en un entorno bien iluminado",Stroj je v pracovní scéně bez trávy nebo mimo silnici a funkci vyhýbání se vizuálním překážkám byla vypnuta.,"Ujistěte se, prosím, že robot pracuje na trávníku a zkuste to znovu v dobře osvětleném prostředí",,,Kvalita obrazu sa zhoršuje alebo robot nepracuje na tráve,"Prosím, uistite sa, že robot pracuje na trávniku, a skúste to znova v dobre osvetlenom prostredí","Maszyna znajduje się w scenie pracy bez trawy lub poza drogą, a funkcja wizualnego unikania przeszkód została wyłączona.","Upewnij się, że robot pracuje na trawniku i spróbuj ponownie w dobrze oświetlonym środowisku",De machine bevindt zich in een niet-gras-of niet-wegwerkende scène en de visuele functie voor het vermijden van obstakels is uitgeschakeld.,Bevestig dat de machine in de werkwereld werkt en probeer het opnieuw in een goed verlichte omgeving,"Billedkvaliteten forringes, eller robotten er ikke i gang med græsklipning","Sørg for, at robotten arbejder på en græsplæne, og prøv igen i et godt oplyst miljø",,,Bildkvaliteten försämras eller så fungerar inte roboten i en gräsmatta,Se till att roboten arbetar i en gräsmatta och försök igen i en väl upplyst miljö,"Stroj je na ne-travnem ali ne-cestnem delovnem mestu, funkcija izogibanja ovir pa je bila izključena.","Potrdite, da stroj deluje na delovnem prizorišču, in poskusite znova v dobro osvetljenem okolju",,,,,,,,,,,,,,,,,,,,
1024,3,common,STATE_1024,1,图像过暗，已经关闭视觉避障功能,The 3D vision obstacle avoidance function has been disabled as the image it too dark,Please ensure the robot is working in a well-lit environment,图像过暗，已经关闭视觉避障功能,确认机器在光线充足下工作,Das Bild ist zu dunkel und die Funktion zur Vermeidung visueller Hindernisse wurde aus geschaltet,"Bitte stellen Sie sicher, dass der Roboter in einer gut beleuchteten Umgebung arbeitet",L'image est trop sombre et la fonction d'évitement visuel a été désactivée,Veuillez vous assurer que le robot fonctionne dans un environnement bien éclairé,L'immagine è troppo scura e la funzione di evitamento degli ostacoli visivi è stata disattivata.,Si prega di assicurarsi che il robot stia lavorando in un ambiente ben illuminato,,,La imagen es demasiado oscura y la función de evitación visual ha sido desactivada,"Por favor, asegúrese de que el robot esté funcionando en un entorno bien iluminado",Obrázek je příliš tmavý a funkce vyhýbání se vizuálním překážkám byla vypnuta.,"Ujistěte se, že robot pracuje v dobře osvětleném prostředí",,,Obrázok je príliš tmavý,"Prosím, uistite sa, že robot pracuje v dobre osvetlenom prostredí","Obraz jest zbyt ciemny, a funkcja wizualnego unikania przeszkód została wyłączona.","Upewnij się, że robot pracuje w dobrze oświetlonym środowisku",Het beeld is te donker en de visuele functie om obstakels te vermijden is uitgeschakeld.,Bevestig dat de machine in voldoende licht werkt,Billedet er for mørkt,"Sørg for, at robotten arbejder i et godt oplyst miljø",,,Bilden är för mörk,Se till att roboten arbetar i en väl upplyst miljö,Slika,"Potrdite, da stroj deluje v zadostni svetlobi",,,,,,,,,,,,,,,,,,,,
1025,3,common,STATE_1025,1,禁止时间段内启动作业失败,The task failed to initiate during non-working periods,Please disable the non-working periods,禁止时间段内启动作业失败,如需在禁止时间内开始割草，请先关闭该功能,Fehler beim Starten des Auftrags während des verbotenen Zeitraums,"Wenn Sie innerhalb der verbotenen Zeit mit dem Mähen beginnen müssen, schalten Sie die Funktion zuerst aus",Échec du démarrage du travail pendant la période interdite,"Si vous devez commencer à tondre dans le délai interdit, désactivez d'abord la fonction",Impossibile iniziare il lavoro entro un periodo di tempo proibito,"Se vuoi iniziare a falciare entro il tempo proibito, disattiva prima la funzione.",,,Error al iniciar el trabajo dentro del período de tiempo prohibido,"Para comenzar a cortar el césped dentro del tiempo prohibido, apague la función primero",Selhalo spuštění práce v rámci zakázaného časového období,"Chcete-li začít kosit v mezích zakázaného času, vypněte funkci nejprve.",,,Nepodarilo sa spustiť prácu v zakázanom časovom období,"Ak chcete začať kosenie v zakázanom čase, prosím, vypnite funkciu najprv.",Nie udało się rozpocząć pracy w zabronionym okresie,"Jeśli chcesz rozpocząć koszenie w zabronionym czasie, najpierw wyłącz tę funkcję.",Start niet binnen een verboden periode met een baan,"Als u binnen de verboden tijd wilt beginnen met maaien, schakelt u eerst de functie uit.",Opgaven mislykkedes at starte i ikke-arbejdstider,"Hvis du ønsker at begynde at klippe inden for den forbudte tid, skal du slukke for funktionen først.",,,Misslyckades starta jobb inom förbjuden tidsperiod,"Om du vill börja klippa inom den förbjudna tiden, stäng av funktionen först.",Ni moč začeti delo v prepovedanem časovnem obdobju.,"Če želite začeti kositi v prepovedanem času, prosimo, najprej izklopite funkcijo.",,,,,,,,,,,,,,,,,,,,
1026,3,common,STATE_1026,1,到达禁止时间，机器人暂停并回充,The robot stops working and starts recharging during non-working periods,The robot will resume working after non-working periods,到达禁止时间，机器人暂停并回充,到达允许作业的时间段后将会继续作业,"Ankunft der verbotenen Zeit, der Roboter pausiert und lädt zurück",Der Betrieb wird nach Erreichen des zulässigen Zeitraums fortgesetzt,"Atteindre le temps interdit, le robot est suspendu et rechargé",Le travail se poursuivra après avoir atteint la période de travail autorisée,"Raggiungendo il tempo di proibizione, il robot fa una pausa e una ricarica",Il lavoro continuerà dopo il periodo di tempo per il quale è consentito il lavoro è stato raggiunto,,,"Cuando se alcanza el tiempo prohibido, el robot se detiene y vuelve a cargar",El trabajo continuará después de alcanzar el período de tiempo permitido,"Dosahující čas zákazu, robot se pozastavuje a doplní","Práce bude pokračovat po uplynutí lhůty, pro kterou je povolena práce",,,"Dosiahnutie doby zákazu, robot sa pozastaví a dopĺňa","Práca bude pokračovať po uplynutí doby, po ktorej je povolená práca","Osiągając czas zakazu, robot zatrzymuje się i uzupełnia","Praca będzie kontynuowana po osiągnięciu okresu, w którym praca jest dozwolona",De robot bereikt de verbodstijd en pauzeert en vult hem,De taak wordt voortgezet nadat de periode waarvoor de taak is toegestaan is bereikt,"Når robotten når forbudstiden, pauser og fylder op igen.","Arbejdet vil fortsætte efter den tid, hvor jobet er tilladt",,,När roboten når förbudstiden stannar och fyller på nytt,Arbetet fortsätter efter den tidsperiod för vilken arbetet tillåts har nåtts,"Dosegel čas prepovedi, robot se ustavi in napolni.","Delovno mesto se bo nadaljevalo po obdobju, za katerega je dovoljeno delovno mesto.",,,,,,,,,,,,,,,,,,,,
1027,3,common,STATE_1027,3,机器人电池电量更新失败,The robot battery power update failed,"Restart the robot. If the issue persists, contact the after-sales support",机器人电池电量更新失败,请重启Robot，若多次重启无效，请联系售后,Das Update der Roboterbatterie ist fehlgeschlagen,"Starten Sie den Roboter neu. Wenn das Problem weiterhin besteht, wenden Sie sich an den Kundendienst",La mise à jour de la batterie du robot échoue,"Redémarrez le robot. Si le problème persiste, veuillez contacter le support après - vente",,,,,,,,,,,,,,,,,,,,,,,,,,,,,,,,,,,,,,,,,,,,
1028,3,navigation,STATE_1028,1,底盘电机异常→241111导入后台,Wheel hub motor: Encountered an error,Check if the wheel is stuck in grass or other debris,轮毂电机异常,请检查车轮是否被草或其他异物卡住。,Radnabenmotor: Fehler aufgetreten,"Überprüfen Sie, ob das Rad im Gras oder in anderem Schmutz feststeckt",Moteur de moyeu de roue : erreur détectée,Vérifiez si la roue est coincée dans l’herbe ou d’autres débris,Motore mozzo ruota: si è verificato un errore,Controllare se la ruota è bloccata nell’erba o in altri detriti,,,Motor del cubo de la rueda: se produjo un error,Compruebe si la rueda está atascada en la hierba u otros desechos,Motor náboje kola: došlo k chybě,"Zkontrolujte, zda kolo nezaseklo v trávě nebo jiných nečistotách",,,Motor náboja kolesa: došlo k chybe,"Skontrolujte, či sa koleso nezaseklo v tráve alebo inom odpade",Silnik piasty koła: wystąpił błąd,"Sprawdź, czy koło nie utknęło w trawie lub innych zanieczyszczeniach",Naafmotor: er is een fout opgetreden,Controleer of het wiel vastzit in gras of ander vuil,Hjulsnavsmotor: der opstod en fejl,"Kontroller, om hjulet sidder fast i græs eller andet snavs",Motor točka: došlo je do greške,Proverite da li je točak zaglavljen u travi ili drugom otpadu,Hjulnavsmotor: ett fel har inträffat,Kontrollera om hjulet har fastnat i gräs eller annat skräp,Motor pesta: prišlo je do napake,"Preverite, ali se kolo ni zataknilo v travi ali drugih odpadkih",Motor do cubo da roda: ocorreu um erro,Verifique se a roda está presa na relva ou noutros detritos,Kerékagy motor: hiba történt,"Ellenőrizze, hogy a kerék nem akadt-e bele a fűbe vagy más törmelékbe",Motor kotača: došlo je do pogreške,Provjerite je li kotač zaglavio u travi ili drugom otpadu,Hjulnavmotor: det oppstod en feil,Sjekk om hjulet sitter fast i gress eller annet rusk,Pyörännapamoottori: tapahtui virhe,"Tarkista, onko pyörä jumissa ruohossa tai muussa roskassa",Motorul butuc al roții: a apărut o eroare,Verificați dacă roata este blocată în iarbă sau alte resturi,Моторът на главината: възникна грешка,Проверете дали колелото не е заседнало в тревата или други отпадъци,Ratta rummu mootor: ilmnes viga,"Kontrollige, kas ratas on kinni jäänud rohtu või muusse prahti",Riteņa rumbas motors: radās kļūda,"Pārbaudiet, vai ritenis nav iestrēdzis zālē vai citos gružos",Ratlankio variklis: įvyko klaida,"Patikrinkite, ar ratas neužstrigo žolėje ar kituose nešvarumuose"
1029,3,navigation,STATE_1029,1,刀盘电机异常→241111导入后台,Cutting disc motor malfunction,"Please wait for the robot to return to normal or restart it. If the issue persists, contact our after-sales support",刀盘电机异常,请等待机器自动恢复或重启机器，若多次重启无效，请联系售后,Fehlfunktion des Schneidscheibenmotors,"Bitte warten Sie, bis der Roboter wieder normal arbeitet, oder starten Sie ihn neu. Wenn das Problem weiterhin besteht, wenden Sie sich an unseren Kundendienst",Dysfonctionnement du moteur du disque de coupe,"Attendez que le robot revienne à la normale ou redémarrez-le. Si le problème persiste, contactez notre service après-vente",Guasto del motore del disco da taglio,"Attendere che il robot torni a funzionare normalmente o riavviarlo. Se il problema persiste, contattare il nostro centro di assistenza post-vendita",,,Mal funcionamiento del motor del disco de corte,"Espere a que el robot vuelva a la normalidad o reinícielo. Si el problema persiste, póngase en contacto con nuestro servicio postventa",Porucha motoru – žací kotouč,"Počkejte, než se robot vrátí do normálního stavu nebo ho restartujte. Pokud problém přetrvává, obraťte se na naši poprodejní podporu",,,Porucha motora sekacieho disku,"Prosím, počkajte, kým sa robot vráti do normálu alebo ho reštartujte. Ak problém pretrváva, obráťte sa na naše oddelenie podpory po predaji",Awaria silnika noża tnącego,"Zaczekaj, aż robot powróci do normalnego stanu lub uruchom go ponownie. Jeśli problem będzie się powtarzał, skontaktuj się z naszym serwisem posprzedażnym",Storing in de motor van de maaischijf,"Wacht tot de robot weer normaal werkt of start hem opnieuw. Als het probleem aanhoudt, neem dan contact op met onze dienst na verkoop",Funktionsfejl på motor til skæreskive,"Vent, indtil robotten fungerer normalt igen, eller genstart den. Kontakt vores kundesupport, hvis problemet varer ved",,,Fel på klippskivans motor,Vänta tills roboten återgår till normalt läge eller starta om den. Kontakta vår eftermarknadssupport om problemet kvarstår,Okvara motorja rezalne plošče,"Prosimo, počakajte, da se robot vrne v normalno stanje ali ga znova zaženite. Če težave ne morete odpraviti, se obrnite na našo poprodajno podporo",Avaria no motor do disco de corte,"Aguarde que o robô volte ao normal ou reinicie-o. Se o problema persistir, contacte a nossa assistência pós-venda",A vágótárcsa motorjának meghibásodása,"Kérjük, várja meg, amíg a robot visszatér a normál üzemmódba, vagy indítsa újra. Ha a probléma továbbra is fennáll, lépjen kapcsolatba értékesítés utáni támogatásunkkal",Kvar motora diska za rezanje,"Pričekajte da se robot vrati u normalu ili ga ponovno pokrenite. Ako se problem ne riješi, obratite se našoj poslijeprodajnoj podršci",Feil på skjæreskivemotoren,"Vent til roboten går tilbake til det normale, eller start den på nytt. Kontakt vår ettersalgsstøtte hvis problemet vedvarer",Leikkuukiekon moottorin toimintahäiriö,"Odota, että robotti palautuu normaaliksi tai käynnistä se uudelleen. Jos ongelma jatkuu, ota yhteyttä myynnin jälkeiseen tukeemme",Motor disc de tăiere defectuos,"Vă rugăm să așteptați ca robotul să revină la normal sau să îl reporniți. Dacă problema persistă, contactați asistența noastră post-vânzare",Неизправност в мотора на режещия диск,"Изчакайте роботът да се върне в нормално състояние или го рестартирайте. Ако проблемът продължава, свържете се с нашия екип за обслужване на клиенти",Lõikeketta mootori rike,"Oodake, kuni roboti tavaline olek taastub või taaskäivitage see. Kui probleem püsib, võtke ühendust meie müügijärgse toega",Griezējdiska motora darbības traucējumi,"Lūdzu, nogaidiet, kamēr robots atgriežas normālstāvoklī vai restartējiet to. Ja problēma joprojām pastāv, sazinieties ar mūsu pēcpārdošanas atbalsta dienestu",Pjovimo disko variklio triktis,"Laukite, kol robotas sugrįš į įprastą būseną, arba paleiskite jį iš naujo. Jei problema išlieka, susisiekite su mūsų aptarnavimo komanda"
1030,3,mcu,STATE_1030,1,前轮悬空或者机器倾斜,The robot's front wheels are lifted or tilted,Please place the robot on a flat surface and try again,前轮悬空或者机器倾斜,请将机器放平后重试,Die Vorderräder des Roboters sind angehoben oder gekippt,Bitte stellen Sie den Roboter auf eine ebene Fläche und versuchen Sie es erneut,Les roues avant du robot sont soulevées ou inclinées,Veuillez placer le robot sur une surface plane et réessayez,Le ruote anteriori del robot sono sollevate o inclinate,Posizionare il robot su una superficie piana e riprovare,,,Las ruedas delanteras del robot están levantadas o inclinadas,Coloque el robot sobre una superficie plana e inténtelo de nuevo,Přední kolečka robotu jsou zvednuta nebo nakloněna,Umístěte robot na rovný povrch a zkuste to znovu,,,Predné kolesá robota sú zdvihnuté alebo naklonené,Položte robota na rovný povrch a skúste to znova,Przednie koła robota są uniesione lub przechylone,Umieść robota na płaskiej powierzchni i spróbuj ponownie,De voorwielen van de robot zijn opgetild of gekanteld,Plaats de robot op een vlakke ondergrond en probeer het opnieuw,"Robottens forhjul er løftet op, eller robotten hælder","Placér robotten på en flad overflade, og prøv igen",,,Robotens framhjul lyfts upp eller lutas,Placera roboten på ett plant underlag och försök igen,Sprednja kolesa robota so dvignjena ali nagnjena,Prosimo. postavite robota na ravno površino in poskusite znova,As rodas dianteiras do robô estão levantadas ou inclinadas,Coloque o robô numa superfície plana e tente novamente,A robot első kerekei megemelkednek vagy megdőlnek,"Kérjük, helyezze a robotot sík felületre, és próbálja meg újra",Prednji kotači robota su podignuti ili nagnuti,Postavite robota na ravnu površinu i pokušajte ponovno,Robotens forhjul løftes eller vippes,Plasser roboten på en flat overflate og prøv igjen,Robotin etupyörät ovat nostettuina tai kallistettuina,Aseta robotti tasaiselle alustalle ja yritä uudelleen,Roțile din față ale robotului sunt ridicate sau înclinate,Vă rugăm să așezați robotul pe o suprafață plană și să încercați din nou,Предните колела на робота са повдигнати или наклонени,Поставете робота на равна повърхност и опитайте отново,Roboti esirattad on tõstetud või kaldu,Asetage robot tasasele pinnale ja proovige uuesti,Robota priekšējie riteņi ir pacelti vai sagāzti,"Lūdzu, novietojiet robotu uz līdzenas virsmas un mēģiniet vēlreiz",Roboto priekiniai ratai pakelti arba pakreipti,Padėkite robotą ant lygaus paviršiaus ir bandykite dar kartą
1031,3,mcu,STATE_1031,1,异常解除，机器开始回充,Error resolved. The robot is returning to the charging station,Error resolved. The robot is returning to the charging station,异常解除，机器开始回充,异常解除，机器开始回充,Fehler behoben. Der Roboter kehrt zur Ladestation zurück,Fehler behoben. Der Roboter kehrt zur Ladestation zurück,Erreur résolue. Le robot retourne à la station de recharge,Erreur résolue. Le robot retourne à la station de recharge,Errore risolto. Il robot sta tornando alla stazione di ricarica,Errore risolto. Il robot sta tornando alla stazione di ricarica,,,Error resuelto. El robot está volviendo a la estación de carga,Error resuelto. El robot está volviendo a la estación de carga,Chyba byla vyřešena. Robot se vrací do nabíjecí stanice,Chyba byla vyřešena. Robot se vrací do nabíjecí stanice,,,Chyba je odstránená. Robot sa vracia do nabíjacej stanice,Chyba je odstránená. Robot sa vracia do nabíjacej stanice,Błąd został rozwiązany. Robot powraca do stacji ładującej,Błąd został rozwiązany. Robot powraca do stacji ładującej,Fout opgelost. De robot keert terug naar het laadstation,Fout opgelost. De robot keert terug naar het laadstation,Fejlen er løst. Robotten vender tilbage til opladningsstationen,Fejlen er løst. Robotten vender tilbage til opladningsstationen,,,Felet är avhjälpt. Roboten återvänder till laddstationen,Felet är avhjälpt. Roboten återvänder till laddstationen,Napaka odpravljena. Robot se vrača na polnilno postajo,Napaka odpravljena. Robot se vrača na polnilno postajo,Erro resolvido. O robô está a regressar à estação de carga,Erro resolvido. O robô está a regressar à estação de carga,Hiba megoldva. A robot visszatér a töltőállomásra,Hiba megoldva. A robot visszatér a töltőállomásra,Pogreška razriješena. Robot se vraća na stanicu za punjenje,Pogreška razriješena. Robot se vraća na stanicu za punjenje,Feilen er løst. Roboten går tilbake til ladestasjonen,Feilen er løst. Roboten går tilbake til ladestasjonen,Virhe on korjattu. Robotti palaa latausasemaan,Virhe on korjattu. Robotti palaa latausasemaan,Eroare rezolvată. Robotul se întoarce la stația de încărcare,Eroare rezolvată. Robotul se întoarce la stația de încărcare,Грешката е изчистена. Роботът се връща в станцията за зареждане,Грешката е изчистена. Роботът се връща в станцията за зареждане,Probleem on kõrvaldatud. Robot läheb tagasi laadimisjaama,Probleem on kõrvaldatud. Robot läheb tagasi laadimisjaama,Kļūda novērsta. Robots atgriežas uzlādes stacijā,Kļūda novērsta. Robots atgriežas uzlādes stacijā,Klaida išspręsta. Robotas grįžta į įkrovimo stotelę,Klaida išspręsta. Robotas grįžta į įkrovimo stotelę
1032,3,mcu,STATE_1032,1,机器打滑,The robot slipped,Please move the robot to a different location and try again,机器打滑,请将机器移至其他位置启动,Der Roboter ist weggerutscht,Bitte bringen Sie den Roboter an eine andere Stelle und versuchen Sie es erneut,Le robot a glissé,Veuillez déplacer le robot vers un autre endroit et réessayez,Il robot è scivolato,Spostarlo in un'altra zona e riprovare,,,El robot se ha resbalado,Mueva el robot a otro lugar e inténtelo de nuevo,Robot sklouzl,Přesuňte robot na jiné místo a zkuste to znovu,,,Robot sa zošmykol,Premiestnite robota na iné miesto a skúste to znova,Robot się poślizgnął,Przenieś robota w inne miejsce i spróbuj ponownie,De robot gleed uit,Verplaats de robot naar een andere locatie en probeer opnieuw,Robotten gled,"Flyt robotten til et andet sted, og prøv igen",,,Roboten tappade greppet,Flytta roboten till en annan plats och försök igen,Robot je zdrsnil,"Prosimo, premaknite robota na drugo lokacijo in poskusite znova",O robô escorregou,Desloque o robô para um local diferente e tente novamente,A robot megcsúszott,"Kérjük, helyezze át a robotot egy másik helyre, és próbálja meg újra",Robot se poskliznuo,Pomaknite robota na drugu lokaciju i pokušajte ponovno,Roboten skled,Flytt roboten til et annet sted og prøv igjen,Robotti liukastui,Siirrä robotti toiseen paikkaan ja yritä uudelleen,Robotul a alunecat,Vă rugăm să mutați robotul într-o altă locație și să încercați din nou,Роботът буксува,Преместете робота на друго място и опитайте отново,Robot libises,Viige robot teise kohta ja proovige uuesti,Robots paslīdēja,"Lūdzu, pārvietojiet robotu uz citu atrašanās vietu un mēģiniet vēlreiz",Robotas paslydo,Perkelkite robotą į kitą vietą ir bandykite dar kartą
1033,3,mcu,STATE_1033,1,Robot未找到草坪区域,No lawns detected,Please move the robot to the charging station or place it within the lawn and try again,Robot未找到草坪区域,请将Robot移动到充电桩上或草坪区域启动,Keine Rasenflächen erkannt,Bitte bringen Sie den Roboter zur Ladestation oder setzen Sie ihn auf den Rasen und versuchen Sie es erneut,Aucune pelouse détectée,Déplacez le robot vers la station de charge ou placez-le dans la pelouse et réessayez,Nessun prato rilevato,Portare il robot nella stazione di ricarica o posizionarlo sul prato e riprovare,,,No se ha detectado césped,Mueva el robot a la estación de carga o colóquelo dentro del césped y vuelva a intentarlo,Nebyl detekován trávník,Přesuňte robot do nabíjecí stanice nebo ho umístěte na trávník a zkuste to znovu,,,Nebol zistený žiadny trávnik,Premiestnite robota do nabíjacej stanice alebo ho položte do obvodu trávnika a skúste to znova,Nie wykryto trawników,Przenieś robota do stacji ładującej lub umieść go na trawniku i spróbuj ponownie,Geen gazons gevonden,Verplaats de robot naar het laadstation of plaats hem binnen het gazon en probeer opnieuw,Der blev ingen plæne registreret,"Flyt robotten til opladningsstationen, eller placér den på plænen, og prøv igen",,,Inget gräs detekterat,Flytta roboten till laddstationen eller placera den på gräsmattan och försök igen,Ni zaznanih trat,"Prosimo, premaknite robota na polnilno postajo ali ga postavite na zelenico in poskusite znova",Nenhum relvado detetado,Desloque o robô para a estação de carregamento ou coloque-o no relvado e tente novamente,Nincs észlelve gyep,"Kérjük, vigye a robotot a töltőállomásra, vagy helyezze a gyepre, és próbálja meg újra",Nema otkrivenih travnjaka,Pomaknite robota na stanicu za punjenje ili ga postavite unutar travnjaka i pokušajte ponovno,Ingen plener detektert,Flytt roboten til ladestasjonen eller plasser den innenfor plenen og prøv igjen,Nurmikoita ei tunnistettu,Siirrä robotti latausasemaan tai aseta se nurmikolle ja yritä uudelleen,Fără peluze detectate,Vă rugăm să mutați robotul la stația de încărcare sau să îl plasați în interiorul peluzei și să încercați din nou,Не са отчетени тревни площи,Преместете робота в станцията за зареждане или го поставете в тревната площ и опитайте отново,Muru ei tuvastatud,Pange robot laadimisjaama või asetage see muru sisse ja proovige uuesti,Nav konstatēts neviens zāliens,"Lūdzu, pārvietojiet robotu uz uzlādes staciju vai novietojiet to zālienā un mēģiniet vēlreiz",Vejų neaptikta,Perkelkite robotą į įkrovimo stotelę arba padėkite jį vejoje ir bandykite dar kartą
1034,3,navigation,STATE_1034,1,进入夜间后启动任务失败,Task failed to start at night,"To start the task at night, please disable the WildGuard feature",进入夜间后启动任务失败,如需开启割草任务，请将WildGuard选项设置为Off,Aufgabe bei Nacht starten fehlgeschlagen,"Um die Aufgabe nachts zu starten, deaktivieren Sie bitte die WildGuard-Funktion",La tâche ne démarre pas pendant la nuit,"Pour lancer la tâche la nuit, veuillez désactiver la fonction WildGuard",Impossibile avviare l’operazione durante la notte,"Per avviare l'operazione durante la notte, disattivare la funzione WildGuard",,,Error al iniciar la tarea por la noche,"Para iniciar la tarea por la noche, desactive la función WildGuard",Spuštění úlohy v noci se nezdařilo,"Chcete-li spustit úlohu v noci, zakažte funkci WildGuard",,,Nepodarilo sa spustiť úlohu v noci,"Ak chcete spustiť úlohu v noci, deaktivujte funkciu WildGuard",Zadanie nie zostało uruchomione w nocy,"Aby uruchamiać zadania w nocy, wyłącz funkcję WildGuard",Taak kon niet 's nachts worden gestart,"Om de taak 's nachts te starten, schakelt u de WildGuard-functie uit",Start af opgave om natten mislykkedes,Deaktivér funktionen WildGuard for at starte opgaven om natten,Nije uspelo pokretanje zadatka tokom noći,"Da biste pokrenuli zadatak tokom noći, onemogućite funkciju WildGuard",,Inaktivera WildGuard-funktionen för att starta uppgiften under natten,Naloge ponoči ni bilo mogoče zagnati,"Če želite nalogo zagnati ponoči, onemogočite funkcijo WildGuard",Falha ao iniciar a tarefa durante a noite,"Para iniciar a tarefa à noite, desative a função WildGuard",Éjszakai feladat nem lett végrehajtva,Éjszakai feladatok végrehajtásához kapcsolja ki a WildGuard funkciót,Zadatak se nije mogao pokrenuti noću,Za pokretanje zadatka noću onemogućite značajku WildGuard,Oppstart av oppgave om natten mislyktes,"For å starte oppgaven om natten, deaktiverer du WildGuard-funksjonen",Tehtävä ei käynnistynyt yöllä,"Jos haluat käynnistää tehtävän yöllä, poista WildGuard-ominaisuus käytöstä",Începerea sarcinii noaptea nu a reușit,"Pentru a începe sarcina noaptea, dezactivați caracteristica WildGuard",Неуспешно стартиране на задачата през нощта,"За да стартирате задачата през нощта, деактивирайте функцията WildGuard",Tööd ei õnnestunud öösel alustada,Öösel töötamiseks keelake funktsioon WildGuard,Neizdevās sākt uzdevumu naktī,"Lai sāktu uzdevumu naktī, atspējojiet WildGuard funkciju",Užduoties paleisti naktį nepavyko,"Norėdami pradėti užduotį naktį, išjunkite „WildGuard“ funkciją"
1035,3,navigation,STATE_1035,1,进入夜间后机器人暂停任务并回充,Robot will pause and return to the charging station after sunset,The robot will resume operation after sunrise,进入夜间后机器人暂停任务并回充,天亮后会自动恢复未完成任务,Der Roboter hält an und kehrt nach Sonnenuntergang zur Ladestation zurück,Der Roboter nimmt den Betrieb nach Sonnenaufgang wieder auf,Le robot se met en pause et retourne à la station de charge après le coucher du soleil,Le robot reprendra ses activités après le lever du soleil,Il robot entrerà in pausa e tornerà alla stazione di ricarica dopo il tramonto,Il robot riprenderà l’operazione dopo l’alba,,,El robot se detendrá y volverá a la estación de carga después de la puesta de sol,El robot reanudará su funcionamiento después de la puesta de sol,Robot se po setmění pozastaví a vrátí do nabíjecí stanice,Robot obnoví po rozednění provoz,,,Po západe slnka robot urobí prestávku a vráti sa do nabíjacej stanice,Po východe slnka bude robot pokračovať v operácii,Robot wstrzyma pracę i powróci do stacji ładowania po zachodzie słońca,Robot wznowi pracę po wschodzie słońca,De robot pauzeert en keert na zonsondergang terug naar het laadstation,De robot zal na zonsopgang zijn werkzaamheden hervatten,Robotten stopper og vender tilbage til ladestationen efter solnedgang,Robotten fortsætter efter solopgang,Robot će pauzirati rad i vratiti se na stanicu za punjenje nakon zalaska sunca,Robot će nastaviti sa radom nakon izlaska sunca,,Roboten återupptar driften efter soluppgången,Robot se bo po sončnem zahodu zaustavil in vrnil na polnilno postajo,Robot bo nadaljeval z delovanjem po sončnem vzhodu,O robô fará uma pausa e regressará à estação de carregamento após o pôr do sol,O robô retomará a operação após o nascer do sol,"A robot napnyugta után leáll, és visszatér a töltőállomásra",A robot napfelkelte után folytatja a feladatot,Robot će pauzirati rad i vratiti se na stanicu za punjenje nakon zalaska sunca,Robot će nastaviti rad nakon izlaska sunca,Roboten pauser og returnere til ladestasjonen etter solnedgang,Roboten gjenopptar arbeidet etter soloppgang,Robotti pysähtyy ja palaa latausasemaan auringonlaskun jälkeen,Robotti jatkaa toimintaa auringonnousun jälkeen,Robotul va lua o pauză și va reveni la stația de încărcare după asfințit,Robotul va relua funcționarea după răsărit,"Роботът ще спре за пауза и ще се върне в станцията за зареждате, след като слънцето залезе","Роботът ще възобнови работата си, след като слънцето изгрее",Pärast loojangut katkestab robot töö ja naaseb laadimisjaama,Robot jätkab tööd pärast päikesetõusu,Robots tiks pauzēts un atgriezīsies uzlādes stacijā pēc saulrieta,Robots atsāks darbību pēc saullēkta,Robotas pristabdys darbą ir grįš į įkrovimo stotelę po saulėlydžio,Robotas vėl pradės veikti po saulėtekio
1036,3,navigation,STATE_1036,1,进入夜间后机器人减速作业,The robot will work at reduced speed after sunset,The robot will return to the set task speed after sunrise,进入夜间后机器人减速作业,天亮后会自动恢复正常作业速度,Der Roboter arbeitet nach Sonnenuntergang mit reduzierter Geschwindigkeit,Der Roboter kehrt nach Sonnenaufgang zur eingestellten Aufgabengeschwindigkeit zurück,Le robot fonctionnera à vitesse réduite après le coucher du soleil,Le robot reviendra à la vitesse de consigne après le lever du soleil,Il robot lavorerà a velocità ridotta dopo il tramonto,Il robot riprenderà l’operazione impostata dopo l’alba,,,El robot trabajará a velocidad reducida después de la puesta de sol,El robot volverá a la velocidad establecida para la tarea después de la salida del sol,Robot bude po setmění pracovat se sníženou rychlostí,Po rozednění se robot vrátí k nastavené rychlosti úlohy,,,Po západe slnka bude robot pracovať so zníženou rýchlosťou,Po východe slnka sa robot vráti na nastavenú rýchlosť úlohy,Robot będzie pracował ze zmniejszoną prędkością po zachodzie słońca,Robot powróci do ustawionej prędkości zadania po wschodzie słońca,De robot zal na zonsondergang langzamer werken,De robot keert na zonsopgang terug naar de ingestelde taaksnelheid,Robotten arbejder med nedsat hastighed efter solnedgang,Robotten vender tilbage til den indstillede hastighed for opgaven efter solopgang,Robot će raditi smanjenom brzinom nakon zalaska sunca,Robot će se vratiti na podešenu brzinu zadatka nakon izlaska sunca,,Roboten återgår till den konfigurerade hastigheten för uppgiften efter soluppgången,Robot bo po sončnem zahodu deloval z zmanjšano hitrostjo,Robot bo po sončnem vzhodu nadaljeval z nastavljeno hitrostjo naloge,O robô trabalhará a uma velocidade reduzida após o pôr do sol,O robô voltará à velocidade de trabalho definida após o nascer do sol,A robot napnyugta után csökkentett sebességgel fog dolgozni,A robot napfelkelte után visszatér a beállított sebességre,Robot će nakon zalaska sunca raditi smanjenom brzinom,Nakon izlaska sunca robot će se vratiti na postavljenu brzinu zadatka,Roboten arbeide med redusert hastighet etter solnedgang,Roboten gjenopptar den innstilte oppgavehastigheten etter soloppgang,Robotti toimii pienemmällä nopeudella auringonlaskun jälkeen,Robotti palaa asetettuun tehtävänopeuteen auringonnousun jälkeen,Robotul va lucra la viteză redusă după asfințit,Robotul va reveni la viteza setată a sarcinii după răsărit,"Роботът ще работи с намалена скорост, след като слънцето залезе","Роботът ще се върне към зададената за задачата скорост, след като слънцето изгрее",Pärast loojangut töötab robot tavalisest aeglasemalt,Roboti tavaline töökoorus taastub pärast päikesetõusu,Robots strādās ar samazinātu ātrumu pēc saulrieta,Robots atgriezīsies pie iestatītā uzdevuma ātruma pēc saullēkta,Robotas po saulėlydžio dirbs sumažintu greičiu,Robotas grįš į nustatytą užduoties greitį po saulėtekio
1068,3,common,STATE_1068,1,检测到相机镜头出现脏污,The vision camera is dirty,Please check and clean the vision camera,检测到相机镜头出现脏污,检查相机镜头，保持相机镜头整洁,Die Visionkamera ist schmutzig,Bitte überprüfen und reinigen Sie die Vision-Kamera,La caméra de vision est sale,Veuillez vérifier et nettoyer la caméra de vision,La telecamera di visione è sporca,Si prega di controllare e pulire la telecamera di visione,,,La cámara de visión está sucia,"Por favor, compruebe y limpie la cámara de visión",Vizní kamera je špinavá,"Prosím, zkontrolujte a vyčistěte kameru zrakového systému",,,Vízna kamera je špinavá,"Prosím, skontrolujte a vyčistite kameru videnia",Kamera wizyjna jest brudna,Proszę sprawdzić i wyczyścić kamerę wizyjną,Vuile cameralens gedetecteerd,Controleer de cameralens en houd de cameralens netjes,Vision-kameraet er snavset,Kontroller og rengør visionskameraet,,,Synkameran är smutsig,Kontrollera och rengör visionkameran,Zaznana umazana leča kamere,Preverite objektiv kamere in obdržite lečo urejeno.,,,,,,,,,,,,,,,,,,,,
1100,3,navigation,STATE_1100,1,Robot不在作业区域内或处于禁区内,The robot is out of a task area or is inside a no-go zone,Please ensure the robot is into a task area or on the charging station before starting a task,Robot不在作业区域内或处于禁区内,在开始作业前请确保Robot位于作业区域内或充电桩上,Roboter befindet sich nicht im Arbeitsbereich oder innerhalb eines Hindernisses,"Stellen Sie sicher, dass sich Roboter im Arbeitsbereich oder auf dem Ladestapel befindet, bevor Sie die Arbeit starten",Robot n’est pas dans la zone de travail ou est obstrué.,Assurez-vous que robot se trouve dans la zone de travail ou sur la station de charge avant de commencer la tâche.,Robot non è nell’area di lavoro o ostruito,Assicurarsi che robot si trovi nell’area di lavoro o nella postazione di ricarica prima di iniziare il lavoro,,,Robot no está en el área de trabajo o está dentro de una obstrucción,Asegúrese de que el robot esté en el área de trabajo o en la base de carga antes de empezar a funcionar,Robot je mimo oblast sečení nebo je v no-go zóně,"Před zahájením sekání se ujistěte, že je robot v oblasti sečení nebo v nabíjecí základně",,,Robot je mimo oblasti kosenia alebo je v no-Go zóne,"Pred zahájením kosenia sa uistite, že je robot v oblasti kosenia alebo v nabíjacej základni",Robot jest poza obszarem zadania lub znajduje się w strefie zakazu,"Przed rozpoczęciem pracy upewnij się, że robot znajduje się w obszarze zadania lub na stacji ładującej",Robot is buiten het taakgebied of bevindt zich in de verboden zone,Zorg ervoor dat robot zich in de werkruimte of op het laadstation bevindt voordat u met de taak begint.,Robotten er ude af opgaveområdet eller er inde i en no-go zone,"Sørg for, at robotten er i opgaveområdet eller på ladestationen, når du starter en opgave",,,Roboten är utanför arbetsområdet eller är inne i en no-go-zon,Se till att roboten är i arbetsområdet eller på laddstationen när du startar en klippning,Robot je zunaj območja naloge ali je na območju prepovedi vstopa,"Zagotovite, da je naprava robot v območju za izvajanje nalog ali na polnilni postaji, ko začnete izvajati nalogo.",,,,,,,,,,,,,,,,,,,,
1101,3,navigation,STATE_1101,1,充电桩与作业区域间缺少连通路径,There is no channel between the charging area and a task area,Please add a channel between the charging area and a task area,充电桩与作业区域间缺少连通路径,请建立充电区至作业区域的连通路径,Fehlender Verbindungsweg zwischen Ladestapel und Arbeitsbereich,Bitte stellen Sie einen Verbindungsweg vom Ladestapel zum Arbeitsbereich her,Absence de canal de connexion entre la station de charge et la zone de travail,Veuillez établir un canal de connexion entre la station de charge et la zone de travail.,Mancanza di percorso di connessione tra la postazione di ricarica e l’area di lavoro,Stabilire un percorso di connessione dalla postazione di ricarica all’area di lavoro,,,Falta de ruta de conexión entre la base de carga y el área de trabajo,Establezca una ruta de conexión desde la base de carga hasta el área de trabajo,Chybí propojovací cesta mezi nabíjecí základnou a oblastí sečení,Vytvořte propojovací cestu z nabíjecí základny do oblasti sečení,,,Chýba prepojovacia cesta medzi nabíjacou základňou a oblasťou kosenia,Vytvorte spojovaciu cestu z nabíjacej základne do oblasti kosenia,"Brak ścieżki połączenia między stacją ładującą, a obszarem zadań, proszę utworzyć ścieżkę połączenia",Proszę utworzyć ścieżkę połączenia ze stacji ładującej do obszaru zadań,Geen verbindingskanaal gevonden tussen het laadstation en het taakgebied,Breng een verbindingskanaal tot stand tussen het laadstation en het werkgebied.,Der er ingen vej mellem ladeområdet og opgaveområdet,Tilføj en vej mellem opladningsområdet og opgaveområdet,,,Det finns ingen väg mellan laddningsområdet och aktivitetsområdet,Lägg till en väg  mellan laddstationens området och klippområdet,Med območjem polnjenja in območjem opravil ni poti,"Prosimo, da med območjem za polnjenje in območjem za naloge dodate pot",,,,,,,,,,,,,,,,,,,,
1102,3,navigation,STATE_1102,1,作业区域间缺少连通路径,There is no channel between the task areas,Please add a channel,作业区域间缺少连通路径,请建立连通路径,Verbindungsweg zwischen Arbeitsbereichen nicht vorhanden,Bitte stellen Sie einen Verbindungsweg her,Le chemin de connexion est manquant entre les zones de travail.,Veuillez établir un canal de connexion.,Percorso di connessione mancante tra aree di lavoro,Stabilire un percorso di connessione,,,Falta la ruta de conexión entre las áreas de trabajo,Establezca una ruta de conexión,Chybí propojovací cesta mezi oblastmi sečení,Vytvořte propojovací cestu,,,Chýba prepojovacia cesta medzi oblasťami kosenia,Vytvorte prepojovaciu cestu,Brak ścieżki połączenia między obszarami zadań,Utwórz ścieżkę połączenia,Geen verbindingskanaal gevonden tussen de taakgebieden,Breng een verbindingskanaal tot stand.,Der er ingen vej mellem opgaveområderne,Tilføj en vej,,,Det finns ingen väg mellan klippområdena,Lägg till en väg,Med območji nalog ni poti,Dodajte pot,,,,,,,,,,,,,,,,,,,,
1103,3,navigation,STATE_1103,1,离起点太远，无法手动闭合,Too far from the starting point,Follow the guidelines to control the robot to the start point,离起点太远，无法手动闭合,请跟随指引控制Robot至起始点附近,Zum manuellen schließen zu weit vom Startpunkt entfernt,"Befolgen Sie die Anweisungen, um den Roboter in die Nähe des Ausgangspunkts zu steuern",Trop loin du point de départ pour se fermer manuellement,Suivez les directives pour contrôler le robot jusqu’au point de départ.,Troppo lontano dal punto iniziale per la chiusura manuale,Seguire le linee guida per controllare robot in prossimità del punto di partenza,,,Demasiado lejos del punto de inicio para cerrar manualmente,Siga las directrices para controlar robot hasta cerca del punto de partida,Příliš daleko od počátečního bodu,Postupujte podle pokynů a ovládejte robot do výchozího bodu,,,Príliš ďaleko od počiatočného bodu,Postupujte podľa pokynov a ovládajte robot do východiskového bodu,"Zbyt daleko od punktu początkowego, aby zakończyć planowanie, proszę zbliżać się do punktu początkowego","Postępuj zgodnie ze wskazówkami, aby sterować robot w pobliże punktu startowego",Te ver van het beginpunt om handmatig te sluiten,Volg de aanwijzingen om de robot naar het startpunt te besturen.,For langt fra udgangspunktet,Følg retningslinjerne for at styre robotten til startpunktet,,,För långt från utgångspunkten,Följ riktlinjerna för att styra roboten till startpunkten,Je predaleč od začetne točke,Sledite navodilom in nadzorujte robot do začetne točke.,,,,,,,,,,,,,,,,,,,,
1104,3,navigation,STATE_1104,1,充电桩在禁区内,Charging station is located inside a no-go zone,Please ensure that the charging area is not overlapping with the no-go zone,充电桩在禁区内,请确保充电区不与禁区相交,Ladestapel befindet sich innerhalb eines Hindernisses,"Stellen Sie sicher, dass sich der Ladestapel nicht innerhalb eines Hindernisses befindet",La station de charge est dans une no-go zone,Assurez-vous que la station de charge n’est pas dans une no-go zone.,La postazione di ricarica è ostruita,Assicurarsi che la postazione di ricarica non sia ostruita,,,La base de carga tiene una obstrucción,Asegúrese de que la base de carga no esté dentro de la obstrucción,Nabíjecí základna je v no-go zóně,"Ujistěte se, že se nabíjecí oblast nepřekrývá s no-go zónou",,,Nabíjacia základňa je v no-go zóne,"Uistite sa, že sa nabíjacia oblasť neprekrýva s no-go zónou","Stacja ładująca znajduje się w strefie zakazanej, zmień miejsce stacji ładującej lub strefę zakazaną","Stacja ładująca znajduje się w strefie zakaznej, zmień miejsce stacji ładującej lub strefę zakazaną",Laadstation ligt in een no-go zone,Zorg ervoor dat het laadstation zich niet in een no-go zone bevindt.,Ladestationen er placeret inden for en no-go zone,"Sørg for, at opladningsområdet ikke overlapper no-go-zonen",,,Laddstationen är placerad i en no-go-zon,Se till att laddningsområdet inte överlappar med no-go-zonen,Polnilna postaja se nahaja znotraj območja prepovedi dostopa,"Poskrbite, da se območje polnjenja ne prekriva z območjem prepovedi vstopa",,,,,,,,,,,,,,,,,,,,
1105,3,navigation,STATE_1105,1,充电桩前方无法通行,No access ahead of the charging station,"Please move the charging station to a suitable location, ensuring that there are no No-go zones, obstacles, and no slipping hazards ahead of it",充电桩前方无法通行,请将充电桩移至合适位置，确保充电桩前方无禁区、无障碍物，无发生打滑,Keine Durchfahrt vor der Ladestation möglich,"Bitte verschieben Sie die Ladestation an einen geeigneten Ort, um sicherzustellen, dass sich vor der Ladestation keine No-go-Zonen, Hindernisse und Rutschgefahren befinden",Pas de passage possible devant la borne de recharge,"Veuillez déplacer la borne de recharge à un emplacement approprié, en veillant à ce qu'il n'y ait aucune zone d'interdiction, aucun obstacle et aucun risque de glissement devant celle-ci",Non è possibile passare davanti alla stazione di ricarica,"Si prega di spostare la stazione di ricarica in una posizione adatta, assicurandosi che non ci siano zone vietate (No-go zone), ostacoli e pericoli di scivolamento di fronte ad essa",,,No hay acceso adelante de la estación de carga,"Por favor, mueva la estación de carga a una ubicación adecuada, asegurándose de que no haya zonas prohibidas (No-go zone), obstáculos y sin riesgo de resbalones delante de ella",Před nabíjecí stanicí není možný průjezd,"Prosím přesuňte nabíjecí stanici na vhodné místo a ujistěte se, že před ní není žádná No-go zóna, žádná překážka a že nehrozí riziko uklouznutí",,,Pred dobíjacou stanicou nie je možné prejsť,"Prosím presuňte dobíjaciu stanicu na vhodné miesto a uistite sa, že pred ňou nie je žiadna No-go zóna, žiadna prekážka a že nehrozí riziko šmyku",Przed stacją ładowania nie ma możliwości przejazdu,"Proszę przenieść stację ładowania w odpowiednie miejsce, upewniając się, że nie ma żadnych obszarów zakazanych (No-go zone), przeszkód i nie ma ryzyka poślizgnięcia się przed nią",Geen doorgang mogelijk voor de laadpaal,"Verplaats de laadpaal naar een geschikte positie om ervoor te zorgen dat er geen beperkte gebieden, obstakels en slippen voor de oplaadstapel zijn.",Ingen adgang foran ladestationen,"Flyt opladningsbunken til en passende position for at sikre, at der ikke er begrænsede områder, forhindringer og glidning foran opladning bunken.",,,Ingen passage framför laddningsstationen,"Flytta laddningshögen till en lämplig position för att säkerställa att det inte finns några begränsade områden, hinder och slidding framför laddningshögen.",Ni mogoče nadaljevati pred polnilno postajo,"Prosimo, premaknite polnilni kup na primeren položaj, da zagotovite, da ni omejenih območij, ovire in odstranjevanje pred polnilnim kupom.",,,,,,,,,,,,,,,,,,,,
1106,3,navigation,STATE_1106,1,缺少作业区域，无法作业,Unable to start task due to no task area,Please map a task area,缺少作业区域，无法作业,请创建作业区域,"Arbeit kann nicht ausgeführt werden, da kein Arbeitsbereich vorhanden ist",Bitte erstellen Sie einen Arbeitsbereich,Impossible de travailler en raison d’un manque de zone de travail,Veuillez créer une zone de travail.,Impossibile lavorare a causa della mancanza di area di lavoro,Creare un’area di lavoro,,,No se puede trabajar debido a la falta de área de trabajo,Cree un área de trabajo,"Úkol nelze spustit, protože neexistuje oblast sečení",Vytvořte oblast sečení,,,"Úlohu nemožno spustiť, pretože neexistuje oblasť kosenia",Vytvorte oblasť kosenia,"Brak obszaru zadań, utwórz co najmniej 1 obszar zadań na mapie zadań.",Utwórz obszar zadań,Kan deze taak niet uitvoeren vanwege een ontbrekend taakgebied,Creëer een werkruimte.,Opgaven kunne ikke startes på grund af intet opgaveområde,Tilknyt et opgaveområde,,,Det gick inte att starta klippningenen på grund av att det saknas klippningensområde,Kartlägg ett klippningsområde,Naloge ni mogoče začeti zaradi odsotnosti območja za naloge,Začrtajte območje nalog,,,,,,,,,,,,,,,,,,,,
1107,3,navigation,STATE_1107,1,作业区域面积过小,The task area is too small (〈5 square meters),Please remap,作业区域面积过小,请重新绘制,Arbeitsbereich ist zu klein,Bitte neu zeichnen,La zone de travail est trop petite.,Veuillez redessiner.,L’area di lavoro è troppo piccola,Ridisegnarla,,,El área de trabajo es demasiado pequeña,Vuelva a dibujar,Oblast sečení je příliš malá (〈5m2),Prosím překreslete,,,Oblasť kosenia je príliš malá (〈5m2),Prosím prekreslite,Obszar zadania jest za mały (〈5m2),Proszę przerysować,Taakgebied is te klein,Gelieve opnieuw te tekenen.,Opgaveområdet er for lille (〈5 kvadratmeter),Lav venligst et nyt kort,,,Klippningsområdet är för litet (〈5 kvadratmeter),Vänligen mappa om,Območje za naloge je premajhno (〈5m2),Ponovno označite,,,,,,,,,,,,,,,,,,,,
1108,3,navigation,STATE_1108,1,作业区域面积过小,The task area is too small (〈5 square meters),Please remap the task area,作业区域面积过小,请重新绘制作业区域,Arbeitsbereich ist zu klein,Bitte zeichnen Sie den Arbeitsbereich neu,La zone de travail est trop petite.,Veuillez redessiner la zone de travail.,L’area di lavoro è troppo piccola,Ridisegnare l’area di lavoro,,,El área de trabajo es demasiado pequeña,Vuelva a dibujar el área de trabajo,Oblast sečení je příliš malá (〈5m2),Překreslete oblast sečení,,,Oblasť kosenia je príliš malá (〈5m2),Prekreslite oblasť kosenia,Obszar zadania jest za mały (〈5m2),Proszę odtworzyć obszar zadań,Taakgebied is te klein,Teken het werkgebied opnieuw.,Opgaveområdet er for lille (〈5 kvadratmeter),Lav venligst opgaveområdet,,,Klippningsområdet är för litet (〈5 kvadratmeter),Vänligen mappa om klippningsområdet,Območje naloge je premajhno (〈5m2),Ponovno označite območje nalog,,,,,,,,,,,,,,,,,,,,
1109,3,navigation,STATE_1109,1,作业区域面积超过最大限制,The task area is too large,Please plan the size of the task area appropriately,作业区域面积超过最大限制,请合理规划作业区域面积,Arbeitsbereich überschreitet Höchstgrenze,Bitte planen Sie die Größe des Arbeitsbereichs angemessen,La zone de travail dépasse la limite maximale.,Veuillez planifier la taille de la zone de travail de manière appropriée.,L’area di lavoro supera il limite massimo,Pianificare le dimensioni dell’area di lavoro in modo appropriato,,,El área de trabajo supera el límite máximo,Planifique adecuadamente el tamaño del área de trabajo,Oblast sečení překračuje maximální limit,Naplánujte si vhodně velikost oblasti sečení,,,Oblasť kosenia prekračuje maximálny limit,Naplánujte si vhodne veľkosť oblasti kosenia,Obszar zadania przekracza maksymalny limit,Prosimy o odpowiednie zaplanowanie wielkości obszaru zadań,Taakgebied overschrijdt maximumlimiet,Plan de grootte van het werkgebied op de juiste manier.,Opgaveområdet er for stort,Planlæg størrelsen på opgaveområdet korrekt,,,Klippningsområdet är för stort,Planera storleken på klippningsområdet på lämpligt sätt,Območje za opravljanje nalog je preveliko,Ustrezno načrtujte velikost območja nalog,,,,,,,,,,,,,,,,,,,,
1110,3,navigation,STATE_1110,1,超过允许的最大禁区数量,The maximum number of no-go zones has been exceeded,Please remap the no-go zone,超过允许的最大禁区数量,请合理规划禁区,Maximale Anzahl der zulässigen Hindernisse überschritten,Bitte planen Sie Hindernisse angemessen,Nombre maximal de no-go zones autorisées dépassé,Veuillez planifier les obstacles de manière appropriée.,Numero massimo di ostruzioni consentite superato,Pianificare gli ostacoli in modo appropriato,,,Se ha superado el número máximo de obstrucciones permitidas,Planifique los obstáculos adecuadamente,Byl překročen maximální povolený počet No-Go zón,Překreslete no-go zónu,,,Bol prekročený maximálny povolený počet No-Go zón,Prekreslite no-go zónu,Przekroczono maksymalną liczbę dozwolonych stref zakazu ruchu,Prosimy o odpowiednie zaplanowanie stref zakazanych,Maximaal aantal toegestane no-go zones overschreden,Houd rekening met obstakels.,Det maksimale antal no-go zoner er overskredet,Lav venligst ny no-go-zonen,,,Det maximala antalet no-go-zoner har överskridits,Vänligen mappa om no-go-zonen,Presegli ste največje število prepovedanih območij,Ponovno označite območje prepovedi vstopa in izstopa,,,,,,,,,,,,,,,,,,,,
1111,3,navigation,STATE_1111,1,超过允许的最大作业区域数量,The maximum number of task areas has been exceeded,Please remap the task area,超过允许的最大作业区域数量,请合理规划作业区域,Maximale Anzahl der zulässigen Arbeitsbereiche überschritten,Bitte planen Sie den Arbeitsbereich angemessen,Nombre maximal de zones de travail autorisées dépassé,Veuillez planifier la zone de travail de manière appropriée.,Superato il numero massimo di aree di lavoro consentite,Pianificare l’area di lavoro in modo appropriato,,,Se ha superado el número máximo de áreas de trabajo permitidas,Planifique el área de trabajo adecuadamente,Byl překročen maximální povolený počet oblastí sečení,Přemapujte oblast sečení,,,Bol prekročený maximálny povolený počet oblastí kosenia,Premapujte oblasť kosenia,Przekroczono maksymalną liczbę dozwolonych obszarów zadań,Prosimy o odpowiednie zaplanowanie obszaru zadań,Maximaal aantal toegestane taakgebieden overschreden,Plan het werkgebied op de juiste manier.,Det maksimale antal opgaveområder er overskredet,Lav venligst opgaveområdet,,,Det maximala antalet klippningsområden har överskridits,Vänligen mappa om klippningsområdet,Največje število območij je bilo preseženo,Ponovno označite območje nalog,,,,,,,,,,,,,,,,,,,,
1112,3,navigation,STATE_1112,1,作业区域规划失败,The task area mapping failed,"The perimeter of the task area is self-intersecting, please remap",作业区域规划失败,边界发生相交，请合理规划边界,Arbeitsbereichsplanung fehlgeschlagen,Grenzen überschneiden sich. Bitte planen Sie angemessene Grenzen,Échec de la planification de la zone de travail,Les limites se croisent. Veuillez planifier les limites de manière appropriée.,Pianificazione area di lavoro non riuscita,I confini si intersecano. Pianificare i confini in modo appropriato,,,Error en la planificación del área de trabajo,Los límites se cruzan. Planifique los límites adecuadamente,Plánování oblasti sečení selhalo,"Hranice oblastí sečení se protínají, přeplánujte je",,,Plánovanie oblasti kosenia zlyhalo,"Hranice oblastí kosenia sa pretínajú, preplánujte ich",Planowanie obszaru zadań nie powiodło się,Granice się przecinają. Proszę odpowiednio zaplanować granice,Planning van taakgebieden is mislukt,De grenzen overschrijden. Plan de grenzen op de juiste manier.,Opgaveområdetilknytningen mislykkedes,"Omkredsen af opgaveområdet overlapper sig selv, bedes du kortlægge igen",,,Mappningen av aktivitetsområde misslyckades,"Klippningsområdets omkrets är självkorsande, vänligen mappa om",Prikaz območja nalog ni uspel,"Obod območja naloge se sam križa, prosimo, preoblikujte ga",,,,,,,,,,,,,,,,,,,,
1113,3,navigation,STATE_1113,1,作业区域规划失败,The task area mapping failed,"The perimeter of the task area is self-intersecting, please remap",作业区域规划失败,边界发生相交，请合理规划边界,Arbeitsbereichsplanung fehlgeschlagen,Grenzen überschneiden sich. Bitte planen Sie angemessene Grenzen,Échec de la planification de la zone de travail,Les limites se croisent. Veuillez planifier les limites de manière appropriée.,Pianificazione area di lavoro non riuscita,I confini si intersecano. Pianificare i confini in modo appropriato,,,Error en la planificación del área de trabajo,Los límites se cruzan. Planifique los límites adecuadamente,Plánování oblasti sečení selhalo,"Hranice oblastí sečení se protínají, přeplánujte je",,,Plánovanie oblasti kosenia zlyhalo,"Hranice oblastí kosenia sa pretínajú, preplánujte ich",Planowanie obszaru zadań nie powiodło się,Granice się przecinają. Proszę odpowiednio zaplanować granice,Planning van taakgebieden is mislukt,De grenzen overschrijden. Plan de grenzen op de juiste manier.,Opgaveområdetilknytningen mislykkedes,"Omkredsen af opgaveområdet overlapper sig selv, bedes du kortlægge igen",,,Mappningen av aktivitetsområde misslyckades,"Klippningsområdets omkrets är självkorsande, vänligen mappa om",Kartiranje območja nalog ni uspelo,"Obod območja naloge se sam prečka, prosimo, da ga ponovno določite",,,,,,,,,,,,,,,,,,,,
1114,3,navigation,STATE_1114,1,连通路径已经存在,The channel already exists,"To add a new channel, delete the current one",连通路径已经存在,若要重新定义连通路径，请先删除当前连通路径,Verbindungsweg bereits vorhanden,"Löschen Sie zunächst den aktuellen Verbindungsweg, um den Verbindungsweg neu zu definieren",Le canal de connexion existe déjà.,"Pour redéfinir le canal de connexion, supprimez d’abord le canal de connexion actuel.",Il percorso di connessione esiste già,"Per ridefinire il percorso di connessione, eliminare prima il percorso di connessione corrente",,,La ruta de conexión ya existe,"Para redefinir la ruta de conexión, elimine primero la ruta de conexión actual",Připojovací cesta již existuje,"Pro přidání propojovací cesty, nejprve odstraňte původní",,,Pripojovacia cesta už existuje,"Pre pridanie prepojovacej cesty, najprv odstráňte pôvodnú",Ścieżka połączenia już istnieje,"Aby ponownie zdefiniować ścieżkę połączenia, najpierw usuń bieżącą ścieżkę połączenia",Verbindingskanaal bestaat al,"Om het verbindingskanaal opnieuw te definiëren, verwijdert u eerst het huidige verbindingskanaal.",vej findes allerede,"Hvis du vil tilføje en ny vej, skal du slette den aktuelle",,,Vägen finns redan,"För att lägga till en ny väg, radera den nuvarande",Pot že obstaja,"Če želite dodati novo pot, izbrišite trenutno pot",,,,,,,,,,,,,,,,,,,,
1115,3,navigation,STATE_1115,1,超过允许的最大动态禁区数量,The maximum number of no-go zones has been exceeded,Please map the no-go zone properly,超过允许的最大动态禁区数量,请合理规划禁区,Maximal zulässige Anzahl dynamischer Sperrzonen überschritten,Bitte planen Sie die Sperrzonen entsprechend.,Nombre maximum de no-go zones autorisées dépassé,Merci de planifier les zones interdites de manière appropriée,Superato il numero massimo di zone vietate dinamiche,Pianificare correttamente le zone vietate,,,Se ha superado el número máximo de zonas dinámicas no permitidas,Planifique las zonas de exclusión adecuadamente,Byl překročen maximální povolený počet No-Go zón,No-go zónu si prosím správně namapujte,,,Bol prekročený maximálny povolený počet No-Go zón,No-go zónu si prosím správne namapujte,Przekroczono maksymalną liczbę dozwolonych dynamicznych stref zakazanych,Prosimy o odpowiednie zaplanowanie stref zakazanych,Maximaal aantal toegestane verboden zones overschreden,Plan de beperkte gebieden op de juiste manier,Det maksimale antal no-go zoner er overskredet,Kortlæg venligst no-go-zonen korrekt,,,Det maximala antalet no-go-zoner har överskridits,Vänligen kartlägg no-go-zonen ordentligt,Največje število prepovedanih območij je bilo preseženo,Ustrezno označite območje prepovedi dostopa,,,,,,,,,,,,,,,,,,,,
1116,3,navigation,STATE_1116,1,正在规划的禁区与其它禁区相交,The no-go zone is overlapping with the existing ones,Please map the no-go zone properly,正在规划的禁区与其它禁区相交,请合理规划禁区,Die geplante Sperrzone überschneidet andere Sperrzonen.,Bitte planen Sie die Sperrzonen entsprechend.,La no-go zone  en cours de planification croise d’autres no-go zones,Merci de planifier les zones interdites de manière appropriée,La zona vietata pianificata interseca altre zone vietate,Pianificare correttamente le zone vietate,,,La zona de exclusión que se está planificando se cruza con otras zonas de exclusión,Planifique las zonas de exclusión adecuadamente,No-go zóna se překrývá se stávající no-go zónou,No-go zónu si prosím správně namapujte,,,No-go zóna sa prekrýva s existujúcou no-go zónou,No-go zónu si prosím správne namapujte,Planowana strefa „no-go” przecina inne strefy „no-go”.,Prosimy o odpowiednie zaplanowanie stref zakazanych,De geplande no-go-zone kruist andere no-go-zones,Plan de no-go-zones op de juiste manier,No-go-zonen overlapper de eksisterende,Kortlæg venligst no-go-zonen korrekt,,,No-go-zonen överlappar de befintliga,Vänligen kartlägg no-go-zonen ordentligt,Območje prepovedi vstopa se prekriva z obstoječimi območji,Ustrezno označite območje prepovedi vstopa,,,,,,,,,,,,,,,,,,,,
1117,3,navigation,STATE_1117,1,录制的面积即将超过最大限制,The task area is about to exceed the upper limit,Please finish the task area mapping by controlling the robot back to the beginning and ensure that the area does not exceed the upper limit,录制的面积即将超过最大限制,请根据虚线指引控制Robot开回原点 完成任务区创建，避免面积超过上限,"Der Bereich ist dabei, die Höchstgrenze zu überschreiten.","Bitte kontrolliere Roboter und folge der gestrichelten Linie, um den Aufgabenbereich zu beenden und das maximale Limit nicht zu überschreiten",La zone est sur le point de dépasser la limite maximale,Veuillez contrôler robot et suivre la ligne en pointillés pour terminer la zone de tâches afin de ne pas dépasser la limite maximale,L’area sta per superare il limite massimo,"Per favore, controlla robot e segui la linea tratteggiata per completare l’area delle attività evitando di superare il limite massimo",,,El área está a punto de superar el límite máximo,"Por favor, controla a robot y sigue la línea discontinua para finalizar el área de tarea y evitar exceder el límite máximo",Oblast sečení brzy překročí horní limit velikosti,"Dokončete plánování oblasti sečení ovládáním robot zpět do výchozího bodu a ujistěte se, že oblast nepřesahuje limit velikosti",,,Oblasť kosenia čoskoro prekročí horný limit veľkosti,"Dokončite plánovanie oblasti kosenia ovládaním robot späť do východzieho bodu a uistite sa, že oblasť nepresahuje limit veľkosti",Obszar wkrótce przekroczy maksymalny limit obszaru,"Proszę kontrolować robot i śledzić przerywaną linię, aby ukończyć obszar zadania i uniknąć przekroczenia maksymalnego limitu",De zone staat op het punt de maximale limiet te overschrijden,"Controleer robot en volg de stippellijn om het taakgebied te voltooien, zodat u de maximale limiet niet overschrijdt",Opgaveområdet er ved at overskride den øvre grænse,"Afslut opgaveområdekortlægningen ved at styre robotten tilbage til begyndelsen og sørg for, at området ikke overskrider den øvre grænse",,,Klippområdet håller på att överskrida max gränsen,Vänligen avsluta kartläggningen av klippområde genom att styra roboten tillbaka till början och se till att området inte överskrider den maximala gränsen,Območje opravila bo kmalu preseglo zgornjo mejo,"Zaključite kartiranje območja naloge z vožnjo robot nazaj na začetek in se prepričajte, da območje ne presega zgornje meje.",,,,,,,,,,,,,,,,,,,,
1118,3,navigation,STATE_1118,1,作业区域被完全包含，规划失败,Mapping failed because one task area is fully covered by another,Please map the lawn perimeter appropriately,作业区域被完全包含，规划失败,请合理规划边界,"Planung fehlgeschlagen, da der Aufgabenbereich vollständig enthalten ist.",Die Grenze enthält eine vollständig andere Grenze. Bitte planen Sie die Grenze entsprechend.,La planification a échoué car la zone de travail est entièrement incluse,La limite se superpose à un autre périmètre. Merci de planifier la limite de périmètre de manière appropriée,Pianificazione non riuscita perché l’area di attività è completamente inclusa,Il confine contiene completamente un altro confine. Pianificare correttamente il confine,,,Error de planificación porque el área de tareas está completamente incluida,El límite contiene completamente otro límite. Planifique el límite adecuadamente,"Plánování selhalo, protože je oblast sečení plně překryta jinou oblastí",Naplánujte vhodně hranice oblasti,,,"Plánovanie zlyhalo, pretože oblasť kosenia je úplne prekrytá inou oblasťou",Naplánujte vhodne hranice oblasti,"Planowanie nie powiodło się, ponieważ obszar zadań jest w pełni pokryty",Granica całkowicie zawiera inną granicę. Proszę odpowiednio zaplanować granicę,De planning is mislukt omdat het werkgebied volledig omsloten is en,"De grens overlapt met een andere omtrek, plan de perimetergrens op de juiste manier.","Tilknytningen mislykkedes, fordi ét opgaveområde er fuldt dækket af et andet",Kortlæg plænens omkreds korrekt,,,Mappningen misslyckades eftersom ett aktivitetsområde är helt täckt av något annat,Vänligen kartlägg gräsmattans omkrets på lämpligt sätt,"Kartiranje ni uspelo, ker je eno območje naloge v celoti pokrito z drugim",Ustrezno kartirajte območje travnika,,,,,,,,,,,,,,,,,,,,
1119,3,navigation,STATE_1119,1,连通路径无法通行,The channel is unpassable,Please make sure that there are no obstacles on the channel and try again,连通路径无法通行,请确认连通路径上无障碍物后重试,Die Verbindung ist nicht passierbar,Bitte überprüfen Sie den freien Durchgang auf der Verbindung und versuchen Sie es erneut,Le corridor ne peut être traversé,Soyez sûr qu’il n’y ait pas de no go-zone à l’intérieur du corridor puis recommencez,Il percorso di connessione non è transitabile,Si prega di verificare che non ci siano ostacoli lungo il percorso di connessione e riprovare,,,No se puede transitar por la ruta de conexión,"Por favor, asegúrese de que no haya obstáculos en la ruta de conexión y vuelva a intentarlo",Propojovací cesta je neprůjezdná,"Ujistěte se, že je propojovací cesta volná a zkuste to znova",,,Prepojovacia cesta je neprejazdná,"Uistite sa, že je prepojovacia cesta voľná a skúste to znova",Trasa połączenia nie jest przejezdna,"Proszę sprawdzić, czy na drodze połączenia nie ma żadnych przeszkód i spróbować ponownie",Het kanaal kan niet worden overgestoken,Zorg ervoor dat er geen no-go-zone in het kanaal is en begin opnieuw.,Vejen er blokeret,"Sørg for, at der ikke er nogen forhindringer på vejen, og prøv igen",,,vägen är oacceptabel,Se till att det inte finns några hinder på vägen och försök igen,Pot ni prehoden,"Prepričajte se, da na poti ni ovir, in poskusite znova",,,,,,,,,,,,,,,,,,,,
1120,3,navigation,STATE_1120,1,新增的边界过于复杂,The new perimeter added is too complex,,新增的边界过于复杂,,Die neuen Grenzen sind zu komplex,,Le périmètre ajouté est trop complexe,,I nuovi confini sono troppo complessi,,,,Las nuevas fronteras son demasiado complejas,,Přidaná hranice je příliš složitá,,,,Pridaná hranica je príliš zložitá,,Nowe granice są zbyt skomplikowane,,De toegevoegde perimeter is te complex.,,"Den nye omkreds, der tilføjes, er for kompleks",,,,Den nya omkretsen som lagts till är för komplex,,Nov dodan obod je preveč zapleten,,,,,,,,,,,,,,,,,,,,,
1121,3,navigation,STATE_1121,1,路线交叉导致修改失败,Perimeter self-intersection causes modification failed,,路线交叉导致修改失败,,Die Kreuzung der Routen führte zu einem fehlgeschlagenen Update,,Le croisement de routes provoque l’échec de la modification,,L‘incrocio delle rotte ha causato un fallimento nella modifica,,,,La intersección de las rutas resultó en una falla en la modificación,,Křížení hranic způsobuje selhání úpravy,,,,Kríženie hraníc spôsobuje zlyhanie úpravy,,Krzyżowanie się tras spowodowało nieudaną modyfikację,,Het kruisen van routes zorgt ervoor dat de wijziging mislukt.,,Omkreds overlapning forårsager ændring mislykkedes,,,,Omkretssjälvkorsning gör att ändringen misslyckades,,"Samoprekrivanje oboda povzroči, da sprememba ni uspela",,,,,,,,,,,,,,,,,,,,,
1122,3,navigation,STATE_1122,1,Robot无法在作业区域中开始录制新的边界,A new perimeter cannot be added inside the task area,Please add the perimeter outside the task area,Robot无法在作业区域中开始录制新的边界,请在地图空白处重试录制边界,Roboter kann in dem Arbeitsbereich keine neuen Grenzen aufzeichnen,"Bitte versuchen Sie, die Grenzen erneut auf der leeren Stelle der Karte aufzuzeichnen",Robot ne peut pas commencer à enregistrer un nouveau périmètre à l’intérieur d’une zone de travail,Veuillez réessayer l’enreigistrement du périmètre dans la carte vide,Robot non può registrare nuovi confini nell‘area di lavoro,Si prega di riprovare a registrare i confini nell‘area bianca della mappa,,,Robot no puede comenzar a grabar nuevas fronteras en el área de trabajo,"Por favor, intente grabar las fronteras nuevamente en el espacio en blanco del mapa",Do oblasti sečení nelze přidat novou hranici,Přidejte hranici mimo uloženou oblast sečení,,,Do oblasti kosenia nemožno pridať novú hranicu,Pridajte hranicu mimo uloženú oblasť kosenia,Robot nie może rozpocząć nagrywania nowych granic w obszarze roboczym,Proszę spróbować ponownie nagrać granice na pustej przestrzeni mapy,Robot kan geen nieuwe perimeter binnen een werkgebied registreren.,Probeer opnieuw op te slaan op de lege kaart.,Der kan ikke tilføjes en ny omkreds i opgaveområdet,Tilføj omkredsen uden for opgaveområdet,,,En ny omkrets kan inte läggas till i aktivitetsområdet,Lägg till omkretsen utanför klippningsområdet,Novega oboda ni mogoče dodati znotraj območja,Dodajte obod zunaj območja,,,,,,,,,,,,,,,,,,,,
1123,3,navigation,STATE_1123,1,预估面积已经超过最大限制,The estimated area has exceeded the maximum limit,Please map the task area properly,预估面积已经超过最大限制,请合理规划作业区域,Die geschätzte Fläche überschreitet bereits die maximale Begrenzung,Bitte planen Sie den Arbeitsbereich vernünftig,La superficie estimée a dépassé la limite maximale,Veuillez planifier la zone de travail de manière appropriée,L‘area stimata supera già il limite massimo,Si prega di pianificare razionalmente l‘area di lavoro,,,El área estimada ya ha superado el límite máximo,"Por favor, planifique el área de trabajo de manera razonable",Odhadovaná plocha překročila maximální limit,Naplánujte vhodně oblast sečení,,,Odhadovaná plocha prekročila maximálny limit,Naplánujte vhodne oblasť kosenia,Szacowana powierzchnia przekracza już maksymalne ograniczenie,Proszę odpowiednio zaplanować obszar roboczy,Het geschatte gebied heeft de maximale limiet overschreden.,Plan het werkgebied op de juiste manier.,Det anslåede areal har overskredet maksimumsgrænsen,Kortlæg opgaveområdet korrekt,,,Det beräknade området har överskridit maxgränsen,Vänligen kartlägg klippningsområdet ordentligt,Ocenjeno območje je preseglo največjo mejo površine,Ustrezno kartirajte območje,,,,,,,,,,,,,,,,,,,,
1124,3,navigation,STATE_1124,1,将产生无效的联通路径,An invalid channel will be generated,Please try again after deleting the channel,将产生无效的联通路径,请先删除涉及到的连通路径后重试,Dies wird zu ungültigen Verbindungsstrecken führen,"Bitte versuchen Sie es erneut, nachdem Sie die betroffenen Verbindungswege gelöscht haben",Cela entraînera des chemins de connectivité invalides,Veuillez supprimer le canal de connexion concerné et réessayer.,Ciò comporterà percorsi di connettività non validi,Si prega di riprovare dopo aver eliminato i percorsi collegati coinvolti,,,Esto resultará en trayectorias de conectividad inválidas,"Por favor, inténtelo de nuevo después de eliminar las rutas de conexión involucradas",Bude vygenerována neplatná propojovací cesta,Zkuste to znova po smazání propojovací cesty,,,Bude vygenerovaná neplatná prepojovacia cesta,Skúste to znova po zmazaní prepojovacej cesty,Spowoduje to powstanie nieprawidłowych ścieżek łączności,Proszę spróbować ponownie po usunięciu dotkniętych ścieżek łączności,Dit resulteert in ongeldige verbindingspaden.,Verwijder het betreffende verbindingskanaal en probeer het opnieuw.,Der genereres en ugyldig vej,"Prøv igen, når du har slettet vej",,,En ogiltig väg kommer att genereras,Försök igen efter att du har tagit bort vägen,Ustvarili ste neveljavno pot.,Po izbrisu poti poskusite znova,,,,,,,,,,,,,,,,,,,,
1125,3,navigation,STATE_1125,1,生成的新边界穿过了禁区,The new perimeter crosses the no-go zone,Please map the task area properly,生成的新边界穿过了禁区,请合理规划作业区域,Die generierten neuen Grenzen durchqueren Sperrgebiete,Bitte planen Sie den Arbeitsbereich vernünftig,Le nouveau périmètre généré traverse la zone interdite,Veuillez planifier la zone de travail de manière appropriée,I nuovi confini generati attraversano zone proibite,Si prega di pianificare razionalmente l‘area di lavoro,,,Las nuevas fronteras generadas cruzan áreas prohibidas,"Por favor, planifique el área de trabajo de manera razonable",Nová hranice protíná no-go zónu,Naplánujte vhodně oblast sečení,,,Nová hranica pretína no-go zónu,Naplánujte vhodne oblasť kosenia,Wygenerowane nowe granice przecinają obszary zakazane,Proszę odpowiednio zaplanować obszar roboczy,De nieuw gegenereerde omtrek doorkruist het verboden gebied,Plan het werkgebied op de juiste manier.,Den nye omkreds krydser no-go zonen,Kortlæg opgaveområdet korrekt,,,Den nya omkretsen korsar no-go-zonen,Vänligen kartlägg klippningsområdet ordentligt,Novo obodje prečka območje prepovedi,Ustrezno kartirajte območje,,,,,,,,,,,,,,,,,,,,
1126,3,navigation,STATE_1126,1,录制连通路径第一个点失败,Channel mapping failed,Please control the robot into the task area and retry,录制连通路径第一个点失败,请控制车子回到边界内重新录制,Die Aufzeichnung des ersten Punktes des Verbindungsverlaufs ist fehlgeschlagen,"Bitte steuern Sie Roboter zurück in das Innere der Grenze, um erneut aufzuzeichnen",L‘enregistrement du premier point du parcours de connexion a échoué,Veuillez contrôler robot pour revenir à l‘intérieur des frontières et refaire l‘enregistrement,La registrazione del primo punto del percorso di connessione è fallita,Si prega di controllare robot affinché torni all‘interno del confine per registrare nuovamente,,,La grabación del primer punto de la ruta de conexión ha fallado,"Por favor, controle a robot para que regrese dentro de los límites y vuelva a grabar",Vytváření propojovací cesty selhalo,Ovládejte robot do oblasti sečení a zkuste to znova,,,Vytváranie prepojovacej cesty zlyhalo,Ovládajte robot do oblasti kosenia a skúste to znova,Nagranie pierwszego punktu trasy połączenia nie powiodło się,"Proszę kontrolować robot, aby wrócił do wnętrza granicy i ponownie nagrał",Het opslaan van het eerste punt van het verbindingspad is mislukt.,Controleer robot om terug binnen de grenzen te gaan en de opname opnieuw uit te voeren.,Tilknytning af vej mislykkedes,"Styr robotten ind i opgaveområdet, og prøv igen",,,vägmappningen misslyckades,Vänligen styr roboten till klippningsområdet och försök igen,Mapiranje poti ni uspelo,Upravljajte napravo robot v območje opravil in poskusite znova.,,,,,,,,,,,,,,,,,,,,
1127,3,navigation,STATE_1127,1,新增的边界过于复杂,The perimeter added is too complex,,新增的边界过于复杂,,Die neu hinzugefügten Grenzen sind zu komplex,,Le périmètre ajouté est trop complexe,,I nuovi confini aggiunti sono troppo complessi,,,,Las nuevas fronteras añadidas son demasiado complejas,,Přidaná hranice je příliš složitá,,,,Pridaná hranica je príliš zložitá,,Nowo dodane granice są zbyt skomplikowane,,De toegevoegde omtrek is te complex.,,Den tilføjede omkreds er for kompleks,,,,Omkretsen som lagts till är för komplex,,Dodano območje je preveč zapleteno,,,,,,,,,,,,,,,,,,,,,
1128,3,navigation,STATE_1128,1,剩余面积小于5㎡，无法完成修改,"The remaining area is less than 5 square meters, resulting in failed modification",,剩余面积小于5㎡，无法完成修改,,Die verbleibende Fläche ist kleiner als 5 Quadratmeter und die Änderung kann nicht abgeschlossen werden,,"La surface restante est inférieure à 5 mètres carrés, vous ne pouvez pas terminer la modification",,L‘area rimanente è inferiore a 5 metri quadrati e la modifica non può essere completata,,,,El área restante es menor de 5 metros cuadrados y no se puede completar la modificación,,"Zbývající plocha je menší než 5 m2, nelze dokončit úpravu",,,,Zostávajúca plocha je menšia ako 5 metrov štvorcových a úprava nemôže byť dokončená,,Pozostały obszar jest mniejszy niż 5 metrów kwadratowych i nie można ukończyć modyfikacji,,"Het resterende gebied is minder dan 5 vierkante meter, u kunt de wijziging niet voltooien.",,"Det resterende areal er mindre end 5 kvadratmeter, hvilket resulterer i mislykket ændring",,,,"Den återstående ytan är mindre än 5 kvadratmeter, vilket resulterar i misslyckad modifiering",,"Preostalo območje je manjše od 5 kvadratnih metrov, zato sprememba ni bila uspešna",,,,,,,,,,,,,,,,,,,,,
1129,3,navigation,STATE_1129,1,任务区域边界存在多次交叉,The perimeter has multiple intersections,Please remap the task area and avoid multiple intersections among perimeters,任务区域边界存在多次交叉,请重新绘制作业区域，避免绘制过程中边界发生多次交叉,Die neue Grenze hat mehrere Kreuzungen,Bitte erstellen Sie den Aufgabenbereich neu und vermeiden Sie mehrere Kreuzungen,La nouvelle frontière comporte plusieurs intersections,Veuillez recréer la zone de tâches et éviter les intersections multiples,Il nuovo confine ha più intersezioni,Si prega di ricreare l’area delle attività e evitare le intersezioni multiple,,,La nueva frontera tiene múltiples intersecciones,"Por favor, recrea el área de la tarea y evita múltiples intersecciones",Nová hranice má několik průsečíků,Přeplánujte oblast sečení a vyhněte se vícenásobným průsečíkům mezi hranicemi,,,Nová hranica má niekoľko priesečníkov,Preplánujte oblasť kosenia a vyhnite sa viacnásobným priesečníkom medzi hranicami,Nowa granica ma wiele skrzyżowań,Proszę odtwórz obszar zadania i unikaj wielu skrzyżowań,De nieuwe grens heeft meerdere kruispunten,Creëer het taakgebied opnieuw en voorkom intersecties,Omkredsen har flere overlapninger,Lav venligst nyt opgaveområdet og undgå flere kryds mellem perimetre,,,Omkretsen har flera korsningar,Vänligen mappa om aktivitetsområdet och undvik flera korsningar mellan omkretsarna,Območje ima več presečišč,Ponovno kartirajte območje naloge in se izognite večkratnim presečiščem med oboda,,,,,,,,,,,,,,,,,,,,
1130,3,navigation,STATE_1130,1,新边界被其他边界拆分成多块,The new perimeter is divided into multiple sections by other perimeters,Please remap the task area without multiple intersections with the existing task areas,新边界被其他边界拆分成多块,请重新绘制作业区域，并避免和已存在的作业区域发生多次交叉,Die neue Grenze wurde von anderen Grenzen in mehrere Stücke aufgeteilt,"Bitte erstellen Sie den Aufgabenbereich neu, ohne mehrfach mit den bereits vorhandenen Aufgabenbereichen zu überlappen",La nouvelle frontière a été divisée en plusieurs morceaux par d‘autres frontières,Veuillez recréer la zone de tâches sans se chevaucher à plusieurs reprises avec les zones de tâches déjà existantes,Il nuovo confine è stato diviso in più parti da altri confini,Si prega di ricreare l’area delle attività senza sovrapporsi più volte con le aree delle attività già esistenti,,,La nueva frontera ha sido dividida en varias partes por otras fronteras,"Por favor, recrea el área de tareas sin superponerse varias veces con las áreas de tareas ya existentes",Nová hranice byla rozdělena na více částí dalšími hranicemi,"Vytvořte znovu oblast sečení tak, aby se vícekrát neprotínala s již existujícími úložnými oblastmi",,,Nová hranica bola rozdelená na viac častí ďalšími hranicami,"Vytvorte znovu oblasť kosenia tak, aby sa viackrát nepretínala s už existujúcimi úložnými oblasťami",Nowa granica została podzielona na wiele części przez inne granice,"Proszę odtworzyć obszar zadań, unikając wielokrotnego nakładania się na już istniejące obszary zadań",De nieuwe grens is door andere grenzen in verschillende stukken verdeeld.,Creëer het taakgebied opnieuw zonder herhaaldelijk te overlappen met reeds bestaande taakgebieden.,Den nye omkreds er opdelt i flere sektioner af andre områder,Ændre venligst opgaveområdet uden flere overlapninger med de eksisterende opgaveområder,,,Den nya omkretsen är uppdelad i flera sektioner av andra omkretsar,Vänligen mappa om aktivitetsområdet utan flera korsningar med de befintliga klippningsområdena,Novo območje je razdeljeno na več delov z drugimi območji,"Prosimo, da območje opravila ponovno preslikate brez večkratnih presečišč z obstoječimi območji opravila",,,,,,,,,,,,,,,,,,,,
1131,3,navigation,STATE_1131,1,录制的地图形状过于弯曲,The map is too crooked,Please split into multiple areas,录制的地图形状过于弯曲,请拆分成多个区域来绘制,Die aufgezeichnete Kartenform ist zu stark gekrümmt,"Bitte teilen Sie es in mehrere Bereiche auf, um zu zeichnen",La forme de la carte enregistrée est trop courbée,Veuillez le diviser en plusieurs zones pour dessiner,La forma della mappa registrata è troppo curva,Si prega di suddividerlo in diverse aree per disegnare,,,La forma del mapa grabado es demasiado curvada,"Por favor, divídelo en varias áreas para dibujar",Tvar mapy je příliš zakřivený,Rozdělte ji do více oblastí,,,Tvar mapy je príliš zakrivený,Rozdeľte ju do viacerých oblastí,Kształt zarejestrowanej mapy jest zbyt wygięty,Proszę podzielić to na kilka obszarów do narysowania,De vorm van de opgeslagen kaart kent teveel bochten.,Verdeel deze in verschillende gebieden om te tekenen.,Kortet er for kompliceret,Opdel venligst i flere områder,,,Kartan är för sned,Vänligen dela upp i flera områden,Zemljevid je preveč ukrivljen,"Prosimo, razdelite na več območij",,,,,,,,,,,,,,,,,,,,
1133,3,navigation,STATE_1133,1,禁区太小，保存失败,The no-go zone mapping failed to save as it is too small,,禁区太小，保存失败,,"Die No-Go-Zone ist zu klein, Speichern fehlgeschlagen",,"La zone interdite est trop petite, échec de la sauvegarde",,"La zona di divieto è troppo piccola, salvataggio fallito",,,,"La zona restringida es demasiado pequeña, fallo al guardar",,"Plánování no-go zóny selhalo, protože je příliš malá",,,,"Plánovanie no-go zóny zlyhalo, pretože je príliš malá",,"Strefa zakazana jest zbyt mała, zapisywanie nie powiodło się",,"No-go zone is te klein, opslaan mislukt",,"No-go zonekortlægningen kunne ikke gemmes, da den er for lille",,,,Kartläggningen av no-go-zonen kunde inte sparas eftersom den är för liten,,"Preslikave prepovedane cone ni bilo mogoče shraniti, ker je premajhna",,,,,,,,,,,,,,,,,,,,,
1134,3,common,STATE_1134,3,禁区绘制面积过小,The no-go zone area is too small,Please re-map the no-go zone,禁区绘制面积过小,请重新绘制禁区,Die No-Go Zone ist zu klein,Bitte mappen Sie die No-Go-Zone neu,Zone interdite trop petite,Veuillez redessiner la carte de la zone interdite,,,,,,,,,,,,,,,,,,,,,,,,,,,,,,,,,,,,,,,,,,,,
1135,3,navigation,STATE_1135,1,禁区创建失败,No-go zone mapping failed,Please delete the no-go zone and try again,禁区创建失败,请先删除被包含的禁区后重试,Die Erstellung der Sperrzone ist fehlgeschlagen,Bitte löschen Sie zuerst die enthaltenen Sperrzonen und versuchen Sie es erneut,La création de la zone interdite a échoué,"Veuillez d‘abord supprimer les zones interdites incluses, puis réessayez",La creazione della zona vietata è fallita,Si prega di eliminare prima le zone vietate incluse e riprovare,,,La creación de la zona prohibida ha fallado,"Por favor, elimine primero las zonas prohibidas incluidas y vuelva a intentarlo",Plánování no-go zóny selhalo,Odstraňte no-go zónu a zkuste to znova,,,Plánovanie no-go zóny zlyhalo,Odstráňte no-go zónu a skúste to znova,Utworzenie strefy zakazanej nie powiodło się,Proszę najpierw usunąć zawarte strefy zakazane i spróbować ponownie,Aanmaken van no-go zone mislukt.,Verwijder eerst de opgenomen no-go zones en probeer het vervolgens opnieuw,Kortlægning af no-go-zoner mislykkedes,"Slet no-go-zonen, og prøv igen",,,Kartläggning av no-go-zon misslyckades,Ta bort no-go-zonen och försök igen,Mapiranje območja prepovedi vožnje ni uspelo,Izbrišite območje prepovedi vstopa in poskusite znova,,,,,,,,,,,,,,,,,,,,
1136,3,navigation,STATE_1136,1,充电桩与禁区位置冲突,The charging station is overlapping with the no-go zone,Please place the charging station in an open area without no-go zones,充电桩与禁区位置冲突,请把充电桩布置在空旷、无禁区的区域,Es gibt einen Konflikt zwischen der Ladestation und der Position der Sperrzone,Bitte platzieren Sie die Ladestation in einem offenen Bereich ohne Sperrzonen,Il y a un conflit entre la borne de recharge et la position de la zone interdite,Veuillez placer la borne de recharge dans une zone dégagée sans zones interdites,C‘è un conflitto tra la stazione di ricarica e la posizione della zona vietata,Si prega di posizionare la stazione di ricarica in un‘area aperta senza zone vietate,,,Hay un conflicto entre la estación de carga y la ubicación de la zona prohibida,"Por favor, coloque la estación de carga en una zona abierta sin zonas prohibidas",Nabíjecí základna se překrývá s no-go zónou,"Umístěte nabíjecí základnu do oblasti s otevřeným výhledem na oblohu, bez no-go zóny",,,Nabíjacia základňa sa prekrýva s no-go zónou,"Umiestnite nabíjaciu základňu do oblasti s otvoreným výhľadom na oblohu, bez no-go zóny",Występuje konflikt między stacją ładowania a położeniem strefy zakazanej,Proszę umieścić stację ładowania w otwartej przestrzeni bez stref zakazanych,Er is een conflict tussen het laadstation en de positie van de no-go zone.,Plaats het laadstation in een open ruimte zonder no-go zones.,Ladestationen overlapper no-go-zonen,Placer ladestationen i et åbent område uden no-go zoner,,,Laddstationen överlappar med no-go-zonen,Placera laddstationen på ett öppet område utan no-go-zoner,Polnilna postaja se prekriva z območjem prepovedi vstopa,Polnilno postajo postavite na odprto območje brez območij prepovedi vstopa,,,,,,,,,,,,,,,,,,,,
1137,3,navigation,STATE_1137,1,无法在作业区域外生成禁区,Unable to map a no-go zone outside a task area,Please map the no-go zone inside the task area,无法在作业区域外生成禁区,请在作业区域内创建禁区,"Es ist nicht möglich, außerhalb des Arbeitsbereichs eine Sperrzone zu erstellen",Bitte erstellen Sie innerhalb des Arbeitsbereichs eine Sperrzone,Il est impossible de créer une zone d‘interdiction en dehors de la zone de travail,Veuillez créer une zone interdite à l‘intérieur de la zone de travail,Non è possibile creare una zona di divieto al di fuori dell‘area di lavoro,Si prega di creare una zona vietata all‘interno dell‘area di lavoro,,,No se puede crear una zona de prohibición fuera del área de trabajo,"Por favor, cree una zona prohibida dentro del área de trabajo",Není možné vytvořit no-go zónu mimo oblast sečení,Vytvořte no-go zónu v oblasti sečení,,,Nie je možné vytvoriť no-go zónu mimo oblasti kosenia,Vytvorte no-go zónu v oblasti kosenia,Nie można utworzyć strefy zakazu poza obszarem roboczym,Proszę utworzyć strefę zakazu w obrębie obszaru roboczego,Het is niet mogelijk om een ​​no-go zone aan te maken buiten de werkzone.,Creëer een no-go zone binnen het werkgebied.,Kan ikke kortlægge en no-go-zone uden for opgaveområdet,Kortlæg no-go-zonen inde i opgaveområdet,,,Det går inte att kartlägga en no-go-zon utanför aktivitetsområdet,Vänligen kartlägg no-go-zonen inom aktivitetsområdet,Ni mogoče kartirati območja prepovedi vstopa zunaj območja opravil,"Prosimo, označite območje prepovedi vstopa znotraj območja naloge",,,,,,,,,,,,,,,,,,,,
1138,3,navigation,STATE_1138,1,边界多次相交，创建禁区失败,Multiple intersections for perimeters. Failed to add the no-go zone,Please remap the no-go zone,边界多次相交，创建禁区失败,请尝试重新创建禁区,"Die Grenzen überlappen sich mehrmals, das Erstellen der Sperrzone ist fehlgeschlagen","Bitte versuchen Sie, die Sperrzone erneut zu erstellen","Les frontières se chevauchent plusieurs fois, la création de la zone interdite a échoué",Veuillez essayer de recréer la zone interdite,"I confini si sovrappongono più volte, la creazione della zona vietata è fallita",Si prega di tentare di ricreare la zona vietata,,,"Los límites se superponen varias veces, la creación de la zona prohibida ha fallado","Por favor, intente crear nuevamente la zona prohibida","Hranice se několikrát protínají, vytvoření no-go zóny selhalo",Naplánujte no-go zónu znova,,,"Hranice sa niekoľkokrát pretínajú, vytvorenie no-go zóny zlyhalo",Naplánujte no-go zónu znova,"Granice wielokrotnie się przecinają, utworzenie strefy zakazanej nie powiodło się",Proszę spróbować ponownie utworzyć strefę zakazu,"Grenzen overlappen elkaar meerdere keren, aanmaken van no-go zone is mislukt",Probeer de no-go zone opnieuw te creëren,Flere kryds for ydreomgange. Kunne ikke tilføje no-go-zonen,Omkort venligst no-go-zonen,,,Flera korsningar för omkretsar. Det gick inte att lägga till no-go-zonen,Vänligen mappa om no-go-zonen,Več križišč za meje. Ni uspelo dodati območja prepovedi približevanja,Ponovno označite območje prepovedi vstopa in izstopa,,,,,,,,,,,,,,,,,,,,
1139,3,navigation,STATE_1139,1,分块弓模式生成路径失败,Adaptive zigzag path generating failed,Please move the charging station outside the no-go zone and try again,分块弓模式生成路径失败,请移动充电桩到不与禁区重叠的位置后重试,Pfad konnte im segmentierten Rastermodus nicht generiert werden,"Bitte verschieben Sie die Ladestation an einen Ort, der sich nicht mit der No-Go-Zone überschneidet, und versuchen Sie es erneut",Échec de la génération du chemin en mode de grille segmentée,Veuillez déplacer la station de recharge vers un emplacement qui ne chevauche pas la zone interdite et réessayez,Impossibile generare il percorso in modalità griglia segmentata,Si prega di spostare la stazione di ricarica in una posizione che non si sovrappone alla zona vietata e riprovare,,,Error al generar la ruta en el modo de rejilla segmentada,"Por favor, mueva la estación de carga a una ubicación que no se superponga con la zona prohibida y vuelva a intentarlo",Generování segmentové mřížky selhalo,Umístěte nabíjecí základnu mimo no-go zónu a zkuste to znova,,,Generovanie segmentovej mriežky zlyhalo,Umiestnite nabíjaciu základňu mimo no-go zónu a skúste to znova,Nie udało się wygenerować ścieżki w trybie siatki segmentowanej,"Proszę przenieść stację ładowania w miejsce, które nie pokrywa się z obszarem ograniczonym i spróbować ponownie",Kan het pad niet genereren in de gesegmenteerde rasters,Verplaats het laadstation naar een locatie die de no-go zone niet overlapt en probeer het opnieuw,Generering af adaptiv zigzag-sti mislykkedes,"Flyt ladestationen uden for no-go-zonen, og prøv igen",,,Det gick inte att generera adaptiv sicksackbana,Flytta laddstationen utanför no-go-zonen och försök igen,Adaptivno generiranje cikcak poti ni uspelo,"Prosimo, premaknite polnilno postajo izven območja prepovedane cone in poskusite znova",,,,,,,,,,,,,,,,,,,,
1140,3,navigation,STATE_1140,1,作业面积小于5平方米，无法保存,The task area is too small (〈5 square meters),Please create a task area larger than 5 square meters,作业面积小于5平方米，无法保存,请回撤路径或重新规划，确保新的规划面积大于5平方米,Die Aufgabenfläche ist kleiner als 5 Quadratmeter und kann nicht gespeichert werden,"Bitte ziehen Sie den Pfad zurück oder planen Sie neu, um sicherzustellen, dass die neue geplante Fläche größer als 5 Quadratmeter ist","La surface de la tâche est inférieure à 5 mètres carrés, impossible d‘enregistrer",Veuillez revenir sur le chemin ou revoir la planification afin de vous assurer que la nouvelle superficie prévue est supérieure à 5 mètres carrés,"L‘area dell‘attività è inferiore a 5 metri quadrati, impossibile salvare",Si prega di ritrattare il percorso o ripianificare per garantire che la nuova area pianificata sia superiore a 5 metri quadrati,,,"El área de la tarea es menor a 5 metros cuadrados, no se puede guardar","Por favor, retroceda la ruta o replanifique para asegurarse de que el nuevo área planificada sea mayor a 5 metros cuadrados",Oblast sečení je příliš malá (〈5 m2),Vytvořte oblast sečení větší než 5 m2,,,Oblasť kosenia je príliš malá (〈5 m2),Vytvorte oblasť kosenia väčšiu ako 5 m2,"Powierzchnia zadania jest mniejsza niż 5 metrów kwadratowych, nie można zapisać","Proszę cofnąć trasę lub zaplanować ponownie, upewniając się, że nowo zaplanowany obszar jest większy niż 5 metrów kwadratowych","Het taakgebied is minder dan 5 vierkante meter, kan niet worden opgeslagen.",Ga terug naar het pad of bekijk de planning om zeker te zijn dat het nieuwe geplande gebied groter is dan 5 vierkante meter.,Opgaveområdet er for lille (〈5 kvadratmeter),"Opret et opgaveområde, der er større end 5 kvadratmeter",,,Klippningsområdet är för litet (〈5 kvadratmeter),Skapa ett klippningsområde som är större än 5 kvadratmeter,Območje opravila je premajhno (〈5m2),"Prosimo, ustvarite delovno površino, večjo od 5 m2",,,,,,,,,,,,,,,,,,,,
1141,3,navigation,STATE_1141,1,地图规划过程中进行充电导致规划失败,The task area mapping failed due to charging,,地图规划过程中进行充电导致规划失败,,Das Aufladen während des Kartenplanungsprozesses führte zum Scheitern der Planung,,La recharge pendant le processus de planification de la carte a entraîné un échec de la planification,,La ricarica durante il processo di pianificazione della mappa ha causato un fallimento della pianificazione,,,,La carga durante el proceso de planificación del mapa provocó un fallo en la planificación,,Plánování oblasti sečení selhalo kvůli nabíjení,,,,Plánovanie oblasti kosenia zlyhalo kvôli nabíjaniu,,Ładowanie podczas procesu planowania mapy spowodowało niepowodzenie planowania,,Herladen tijdens het kaartplanningsproces resulteerde in een planningsfout.,,Opgaveområdetilknytningen mislykkedes på grund af opladning,,,,Kartläggningen av aktivitetsområde misslyckades på grund av laddning,,Preslikava območja opravil ni uspela zaradi polnjenja,,,,,,,,,,,,,,,,,,,,,
1142,3,navigation,STATE_1142,1,Robot工作状态异常,Status error of robot,Please try it again after restart,Robot工作状态异常,请重启Robot后再试,Roboters Arbeitszustandsumschaltung ist abnorm,Bitte starten Sie Roboter neu und versuchen Sie es erneut,Le changement d‘état de travail de robot est anormal,Veuillez redémarrer robot et réessayer,La transizione dello stato di lavoro di robot è anomala,Si prega di riavviare robot e riprovare,,,El cambio de estado laboral de robot es anormal,"Por favor, reinicia robot y vuelve a intentarlo",Robot stavová chyba,Restartujte robot a zkuste to znova,,,Robot stavová chyba,Reštartujte robot a skúste to znova,Przełączanie się stanu pracy przez robot jest nietypowe,Proszę zrestartować robot i spróbować ponownie,Robot's werkstatusverandering is abnormaal,Start robot opnieuw op en probeer het opnieuw.,Statusfejl af robot,Prøv det igen efter genstart,,,Statusfel för robot,Försök igen efter omstart,Statusna napaka robot,Po ponovnem zagonu poskusite znova,,,,,,,,,,,,,,,,,,,,
1143,3,navigation,STATE_1143,1,充电桩重置失败,Charging station relocation failed,Place the robot on the charging station to charge and do not move the robot or the charging station when relocating,充电桩重置失败,请重试，重置充电桩过程中请勿移动Robot或充电桩,Das Zurücksetzen der Ladestation ist fehlgeschlagen,Bitte versuchen Sie es erneut. Bewegen Sie Roboter oder die Ladestation während des Rücksetzvorgangs nicht,La réinitialisation de la borne de recharge a échoué,Veuillez réessayer. Ne déplacez pas robot ou la borne de recharge pendant le processus de réinitialisation,Il ripristino della stazione di ricarica è fallito,"Si prega di riprovare. Durante il processo di reset, non spostare robot o la stazione di ricarica",,,La reinicialización del punto de carga ha fallado,"Por favor, inténtelo de nuevo. No mueva a robot ni la estación de carga durante el proceso de reinicio",Přemístění nabíjecí základny se nezdařilo,Nechte robot zajet do nabíjecí základny. V průběhu přemísťování nehýbejte s robot ani nabíjecí základnou,,,Premiestnenie nabíjacej základne zlyhalo,Nechajte robot zájsť do nabíjacej základne. Počas premiestňovania nehýbte s robot ani nabíjacou základňou,Resetowanie stacji ładowania nie powiodło się,Proszę spróbować ponownie. Podczas procesu resetowania nie poruszaj robot ani stacją ładowania,Reset van het laadstation is mislukt.,Probeer het opnieuw. Verplaats robot of het laadstation niet tijdens het resetproces,Flytning af ladestation mislykkedes,"Placer robotten på ladestationen for at oplade, og flyt ikke robotten eller ladestationen, når du flytter",,,Det gick inte att flytta laddstationen,Placera roboten på laddstationen för att ladda och flytta inte roboten eller laddstationen när du flyttar,Prestavitev polnilne postaje ni uspela,Postavite robot na polnilno postajo za polnjenje in ne premikajte robot ali polnilne postaje pri premeščanju,,,,,,,,,,,,,,,,,,,,
1144,3,navigation,STATE_1144,1,回撤保存失败,The modification failed,Control the robot to the original perimeter to save the modification,回撤保存失败,控制Robot重新回到线上即可自动保存本次修改,Fehler beim Speichern des Änderungsrückgängigmachens,"Kontrollieren Sie Roboter, um zur Linienstrecke zurückzukehren, und die Änderungen werden automatisch gespeichert",Échec de la sauvegarde de l‘annulation de la modification,Contrôlez robot pour revenir sur le segment de ligne et les modifications seront automatiquement enregistrées,Salvataggio della modifica revocata non riuscito,Controlla che robot torni sul segmento di linea e le modifiche verranno salvate automaticamente,,,Error al guardar la reversión de la modificación,Controla a robot para regresar al segmento de línea y los cambios se guardarán automáticamente,Úprava selhala,Ovládejte robot do výchozího bodu pro uložení úpravy,,,Úprava zlyhala,Ovládajte robot do východiskového bodu pre uloženie úpravy,Nie udało się zapisać cofniętej modyfikacji,"Skontroluj, czy robot wraca na odcinek linii, a zmiany zostaną automatycznie zapisane",Kan de wijziging niet opslaan,"Controleer robot om terug te keren naar het lijnsegment, wijzigingen worden automatisch opgeslagen",Ændringen mislykkedes,Kontroller robotten til den oprindelige omkreds for at gemme ændringen,,,Ändringen misslyckades,Styr roboten till den ursprungliga omkretsen för att spara modifieringen,Sprememba ni uspela,"Nadzirajte robot na prvotni obseg, da shranite spremembo",,,,,,,,,,,,,,,,,,,,
1145,3,common,STATE_1145,1,禁区录制的起点在边界外,The robot is outside the task area,Please control the robot into the task area to map the no-go zone,禁区录制的起点在边界外,请在边界内启动录制禁区,Der Roboter befindet sich außerhalb des Aufgabenbereichs,"Bitte steuern Sie den Roboter in den Aufgabenbereich, um eine Sperrzone zu kartieren",Le robot est en dehors de la zone de tâche,Veuillez contrôler le robot dans la zone de tâche pour cartographier une zone interdite,Il robot è al di fuori dell'area di lavoro,Si prega di controllare il robot nell'area di lavoro per mappare una zona off-limits,,,El robot está fuera del área de tarea,"Por favor, controle el robot en el área de tarea para mapear una zona restringida",Robot je mimo oblast úkolu,"Prosím, ovládněte robota do oblasti úkolu, aby byla zakreslena nesmírná zóna",,,Robot je mimo oblasť úlohy,"Prosím, ovládajte robota na úložné miesto, aby ste mapovali nesmieťovú zónu",Robot jest poza obszarem zadania,"Proszę kontrolować robota w obszarze zadania, aby zmapować strefę zakazu",Het startpunt van de opname ligt buiten de grens.,Start de opname verboden zone binnen de grens,Robotten er uden for opgaveområdet,Styr robotten ind i opgaveområdet for at kortlægge en no-go zone,,,Roboten befinner sig utanför arbetsområdet,Vänligen styr roboten till aktivitetsområdet för att kartlägga en no-go-zon,Izhodišče posnetka je zunaj meje.,Začnite znotraj meje.,,,,,,,,,,,,,,,,,,,,
1146,3,common,STATE_1146,1,新边界可能存在窄口,There is a narrow opening in the new task area that is narrower than the robot,Please ensure the narrow opening is at least as wide as the robot,新边界可能存在窄口,录制的边尽量保持与其他边有一个机身宽的距离,"Im neuen Aufgabenbereich gibt es eine enge Öffnung, die enger ist als der Roboter","Bitte stellen Sie sicher, dass die schmale Öffnung mindestens so breit ist wie der Roboter",Il y a une ouverture étroite dans la nouvelle zone de tâche qui est plus étroite que le robot,Veuillez vous assurer que l'ouverture étroite est au moins aussi large que le robot,Nella nuova area di lavoro c'è un'apertura stretta più stretta del robot,Si prega di assicurarsi che l'apertura stretta sia almeno larga quanto il robot,,,Hay una abertura estrecha en el nuevo área de tarea que es más estrecha que el robot,"Por favor, asegúrese de que la abertura estrecha sea al menos tan ancha como el robot","V nové oblasti úkolu je úzký otvor, který je užší než robot","Ujistěte se, prosím, že úzký otvor je alespoň tak široký jako robot",,,"V novej úlohovej oblasti je úzky otvor, ktorý je užší ako robot","Prosím, uistite sa, že úzky otvor je aspoň tak široký ako robot","W nowym obszarze zadania jest wąski otwór, który jest węższy niż robot","Proszę upewnij się, że wąski otwór jest co najmniej tak szeroki jak robot",Nieuwe grens kan een smalle mond hebben,Houd de opgenomen randen zo ver mogelijk op grote afstand van de andere randen.,"Der er en smal åbning i det nye opgaveområde, der er smallere end robotten","Sørg for, at den smalle åbning er mindst lige så bred som robotten",,,Det finns en smal öppning i det nya klippningsområdet som är smalare än roboten,Se till att den smala öppningen är minst lika bred som roboten,Nova meja ima lahko ozko usta.,Zabeležene robove se čim bolj oddaljuje od ostalih robov.,,,,,,,,,,,,,,,,,,,,
1147,3,common,STATE_1147,1,录制的禁区可能存在窄口等不合法的操作,There is a narrow protrusion in the no-go zone that is narrower than the robot,Please ensure the narrow protrusion is at least as wide as the robot,录制的禁区可能存在窄口等不合法的操作,录制的边尽量保持与其他边有一个机身宽的距离,"In der Sperrzone gibt es einen schmalen Vorsprung, der schmaler ist als der Roboter","Stellen Sie bitte sicher, dass der schmale Vorsprung mindestens so breit ist wie der Roboter",Il y a une saillie étroite dans la zone interdite qui est plus étroite que le robot,Veuillez vous assurer que la saillie étroite est au moins aussi large que le robot,C'è una stretta sporgenza nella zona vietata che è più stretta del robot,Assicurati che la sporgenza stretta sia almeno larga quanto il robot,,,Hay una protuberancia estrecha en la zona restringida que es más estrecha que el robot,Asegúrese de que la protuberancia estrecha sea al menos tan ancha como el robot,"V nesmírné zóně je úzký výstupek, který je užší než robot","Ujistěte se, že úzký výstupek je alespoň stejně široký jako robot",,,"V nesmieťovej zóne je úzka vyčnievajúca časť, ktorá je užšia ako robot","Uistite sa, že úzka výstupka má aspoň rovnakú šírku ako robot","W strefie zakazu jest wąska wystająca część, która jest węższa niż robot","Upewnij się, że wąskie występy są przynajmniej tak szerokie jak robot","Er kunnen illegale operaties zijn, zoals smalle openingen in het geregistreerde beperkte gebied.",Houd de opgenomen randen zo ver mogelijk op grote afstand van de andere randen.,"Der er et smalt fremspring i no-go-zonen, der er smallere end robotten","Sørg for, at det smalle fremspring er mindst lige så bredt som robotten",,,Det finns ett smalt utsprång i no-go-zonen som är smalare än roboten,Se till att det smala utsprånget är minst lika brett som roboten,"Obstajajo lahko nezakonite operacije, kot so ozke odprtine na zabeleženem območju omejenega območja.",Zabeležene robove se čim bolj oddaljuje od ostalih robov.,,,,,,,,,,,,,,,,,,,,
1148,3,common,STATE_1148,1,生成的集叶点数量超过该区域最大限制,The number of dumping spot has exceeded the upper limit,Please delete some of the existing dumping spots and try again,生成的集叶点数量超过该区域最大限制,请删除部分集叶点后，再尝试添加,Die Anzahl der Abwurfstellen hat das obere Limit überschritten,Bitte löschen Sie einige der vorhandenen Abwurfstellen und versuchen Sie es erneut,Le nombre de points de décharge a dépassé la limite supérieure,Veuillez supprimer certains des points de décharge existants et réessayer,Il numero di punti di scarico ha superato il limite massimo,Si prega di eliminare alcuni dei punti di scarico esistenti e riprovare,,,El número de puntos de vertido ha excedido el límite superior,"Por favor, elimine algunos de los puntos de vertido existentes e inténtelo de nuevo",Počet vypouštěcích míst překročil horní limit,Smažte některé stávající místa na vykládání a zkuste to znovu,,,Počet miest na vykladanie prekročil horný limit,Prosím vymažte niektoré existujúce miesta na vykladanie a skúste to znova,Liczba miejsc zrzutu przekroczyła górny limit,Proszę usunąć część istniejących miejsc zrzutu i spróbować ponownie,Het aantal gegenereerde bladverzamelpunten overschrijdt de maximale limiet voor dit gebied,Verwijder enkele bladpunten en probeer ze opnieuw toe te voegen.,Antallet af aflæsningspladser har overskredet den øvre grænse,"Slet nogle af de eksisterende pladser, og prøv igen",,,Antalet dumpningsplatser har överskridit den övre gränsen,Ta bort några av de befintliga dumpningsplatserna och försök igen,Število ustvarjenih mest zbiranja listov presega najvišjo omejitev za to območje,"Prosimo, izbrišite nekaj točk listov in jih poskusite ponovno dodati.",,,,,,,,,,,,,,,,,,,,
1149,3,common,STATE_1149,3,,The dumping spot is too close to the perimeter,Please set the dumping spot at a distance of at least 1.5 meters from the perimeter to prevent collision with the obstacles in the perimeter,集草点离边界太近,设置集草点请保持与边界有1.5m的距离，以保证卸草时不会撞到边界上的障碍物,Die Ablaufstelle ist zu nah am Umfang,"Bitte stellen Sie die Ablaufstelle in einem Abstand von mindestens 1,5 Metern vom Umfang her, um Kollisionen mit den Hindernissen im Umkreis zu vermeiden",Le point de déversement est trop proche du périmètre,"Veuillez placer le point de déversement à au moins 1,5 m du périmètre pour éviter les collisions avec les obstacles du périmètre",,,,,,,,,,,,,,,,,,,,,,,,,,,,,,,,,,,,,,,,,,,,
1150,3,common,STATE_1150,1,生成集叶点的连通路径失败,The channel to the dumping spot failed to generate,Please set a dumping spot again,生成集叶点的连通路径失败,请重新录制集叶点,Die Verbindung zur Abwurfstelle konnte nicht generiert werden,Bitte legen Sie erneut eine Abwurfstelle fest,La connexion vers le point de décharge n'a pas pu être créée,Veuillez définir à nouveau un point de décharge,Non è stato possibile generare il collegamento al punto di scarico,Si prega di impostare nuovamente un punto di scarico,,,No se pudo generar el canal hasta el punto de vertido,"Por favor, configure nuevamente un punto de vertido",Nepodařilo se vytvořit kanál k místu pro vykládku,Prosím nastavte znovu místo pro vykládku,,,Nepodarilo sa vygenerovať kanál ku miestu na vykladanie,Prosím nastavte znova miesto na vykladanie,Nie udało się wygenerować kanału do miejsca zrzutu,Proszę ponownie ustawić miejsce zrzutu,Het genereren van het verbonden pad van het bladverzamelpunt is mislukt,Gelieve het bladinzamelingspunt opnieuw op te nemen,Vejen til dumpingstedet kunne ikke generere,Indstil venligst et aflæsningssted igen,,,vägen till dumpningsplatsen kunde inte genereras,Vänligen ange en dumpningsplats igen,Ni uspelo ustvariti povezane poti zbirne točke lista,"Prosim, ponovno zabeležite točko zbiranja listov.",,,,,,,,,,,,,,,,,,,,
1151,3,common,STATE_1151,1,生成集叶点在虚拟墙里面,The dumping spot is set in a no-go zone,Please do not set a dumping spot in a no-go zone,生成集叶点在虚拟墙里面,请不要在虚拟墙内录制集叶点,Die Abwurfstelle befindet sich in einer Sperrzone,Bitte setzen Sie keine Abwurfstelle in einer Sperrzone,Le point de décharge est situé dans une zone interdite,Veuillez ne pas définir de point de décharge dans une zone interdite,Il punto di scarico è stato impostato in una zona non consentita,Si prega di non impostare un punto di scarico in una zona non consentita,,,El punto de vertido está configurado en una zona restringida,"Por favor, no establezca un punto de vertido en una zona restringida",Místo pro vykládku je nastaveno v nepovolené oblasti,Prosím nezakládejte místo pro vykládku v nepovolené oblasti,,,"Miesto na vykladanie je nastavené v zóne, do ktorej nie je povolený vstup","Prosím neumiestňujte miesto na vykladanie do zóny, kam nie je povolený vstup",Miejsce zrzutu zostało ustawione w strefie zakazanej,Proszę nie ustalać miejsca zrzutu w strefie zakazanej,Genereer bladpunt binnen virtuele muur,Gelieve geen bladverzamelpunten in de virtuele muur op te nemen,Aflæsningspladsen ligger i en no-go zone,Sæt venligst ikke en aflæsningsplads i en no-go zone,,,Dumpningsplatsen är placerad i en no-go-zon,Ange inte en dumpningsplats i en no-go-zon,Ustvarite točko lista,"Prosimo, ne beležite točk zbiranja listov znotraj virtualne stene",,,,,,,,,,,,,,,,,,,,
1152,3,common,STATE_1152,1,新虚拟墙包含了集叶点,The no-go zone covers a dumping spot,Please do not set a dumping spot in a no-go zone,新虚拟墙包含了集叶点,请不要在录制禁区的时候包围集叶点,Die Sperrzone umfasst einen Abwurfpunkt,Bitte setzen Sie keine Abwurfstelle in einer Sperrzone,La zone interdite couvre un point de décharge,Veuillez ne pas définir de point de décharge dans une zone interdite,La zona non consentita copre un punto di scarico,Si prega di non impostare un punto di scarico in una zona non consentita,,,La zona restringida cubre un punto de vertido,"Por favor, no establezca un punto de vertido en una zona restringida","Zóna, kam není povolený vstup, zahrnuje místo pro vykládku",Prosím nezakládejte místo pro vykládku v nepovolené oblasti,,,"Zóna, do ktorej nie je povolený vstup, pokrýva miesto na vykladanie","Prosím neumiestňujte miesto na vykladanie do zóny, kam nie je povolený vstup",Strefa zakazana obejmuje miejsce zrzutu,Proszę nie ustalać miejsca zrzutu w strefie zakazanej,De nieuwe virtuele muur bevat verzamelpunten voor bladeren,Gelieve het bladverzamelpunt niet te omringen bij het opnemen van het beperkte gebied.,No-go-zonen dækker et aflæsningssted,Sæt venligst ikke en aflæsningsplads i en no-go zone,,,No-go-zonen täcker en dumpningsplats,Ange inte en dumpningsplats i en no-go-zon,Nova virtualna stena vsebuje mesta zbiranja listov.,"Prosimo, ne obkrožajte mesta zbiranja listov pri beleženju omejenega območja.",,,,,,,,,,,,,,,,,,,,
1153,3,common,STATE_1153,1,集草点离禁区距离小于给定阈值,The distance between a dumping spot and a no-go zone is less than the minimum limit,Please do not set a dumping spot near a no-go zone,集草点离禁区距离小于给定阈值,请不要将集叶点放置在禁区附近,Der Abstand zwischen einem Abladeplatz und einer Sperrzone ist kleiner als das Mindestmaß,Bitte setzen Sie keinen Abladeplatz in der Nähe einer Sperrzone,La distance entre un point de décharge et une zone interdite est inférieure à la limite minimale,Veuillez ne pas définir de point de décharge près d'une zone interdite,La distanza tra un punto di scarico e una zona non consentita è inferiore al limite minimo,Si prega di non impostare un punto di scarico vicino a una zona non consentita,,,La distancia entre un punto de vertido y una zona restringida es inferior al límite mínimo,"Por favor, no establezca un punto de vertido cerca de una zona restringida",Vzdálenost mezi místem pro vykládku a nepovolenou oblastí je menší než minimální limit,Prosím neumisťujte místo pro vykládku poblíž nepovolené oblasti,,,"Vzdialenosť medzi miestom na vykladanie a zónou, kam nie je povolený vstup, je menšia ako minimálny limit","Prosím neumiestňujte miesto na vykladanie blízko zóne, kam nie je povolený vstup",Odległość między miejscem zrzutu a strefą zakazaną jest mniejsza niż minimalny limit,Proszę nie ustalać miejsca zrzutu w pobliżu strefy zakazanej,De afstand van het grasinzamelpunt tot het beperkte gebied is minder dan de gegeven drempel.,Plaats geen bladverzamelpunten in de buurt van beperkte gebieden,Afstanden mellem en aflæsningsplads og en no-go-zone er mindre end minimumsgrænsen,Lav ikke et aflæsningsested i nærheden af en no-go zone,,,Avståndet mellan en dumpningsplats och en no-go-zon är mindre än minimigränsen,Placera inte en dumpningsplats nära en no-go-zon,Razdalja od točke trave do omejenega območja je manjša od danega praga.,"Prosimo, ne postavljajte mest za zbiranje listov v bližini omejenih območij",,,,,,,,,,,,,,,,,,,,
1154,3,common,STATE_1154,1,车的位置在集叶点附近,The robot is too close to a dumping spot,Please do not control the robot to go through or get close to a dumping spot while mapping,车的位置在集叶点附近,在录制的过程中，请不要将车穿过或者靠近附近的集草点,Der Roboter ist zu nah an einem Abladeplatz,"Bitte steuern Sie den Roboter nicht durch oder in die Nähe eines Abladeplatzes, während er eine Karte erstellt",Le robot est trop proche d'un point de décharge,Veuillez ne pas contrôler le robot pour qu'il passe par un point de décharge ou s'en approche pendant la cartographie,Il robot è troppo vicino a un punto di scarico,Si prega di non controllare il robot affinché attraversi o si avvicini a un punto di scarico durante la mappatura,,,El robot está demasiado cerca de un punto de vertido,"Por favor, no controle el robot para que pase por o se acerque a un punto de vertido mientras mapea",Robot je příliš blízko místu pro vykládku,"Při mapování prosím nekontrolujte robota, aby procházel nebo se přibližoval k místu pro vykládku",,,Robot je príliš blízko miestu na vykladanie,"Počas mapovania neovládajte robota, aby prešiel cez alebo sa priblížil k miestu na vykladanie",Robot jest zbyt blisko miejsca zrzutu,"Proszę nie sterować robotem, aby przechodził przez lub zbliżał się do miejsca zrzutu podczas tworzenia mapy",De positie van de auto bevindt zich in de buurt van het bladverzamelpunt.,Tijdens de opname dient u de auto niet door of in de buurt van het verzamelpunt van het gras te passeren.,Robotten er for tæt på et aflæsningssted,Kontroller ikke robotten til at gå igennem eller komme tæt på et aflægningssted under kortlægning,,,Roboten är för nära en dumpningsplats,Vänligen kontrollera inte roboten att gå igenom eller komma nära en dumpningsplats under kartläggning,Položaj avtomobila je blizu točke zbiranja listov.,"Med snemanjem, prosim, ne prehajajte avtomobila skozi ali blizu mesta za zbiranje trave.",,,,,,,,,,,,,,,,,,,,
1155,3,common,STATE_1155,1,录制的边界不能包含其他边界的禁区,The task area mapping should not cover the existing no-go zone,Please maintain a proper distance between a task area and an existing no-go zone while mapping a new task area,录制的边界不能包含其他边界的禁区,录制的边界时，请保持与其他边界禁区的距离,Die Kartierung des Arbeitsbereichs sollte die vorhandene Sperrzone nicht abdecken,Bitte halten Sie beim Kartieren des neuen Arbeitsbereichs einen angemessenen Abstand zwischen dem Arbeitsbereich und einer bestehenden Sperrzone ein,La cartographie de la zone de tâches ne devrait pas couvrir la zone d'interdiction existante,Veuillez maintenir une distance appropriée entre la zone de tâches et une zone d'interdiction existante lors de la cartographie de la nouvelle zone de tâches,La mappatura dell'area di lavoro non dovrebbe coprire la zona di divieto esistente,Si prega di mantenere una distanza adeguata tra l'area di lavoro e una zona di divieto esistente durante la mappatura della nuova area di lavoro,,,El mapeo del área de tareas no debe cubrir la zona de exclusión existente,"Por favor, mantenga una distancia adecuada entre el área de la tarea y una zona de exclusión existente al mapear la nueva área de la tarea",Mapování pracovní oblasti by nemělo zahrnovat existující nepovolenou oblast,Při mapování nové pracovní oblasti prosím udržujte vhodnou vzdálenost mezi pracovní oblastí a existující nepovolenou oblastí,,,Mapovanie oblasti úloh by nemalo kryť existujúcu nepovolenú zónu,Pri mapovaní novej úlohy zachovajte primeranú vzdialenosť medzi úložiskom a existujúcou nepovolenou zónou,Mapowanie obszaru zadaniowego nie powinno obejmować istniejącej strefy zakazanej,Proszę zachować odpowiednią odległość między obszarem zadaniowym a istniejącą strefą zakazaną podczas mapowania nowego obszaru zadaniowego,Opgenomen grenzen mogen geen verboden zones voor andere grenzen bevatten,Houd bij het vastleggen van een grens afstand van andere grensuitsluitingszones,Opgaveområdekortlægningen bør ikke dække den eksisterende no-go-zone,"Hold en passende afstand mellem opgaveområdet og en eksisterende no-go zone, mens du kortlægger nyt opgaveområde",,,Klippningsområdeskartläggningen bör inte täcka den befintliga no-go-zonen,Vänligen upprätthåll ett korrekt avstånd mellan klippningsområdet och en befintlig no-go-zon medan du kartlägger nytt aktivitetsområde,Zabeležene meje ne smejo vsebovati prepovedanih con za druge meje,Pri beleženju meje je treba ohraniti oddaljenost od drugih območij za izključitev meje,,,,,,,,,,,,,,,,,,,,
1156,3,common,STATE_1156,1,录制的边界离其他边界的禁区太近或者穿过其他边界的禁区,The task area is too close to or crosses over an existing no-go zone,Please maintain a proper distance between a task area and an existing no-go zone while mapping a new task area,录制的边界离其他边界的禁区太近或者穿过其他边界的禁区,录制的边界时，请保持与其他边界禁区的距离,Der Arbeitsbereich ist zu nah an oder überschneidet sich mit einer bestehenden Sperrzone,Bitte halten Sie beim Kartieren des neuen Arbeitsbereichs einen angemessenen Abstand zwischen dem Arbeitsbereich und einer bestehenden Sperrzone ein,La zone de tâches est trop proche ou traverse une zone d'interdiction existante,Veuillez maintenir une distance appropriée entre la zone de tâches et une zone d'interdiction existante lors de la cartographie de la nouvelle zone de tâches,L'area di lavoro è troppo vicina o attraversa una zona di divieto esistente,Si prega di mantenere una distanza adeguata tra l'area di lavoro e una zona di divieto esistente durante la mappatura della nuova area di lavoro,,,El área de la tarea está demasiado cerca o cruza una zona de exclusión existente,"Por favor, mantenga una distancia adecuada entre el área de la tarea y una zona de exclusión existente al mapear la nueva área de la tarea",Pracovní oblast je příliš blízko k existující nepovolené oblasti nebo jí překračuje,Při mapování nové pracovní oblasti prosím udržujte vhodnou vzdálenost mezi pracovní oblastí a existující nepovolenou oblastí,,,Úložisko je príliš blízko alebo prekračuje existujúcu nepovolenú zónu,Pri mapovaní novej úlohy zachovajte primeranú vzdialenosť medzi úložiskom a existujúcou nepovolenou zónou,Obszar zadaniowy jest zbyt blisko lub przecina istniejącą strefę zakazaną,Proszę zachować odpowiednią odległość między obszarem zadaniowym a istniejącą strefą zakazaną podczas mapowania nowego obszaru zadaniowego,De geregistreerde grens is te dicht bij of overschrijdt de verboden zone van andere grenzen,Houd bij het vastleggen van een grens afstand van andere grensuitsluitingszones,Opgaveområdet er for tæt på eller krydser en eksisterende no-go zone,"Hold en passende afstand mellem opgaveområdet og en eksisterende no-go zone, mens du kortlægger nyt opgaveområde",,,Klippningsområdet är för nära eller korsar en befintlig no-go-zon,Vänligen upprätthåll ett korrekt avstånd mellan klippningsområdet och en befintlig no-go-zon medan du kartlägger nytt aktivitetsområde,Zabeležena meja je preblizu ali prečka prepovedano območje drugih mej,Pri beleženju meje je treba ohraniti oddaljenost od drugih območij za izključitev meje,,,,,,,,,,,,,,,,,,,,
1157,3,common,STATE_1157,1,新边界穿过集叶点,The new perimeter crosses over a dumping spot,Do not cross over a dumping spot while modifying the perimeter,新边界穿过集叶点,请不要在修改边界的时候穿过集叶点,Die neue Umfangslinie überschreitet eine Müllablagerungsstelle,"Überqueren Sie keine Müllablagerungsstelle, während Sie den Umfang ändern",Le nouveau périmètre traverse un lieu de dépôt,Ne traversez pas un lieu de dépôt en modifiant le périmètre,Il nuovo perimetro attraversa un punto di scarico,Non attraversare un punto di scarico durante la modifica del perimetro,,,El nuevo perímetro cruza un lugar de vertido,No cruce un lugar de vertido mientras modifica el perímetro,Nový obvod překračuje skládku,Při úpravě obvodu nepřekračujte skládku,,,Nový obvod prechádza cez miesto na vývoz odpadkov,Pri úprave obvodu nechoďte cez miesto na vývoz odpadkov,Nowy obwód przecina miejsce składowania odpadów,Nie przekraczaj miejsca składowania odpadów podczas modyfikowania obwodu,De nieuwe grens gaat door het bladinzamelpunt,Kruis het bladverzamelpunt niet bij het wijzigen van de grens.,Den nye omkreds krydser et aflæsningssted,"Kryds ikke over et aflæsningssted, mens du ændrer omkredsen",,,Den nya omkretsen korsar en dumpningsplats,Gå inte över en dumpningsplats när du ändrar omkretsen,Nova meja gre skozi točko zbiranja listov.,"Prosim, ne prečkajte točke zbiranja listov pri spremembi meje.",,,,,,,,,,,,,,,,,,,,
1158,3,common,STATE_1158,1,生成的新边界离集叶点太近,The new perimeter is too close to a dumping spot,Do not set the perimeter close to a dumping spot,生成的新边界离集叶点太近,请不要在集叶点附近修改边界,Der neue Umfang ist zu nah an einer Müllablagerungsstelle,Setzen Sie den Umfang nicht in der Nähe einer Müllablagerungsstelle,Le nouveau périmètre est trop proche d'un lieu de dépôt,Ne pas placer le périmètre à proximité d'un lieu de dépôt,Il nuovo perimetro è troppo vicino a un punto di scarico,Non posizionare il perimetro vicino a un punto di scarico,,,El nuevo perímetro está demasiado cerca de un lugar de vertido,No establezca el perímetro cerca de un lugar de vertido,Nový obvod je příliš blízko skládky,Nepokládejte obvod blízko místa na vývoz odpadkov,,,Nový obvod je príliš blízko miesta na vývoz odpadkov,Neumiestňujte obvod príliš blízko miesta na vývoz odpadkov,Nowy obwód jest zbyt blisko miejsca składowania odpadów,Nie ustawiaj obwodu blisko miejsca składowania odpadów,Gegenereerde nieuwe grens te dicht bij bladpunt,Wijzig de grens niet in de buurt van het bladverzamelpunt,Den nye omkreds er for tæt på et aflæsningssted,,,,Den nya omkretsen är för nära en dumpningsplats,Ställ inte omkretsen nära en dumpningsplats,Ustvarjena nova meja preblizu točke lista,Ne spreminjajte meje blizu točke zbiranja listov.,,,,,,,,,,,,,,,,,,,,
1159,3,common,STATE_1159,1,集叶点接近连通路径的端点,The dumping spot is too close to an existing channel,Do not set a dumping spot near an existing channel,集叶点接近连通路径的端点,请不要将集叶点放在连通路径的端点,Die Müllablagerungsstelle ist zu nahe an einem bestehenden Kanal,Setzen Sie keine Müllablagerungsstelle in der Nähe eines bestehenden Kanals,Le lieu de dépôt est trop proche d'un canal existant,Ne pas placer un lieu de dépôt près d'un canal existant,Il punto di scarico è troppo vicino a un canale esistente,Non posizionare un punto di scarico vicino a un canale esistente,,,El lugar de vertido está demasiado cerca de un canal existente,No establezca un lugar de vertido cerca de un canal existente,Místo na vývoz odpadků je příliš blízko existujícího kanálu,Nepokládejte místo na vývoz odpadků blízko existujícího kanálu,,,Miesto na vývoz odpadkov je príliš blízko existujúceho kanála,Neumiestňujte miesto na vývoz odpadkov blízko existujúceho kanála,Miejsce składowania odpadów jest zbyt blisko istniejącego kanału,Nie ustawiaj miejsca składowania odpadów w pobliżu istniejącego kanału,Het bladverzamelpunt nadert het eindpunt van het verbonden pad,,Aflæsningspladsen ligger for tæt på en eksisterende vej,Lav ikke et aflæsningssted i nærheden af en eksisterende vej,,,Dumpningsplatsen är för nära en befintlig väg,Placera inte en dumpningsplats nära en befintlig väg,Točka zbiranja listov se približuje končni točki povezane poti,Ne postavljajte odlagališča v bližini obstoječega kanala.,,,,,,,,,,,,,,,,,,,,
1160,3,common,STATE_1160,1,录制禁区的第一个点在重叠区域,The no-go zone is located in an overlapping area,Do not map a no-go zone in an overlapping area,录制禁区的第一个点在重叠区域,录制禁区时，请不要在区域重叠的地方录制,Die Sperrzone befindet sich in einem überlappenden Bereich,Nicht eine Sperrzone in einem überlappenden Bereich kartieren,La zone d'exclusion se trouve dans une zone de chevauchement,Ne pas cartographier une zone d'exclusion dans une zone de chevauchement,La zona vietata si trova in un'area sovrapposta,Non mappare una zona vietata in un'area sovrapposta,,,La zona restringida está ubicada en un área superpuesta,No mapear una zona restringida en un área superpuesta,Zóna s omezením je umístěna v překrývající se oblasti,Nepřidělujte oblast s omezením v překrývající se oblasti,,,Zóna s obmedzením sa nachádza v prekrývajúcej sa oblasti,Nezaznamenávajte oblasť s obmedzením v prekrývajúcej sa oblasti,Strefa zakazu znajduje się w obszarze nakładania się,Nie mapuj strefy zakazu w obszarze nakładania się,Noteer het eerste punt van de uitsluitingszone in het overlappende gebied,"Wanneer u beperkte gebieden opneemt, moet u niet registreren waar de gebieden elkaar overlappen",No-go-zonen er placeret i et overlappende område,Tilknyt ikke en no-go zone i et overlappende område,,,No-go-zonen ligger i ett överlappande område,Kartlägg inte en no-go-zon i ett överlappande område,"Zabeležite prvo točko območja izključitve na območju, ki se prekriva,","Pri beleženju omejenih območij, prosimo, ne zabeležite, kje se območja prekrivajo.",,,,,,,,,,,,,,,,,,,,
1161,3,common,STATE_1161,1,录制的禁区穿过了重叠区域,The no-go zone crosses over an overlapping area,Do not set a no-go zone in an overlapping area,录制的禁区穿过了重叠区域,录制禁区时，请不要穿过区域重叠的地方,Die Sperrzone verläuft über einen überlappenden Bereich,Setzen Sie keine Sperrzone in einem überlappenden Bereich,La zone d'exclusion traverse une zone de chevauchement,Ne pas définir une zone d'exclusion dans une zone de chevauchement,La zona vietata attraversa un'area sovrapposta,Non impostare una zona vietata in un'area sovrapposta,,,La zona restringida cruza sobre un área superpuesta,No establezca una zona restringida en un área superpuesta,Zóna s omezením překračuje překrývající se oblast,Nepokládejte zónu s omezením v překrývající se oblasti,,,Zóna s obmedzením prechádza cez prekrývajúcu sa oblasť,Neumiestňujte zónu s obmedzením do prekrývajúcej sa oblasti,Strefa zakazu przecina obszar nakładania się,Nie ustawiaj strefy zakazu w obszarze nakładania się,De geregistreerde uitsluitingszone liep door het overlappende gebied,Ga bij het opnemen van beperkte gebieden niet door gebieden waar ze elkaar overlappen,No-go-zonen krydser over et overlappende område,Indstil ikke en no-go-zone i et overlappende område,,,No-go-zonen korsar ett överlappande område,Ställ inte in en no-go-zon i ett överlappande område,"Zabeleženo območje izključitve, ki je potekalo prekrivajoče območje","Pri beleženju omejenih območij se ne prehajajte skozi območja, kjer se prekrivajo.",,,,,,,,,,,,,,,,,,,,
1162,3,common,STATE_1162,1,录制的集叶点在重叠区域,The dumping spot is in an overlapping area,Do not set a dumping spot in an overlapping area,录制的集叶点在重叠区域,请不要将集叶点放在重叠区域,Die Müllablagerungsstelle befindet sich in einem überlappenden Bereich,Setzen Sie keine Müllablagerungsstelle in einem überlappenden Bereich,Le lieu de dépôt se trouve dans une zone de chevauchement,Ne pas placer un lieu de dépôt dans une zone de chevauchement,Il punto di scarico si trova in un'area sovrapposta,Non posizionare un punto di scarico in un'area sovrapposta,,,El lugar de vertido está en un área superpuesta,No establezca un lugar de vertido en un área superpuesta,Místo na vývoz odpadků je v překrývající se oblasti,Nepokládejte místo na vývoz odpadků do překrývající se oblasti,,,Miesto na vývoz odpadkov sa nachádza v prekrývajúcej sa oblasti,Neumiestňujte miesto na vývoz odpadkov do prekrývajúcej sa oblasti,Miejsce składowania odpadów znajduje się w obszarze nakładania się,Nie ustawiaj miejsca składowania odpadów w obszarze nakładania się,Opgenomen bladpunten overlappen het gebied,Plaats geen bladverzamelpunten in overlappende gebieden,Aflæsningsstedet ligger i et overlappende område,Indstil ikke et aflæsningssted i et overlappende område,,,Dumpningsplatsen ligger i ett överlappande område,Placera inte en dumpningsplats i ett överlappande område,Zabeležene točke listov se prekrivajo površino,Ne postavljajte mest za zbiranje listov v prekrivajoča področja,,,,,,,,,,,,,,,,,,,,
1163,3,common,STATE_1163,1,新边界包含了其他区域集叶点,The new task area covers an existing dumping spot,Do not cover an existing dumping spot while mapping a new task area,新边界包含了其他区域集叶点,录制边界的时候，请不要包含其他区域的集草点,Das neue Aufgabengebiet umfasst einen bestehenden Abladeplatz,"Bedecken Sie keinen bestehenden Abladeplatz, während Sie ein neues Aufgabengebiet kartieren",La nouvelle zone de tâches couvre un site de décharge existant,Ne recouvrez pas un site de décharge existant lors de la cartographie d'une nouvelle zone de tâches,La nuova area di attività copre un punto di scarico esistente,Non coprire un punto di scarico esistente durante la mappatura di una nuova area di attività,,,La nueva área de tarea cubre un lugar de vertido existente,No cubra un lugar de vertido existente al mapear una nueva área de trabajo,Nová pracovní oblast pokrývá existující místo na vývoz odpadků,Nepokrývejte existující místo na vývoz odpadků při mapování nové pracovní oblasti,,,Nová pracovná oblasť pokrýva existujúce miesto na vývoz odpadkov,Nepokrývajte existujúce miesto na vývoz odpadkov pri mapovaní novej pracovnej oblasti,Nowy obszar zadań obejmuje istniejące miejsce składowania odpadów,Nie zasłaniaj istniejącego miejsca składowania odpadów podczas mapowania nowego obszaru zadań,De nieuwe grens bevat andere regio-set bladpunten,Neem bij het vastleggen van grenzen geen grasinzamelpunten op in andere gebieden.,Det nye opgaveområde dækker et eksisterende aflæsningssted,"Dæk ikke et eksisterende aflæsningssted, mens du kortlægger et nyt opgaveområde",,,Det nya arbetsområdet täcker en befintlig dumpningsplats,Täck inte över en befintlig dumpningsplats när du kartlägger ett nytt arbetsområde,Nova meja vsebuje druge regije postavite točke listov,"Pri beleženju mej, prosimo, ne vključite travnih mest za zbiranje trave na drugih območjih.",,,,,,,,,,,,,,,,,,,,
1164,3,common,STATE_1164,1,录制的集草点离待转区太近,The dumping spot is too close to the charging area,Do not set a dumping spot near the charging area,录制的集草点离待转区太近,请不要将集草点放在待转区附近,Der Müllabladeplatz ist zu nah am Ladebereich,Setzen Sie keine Müllabladeplatz in der Nähe des Ladebereichs,Le site de déchargement est trop proche de la zone de chargement,Ne pas placer un site de déchargement près de la zone de chargement,Il punto di scarico è troppo vicino all'area di carica,Non posizionare un punto di scarico vicino all'area di carica,,,El lugar de vertido está demasiado cerca del área de carga,No establezca un lugar de vertido cerca del área de carga,Odpadové místo je příliš blízko k místu nabíjení,Nepokládejte místo na vývoz odpadků blízko k místu nabíjení,,,Miesto na vývoz odpadkov je príliš blízko k miestu nabíjania,Neumiestňujte miesto na vývoz odpadkov blízko k miestu nabíjania,Miejsce składowania odpadów jest zbyt blisko obszaru ładowania,Nie ustawiaj miejsca składowania odpadów w pobliżu obszaru ładowania,Het geregistreerde bladverzamelpunt ligt te dicht bij het gebied om te worden overgebracht.,Plaats het bladverzamelpunt niet in de buurt van het over te brengen gebied.,Aflæsningspladsen ligger for tæt på opladningsområdet,Lav ikke et aflæsningssted i nærheden af opladningsområdet,,,Tömningsplatsen är för nära laddningsområdet,Placera inte en dumpningsplats nära laddningsområdet,"Zabeležena točka zbiranja listov je preblizu območja, ki ga je treba prenesti.","Prosimo, ne postavljajte mesta zbiranja listov v bližini območja, ki ga je treba prenesti.",,,,,,,,,,,,,,,,,,,,
1165,3,common,STATE_1165,1,在待转区里面录制了集叶点,The dumping spot is located in the charging area,Do not set a dumping spot in the charging area,在待转区里面录制了集叶点,请不要将集叶点放在待转区里面,Der Müllabladeplatz befindet sich im Ladebereich,Setzen Sie keine Müllabladeplatz im Ladebereich,Le site de déchargement est situé dans la zone de chargement,Ne pas placer un site de déchargement dans la zone de chargement,Il punto di scarico si trova nell'area di carica,Non posizionare un punto di scarico nell'area di carica,,,El lugar de vertido está ubicado en el área de carga,No establezca un lugar de vertido en el área de carga,Místo na vývoz odpadků se nachází v místě nabíjení,Nepokládejte místo na vývoz odpadků do místě nabíjení,,,Miesto na vývoz odpadkov sa nachádza v mieste nabíjania,Neumiestňujte miesto na vývoz odpadkov do miesta nabíjania,Miejsce składowania odpadów znajduje się w obszarze ładowania,Nie ustawiaj miejsca składowania odpadów w obszarze ładowania,Bladverzamelpunten worden geregistreerd in het te vervoeren gebied.,Plaats het bladafhaalpunt niet in de wachtruimte.,Aflægningspladsen ligger i opladningsområdet,Lav ikke et aflæsningssted i opladningsområdet,,,Tömningsplatsen finns i laddningsområdet,Placera inte en dumpningsplats i laddningsområdet,"Mesta zbiranja listov se zabeležijo na območju, ki se prenese.","Prosim, ne postavljajte mesta zbiranja listov v čakalno območje.",,,,,,,,,,,,,,,,,,,,
1166,3,common,STATE_1166,1,充电桩附近有集叶点,The dumping spot is too close to the charging station,Do not set a dumping spot near the charging station,充电桩附近有集叶点,请不要将集叶点放在充电桩附近,Der Müllabladeplatz ist zu nahe an der Ladestation,Setzen Sie keinen Müllabladeplatz in der Nähe der Ladestation,Le site de déchargement est trop proche de la station de charge,Ne pas placer un site de déchargement près de la station de charge,Il punto di scarico è troppo vicino alla stazione di ricarica,Non posizionare un punto di scarico vicino alla stazione di ricarica,,,El lugar de vertido está demasiado cerca de la estación de carga,No establezca un lugar de vertido cerca de la estación de carga,Místo na vývoz odpadků je příliš blízko k nabíjecí stanici,Nepokládejte místo na vývoz odpadků blízko k dobíjecí stanici,,,Miesto na vývoz odpadkov je príliš blízko k dobíjacej stanici,Neumiestňujte miesto na vývoz odpadkov blízko k dobíjacej stanici,Miejsce składowania odpadów jest zbyt blisko stacji ładowania,Nie ustawiaj miejsca składowania odpadów w pobliżu stacji ładowania,Bij de laadstapel bevindt zich een bladverzamelpunt.,Plaats het bladverzamelpunt niet in de buurt van de oplaadstapel,Aflægningspladsen er for tæt på ladestationen,Lav ikke et aflæsningssted i nærheden af ladestationen,,,Tömningsplatsen är för nära laddstationen,Placera inte en dumpningsplats nära laddstationen,V bližini polnjenja je mesto zbiranja listov.,"Prosim, ne postavljajte mesta zbiranja listov v bližini polnjenja.",,,,,,,,,,,,,,,,,,,,
1167,3,common,STATE_1167,1,卸放点创建失败,Failed to create a dumping spot,Please create a dumping spot at least 1 meter away from any channel,卸放点创建失败,请在离联通路径大于1米的位置创建卸放点,Die Entlade punkt erstellung schlug fehl,"Bitte erstellen Sie einen Entlade punkt, der größer als 1 Meter vom Unicom-Pfad entfernt ist",Échec de la création du point de déchargement,Veuillez créer un point de déchargement à plus de 1 mètre du chemin de connexion,Creazione del punto di scarico non riuscita,Si prega di creare un punto di rilascio a più di 1 m di distanza dal percorso di connessione,,,No se pudo crear el punto de descarga,Cree un punto de descarga a más de 1 metro de la ruta de Unicom,Vytvoření bodu vyložení selhalo,"Prosím, vytvořte drop point více než 1 m od připojovací cesty",,,Vytvorenie bodu vyloženia sa nepodarilo,"Prosím, vytvorte drop bod viac ako 1 m od cesty pripojenia",Nie powiodło się utworzenie punktu rozładowania,Proszę utworzyć punkt zrzutu w odległości większej niż 1 m od ścieżki połączenia,Ontlaadpunt maken mislukt,Maak een droppunt op meer dan 1 m afstand van het verbindingspad,Oprettelse af aflæsningspunkt mislykkedes,Opret venligst et droppunkt mere end 1 m væk fra tilslutningsstien,,,Misslyckades skapa avladdningspunkter,Vänligen skapa en släpp punkt mer än 1 m från anslutningsvägen,Ustvarjanje točke raztovarjanja ni uspelo,"Prosimo, ustvarite spustno točko, oddaljeno od povezave",,,,,,,,,,,,,,,,,,,,
1168,3,common,STATE_1168,1,定位差导致重置充电桩失败,The charging station relocation failed due to poor positioning signal,"When relocate the charging station, please ensure the RTK reference station works sound, no obstruction above the charging station, and the robot's positioning is good",定位差导致重置充电桩失败,请确保基站工作正常，并检查充电桩所在位置上空无遮挡，在机器人定位良好时重置充电桩,"Schlechte Position ierung führt dazu, dass das Zurücksetzen des Lades tapels fehlschlägt","Stellen Sie sicher, dass die Basisstation normal funktioniert, und überprüfen Sie, ob der Lades tapel nicht blockiert ist, und setzen Sie den Lades tapel zurück, wenn der Roboter gut positioniert ist",Un mauvais positionnement entraîne un échec de réinitialisation des piles de charge,Veuillez vous assurer que la station de base fonctionne normalement et vérifier l'emplacement de la pile de charge. Il n'y a pas d'obscurcissement et réinitialisez la pile de charge lorsque le robot est bien positionné.,Mancato ripristino della pila di ricarica a causa di uno scarso posizionamento,Assicurati che la stazione base funzioni normalmente e controlla che non ci sia riparo sopra la pila di ricarica e ripristina la pila di ricarica quando il robot è posizionato bene.,,,El mal posicionamiento hace que no se restablezca la pila de carga,"Asegúrese de que la estación base esté funcionando normalmente, verifique que la posición de la pila de carga no esté bloqueada y reinicie la pila de carga cuando el robot esté bien posicionado.",Selhání resetování nabíjení hromady v důsledku špatného umístění,"Ujistěte se, že základní stanice funguje normálně, a zkontrolujte, zda nad nabíjecí hromadou není žádný úkryt, a obnovte nabíječku, pokud je robot dobře umístěn.",,,Zlyhanie reset nabíjanie hromadu v dôsledku zlé polohovanie,"Uistite sa, že základná stanica funguje normálne, a skontrolujte, či nie je úkryt nad nabíjacou hromadou, a reset nabíjacie hromadu, keď je robot umiestnený dobre.",Brak resetowania stosu ładowania z powodu złego pozycjonowania,"Upewnij się, że stacja bazowa działa normalnie i sprawdź, czy nie ma osłony nad stosem ładowania, i zresetuj stos ładowania, gdy robot jest dobrze ustawiony.",Het niet resetten van de laadstapel door slechte positionering,"Zorg ervoor dat het basisstation normaal werkt, en controleer of er geen beschutting over de laadstapel is, en reset de laadstapel wanneer de robot goed is geplaatst.",Manglende nulstilling af opladningsbunken på grund af dårlig positionering,"Sørg for, at basestationen fungerer normalt, og tjek, at der ikke er noget ly over opladningsbunken, og nulstille opladningsbunken, når robotten er godt placeret.",,,Misslyckande att återställa laddhög på grund av dålig positionering,"Se till att basstationen fungerar normalt, och kontrollera att det inte finns något skydd över laddningshögen. och återställ laddningshögen när roboten är väl placerad.",Nepoklica ponastavitve polnjenja zaradi slabega položaja,"Prosimo, poskrbite, da bazna postaja deluje normalno, in preverite, da ni zaklonišča nad polnjenjem. in ponastavite polnilni kup, ko je robot dobro nameščen.",,,,,,,,,,,,,,,,,,,,
1169,3,common,STATE_1169,1,重置充电桩时删除了与充电桩相关的通道,"The charging station was moved, and its access channel was cleared",,充电桩位置变动，已删除充电桩与区域之间的通道,,Die Ladestation wurde versetzt und der Zugangspfad wurde gelöscht,,La station de charge a été déplacée et son chemin d'accès a été supprimé,,La stazione di ricarica è stata spostata e il suo percorso di accesso è stato rimosso,,,,La estación de carga fue movida y su ruta de acceso fue eliminada,,Nabíjecí stanice byla přesunuta a její přístupová cesta byla odstraněna,,,,Nabíjacia stanica bola presunutá a jej prístupová cesta bola odstránená,,"Stacja ładująca została przeniesiona, a jej ścieżka dostępu została usunięta",,Het oplaadstation is verplaatst en het toegangspad is verwijderd,,"Ladestationen blev flyttet, og dens adgangsvej blev ryddet",,"Stanica za punjenje je pomerena, a njen pristupni put je uklonjen",,Laddstationen har flyttats och dess åtkomstväg har rensats,,Polnilna postaja je bila premaknjena in njena dostopna pot je bila odstranjena,,A estação de carregamento foi movida e o seu caminho de acesso foi removido,,"A töltőállomást áthelyezték, és a hozzá vezető útvonal törölve lett",,"Stanica za punjenje je premještena, a njezin pristupni put je uklonjen",,"Ladestasjonen ble flyttet, og tilkomstveien ble fjernet",,"Latausasema siirrettiin, ja sen kulkureitti poistettiin",,"Stația de încărcare a fost mutată, iar calea de acces a fost ștearsă",,Зарядната станция беше преместена и достъпът до нея беше изчистен,,Laadimisjaam teisaldati ja selle juurdepääsutee eemaldati,,Uzlādes stacija tika pārvietota un tās piekļuves ceļš tika noņemts,,"Įkrovimo stotis buvo perkelta, o jos prieigos kelias pašalintas",
1170,3,common,STATE_1170,3,图案设计过于复杂,The pattern is too complex,Please simplify the pattern and retry,图案设计过于复杂,请简化图案设计后重试,Das Muster ist zu komplex,Bitte vereinfachen Sie das Muster und versuchen Sie es erneut,Le motif est trop compliqué,Veuillez simplifier le mode et réessayer,,,,,,,,,,,,,,,,,,,,,,,,,,,,,,,,,,,,,,,,,,,,
1171,3,common,STATE_1171,3,图案摆放位置不合理,The current pattern location is impractical,Please move the pattern to another location,图案摆放位置不合理,请重新调整图案的放置位置,Der aktuelle Musterort ist unpraktisch,Bitte verschieben Sie das Muster an einen anderen Ort,Position actuelle du motif irréaliste,Veuillez déplacer le motif vers un autre emplacement,,,,,,,,,,,,,,,,,,,,,,,,,,,,,,,,,,,,,,,,,,,,
1172,3,common,STATE_1172,3,图案尺寸过小,The pattern size is too small,Please increase the pattern size and retry,图案尺寸过小,请增大图案尺寸后重试,Die Mustergröße ist zu klein,Bitte vergrößern Sie die Mustergröße und versuchen Sie es erneut,La taille du motif est trop petite,Veuillez augmenter la taille du modèle et réessayer,,,,,,,,,,,,,,,,,,,,,,,,,,,,,,,,,,,,,,,,,,,,
1177,3,common,STATE_1177,3,,The number of patterns exceeds the upper limit,,放置图案的数量超过上限,,Die Anzahl der Muster überschreitet die obere Grenze,,Le nombre de motifs dépasse la limite supérieure,,,,,,,,,,,,,,,,,,,,,,,,,,,,,,,,,,,,,,,,,,,,,
1178,3,common,STATE_1178,3,,The new perimeter interfered with a pattern,Do not get close to or cross the pattern when mapping the perimeter,新的边界与图案存在冲突,录制边界时请不要贴近或穿越图案,Der neue Umfang störte ein Muster,"Gehen Sie nicht nahe an das Muster heran oder kreuzen Sie es nicht, wenn Sie den Umfang zuordnen",De nouvelles frontières interfèrent avec un motif,"Lorsque vous dessinez un périmètre, ne vous approchez pas ou ne traversez pas le motif",,,,,,,,,,,,,,,,,,,,,,,,,,,,,,,,,,,,,,,,,,,,
1179,3,common,STATE_1179,3,,The new no-go zone interfered with a pattern,Do not get close to or cross the pattern when mapping the no-go zone,新的禁区与图案存在冲突,录制禁区时请不要贴近或穿越图案,Die neue No-Go-Zone störte ein Muster,Gehen Sie beim Mappen der No-Go-Zone nicht nahe an das Muster heran oder kreuzen Sie es nicht.,La nouvelle zone interdite interfère avec un modèle,"Lorsque vous dessinez une zone interdite, ne vous approchez pas ou ne traversez pas le motif",,,,,,,,,,,,,,,,,,,,,,,,,,,,,,,,,,,,,,,,,,,,
1180,3,common,STATE_1180,3,,The new no-go zone interfered with a pattern,Do not cover or cross the pattern when mapping the no-go zone,新的禁区与图案存在冲突,录制禁区时请不要包围或穿越图案,Die neue No-Go-Zone störte ein Muster,Beim Mappen der No-Go-Zone darf das Muster nicht abgedeckt oder gekreuzt werden,La nouvelle zone interdite interfère avec un modèle,Ne pas couvrir ou traverser le motif lorsque vous dessinez une zone interdite,,,,,,,,,,,,,,,,,,,,,,,,,,,,,,,,,,,,,,,,,,,,
1181,3,common,STATE_1181,3,,The dumping spot mapping failed,Do not set the dumping spot inside a pattern,集草点设置失败,请不要将集草点放置在图案内部,Die Zuordnung der Dumpingplätze ist fehlgeschlagen,Setzen Sie die Ablaufstelle nicht in ein Muster,Dumppoint Mapping échoué,Ne définissez pas de point de basculement à l'intérieur du motif,,,,,,,,,,,,,,,,,,,,,,,,,,,,,,,,,,,,,,,,,,,,
1182,3,common,STATE_1182,3,,The new dumping spot interfered with a pattern,Do not set the dumping spot at the edge of the pattern,新的集草点与图案存在冲突,请不要在图案边缘上放置集草点,Die neue Ablaufstelle störte ein Muster,Stellen Sie die Ablaufstelle nicht am Rand des Musters ein,Un nouveau point de basculement interfère avec un modèle,Ne placez pas de point de basculement sur le bord du motif,,,,,,,,,,,,,,,,,,,,,,,,,,,,,,,,,,,,,,,,,,,,
1183,3,common,STATE_1183,3,,The new task area overlaps with a pattern in another area,Do not overlap the pattern in another area when mapping the new task area,新边界包含了其他区域的图案,规划新边界时请不要包含其他区域的图案,Der neue Aufgabenbereich überlappt sich mit einem Muster in einem anderen Bereich,"Überlappen Sie das Muster nicht in einem anderen Bereich, wenn Sie den neuen Aufgabenbereich zuordnen",Une nouvelle zone de tâche chevauche un modèle dans une autre zone,"Lorsque vous mappez une nouvelle zone de tâche, ne chevauchez pas les motifs dans d'autres zones",,,,,,,,,,,,,,,,,,,,,,,,,,,,,,,,,,,,,,,,,,,,
1184,3,common,STATE_1184,3,,Unable to place the charging station inside a pattern,Do not place the charging station inside a pattern,无法在图案中标记充电桩位置,请勿将充电桩放置在图案中,Die Ladestation kann nicht innerhalb eines Musters platziert werden,Platzieren Sie die Ladestation nicht in einem Muster,Impossible de placer la station de charge à l'intérieur du motif,Ne placez pas la station de charge à l'intérieur du motif,,,,,,,,,,,,,,,,,,,,,,,,,,,,,,,,,,,,,,,,,,,,
1185,3,common,STATE_1185,3,,Unable to place the charging station near a pattern,Do not place the charging station near a pattern,无法在图案附近标记充电桩位置,请勿将充电桩放置在图案中,Die Ladestation kann nicht in der Nähe eines Musters platziert werden,Platzieren Sie die Ladestation nicht in der Nähe eines Musters,Impossible de placer la station de charge près du motif,Ne placez pas la station de charge près du motif,,,,,,,,,,,,,,,,,,,,,,,,,,,,,,,,,,,,,,,,,,,,
1186,3,common,STATE_1186,3,区域图案数量超过上限,The number of patterns in the area exceeds the upper limit,,区域图案数量超过上限,,Die Anzahl der Muster im Bereich überschreitet die obere Grenze,,Le nombre de motifs dans la zone dépasse la limite supérieure,,,,,,,,,,,,,,,,,,,,,,,,,,,,,,,,,,,,,,,,,,,,,
1187,3,common,STATE_1187,3,当前状态无法编辑地图,Unable to edit the map,Please ensure the robot is ready and retry,当前状态无法编辑地图,请在READY状态下重试,Karte kann nicht bearbeitet werden,"Bitte stellen Sie sicher, dass der Roboter bereit ist und versuchen Sie es erneut",Impossible de modifier la carte,Assurez - vous que le robot est prêt et réessayez,,,,,,,,,,,,,,,,,,,,,,,,,,,,,,,,,,,,,,,,,,,,
1188,3,navigation,STATE_1188,1,录制数据处理异常，录制失败,Mapping failed,"Please remap the lawn. If the issue persists, contact after-sales support",录制数据处理异常，录制失败,请尝试重新录制，若多次录制失败，请联系售后,Kartieren fehlgeschlagen,"Bitte kartieren Sie den Rasen neu. Wenn das Problem weiterhin besteht, wenden Sie sich an den Kundendienst",Échec de la cartographie,"Veuillez cartographier la pelouse à nouveau. Si le problème persiste, contactez le service après-vente",Mappatura non riuscita,"Ripetere la mappatura del prato. Se i problemi persistono, contattare il servizio post-vendita",,,Fallo al crear el mapa,"Vuelva a crear el mapa del césped. Si el problema persiste, póngase en contacto con el servicio postventa",Mapování se nezdařilo,"Namapujte trávník znovu. Pokud problém přetrvává, obraťte se na poprodejní podporu",,,Mapovanie zlyhalo,"Znova vykonajte mapovanie trávnika. Ak problém pretrváva, obráťte sa na oddelenie podpory po predaji",Mapowanie nie powiodło się,"Ponów mapowanie trawnika. Jeżeli problem nie ustępuje, skontaktuj się z obsługą klienta",In kaart brengen mislukt,Breng het gazon opnieuw in kaart. Neem contact op met de klantenservice als het probleem aanhoudt,Kortlægning mislykkedes,"Kortlæg plænen igen. Kontakt kundesupport, hvis problemet vedvarer",Mapiranje nije uspelo,"Ponovo mapirajte travnjak. Ako se problem i dalje bude javljao, obratite se korisničkoj podršci",,Kartlägg gräsmattan igen. Kontakta kundsupport om problemet kvarstår,Ustvarjanje zemljevida ni uspelo,"Ponovno ustvarite zemljevid travnika. Če težave ne odpravite, se obrnite na poprodajno podporo",O mapeamento falhou,"Mapeie novamente o relvado. Se o problema persistir, contacte a assistência pós-venda",A feltérképezés sikertelen,"Térképezze fel újra a gyepet. Ha a probléma továbbra is fennáll, forduljon a vevőszolgálathoz",Mapiranje neuspješno,"Ponovno mapirajte travnjak. Ako to ne riješi problem, obratite se poslijeprodajnoj podršci",Kartlegging mislyktes,Kartlegg plenen på nytt. Kontakt ettersalgsstøtten hvis problemet vedvarer,Kartoitus epäonnistui,"Kartoita nurmikko uudelleen. Jos ongelma jatkuu, ota yhteyttä myynnin jälkeiseen tukeen",Mapare nereușită,"Remapați peluza. Dacă problema persistă, contactați serviciul de asistență post-vânzări",Неуспешно картографиране,"Картографирайте отново тревната площ. Ако проблемът продължава, потърсете екипа за обслужване на клиенти",Kaardistamine nurjus,"Kaardistage muruplats uuesti. Kui probleem püsib, võtke ühendust müügijärgse toega",Kartēšana neizdevās,"Veiciet zāliena kartēšanu no jauna. Ja problēma joprojām pastāv, sazinieties ar pēcpārdošanas atbalsta dienestu",Siejimas nepavyko,"Iš naujo susiekite veją. Jei problema išlieka, susisiekite su aptarnavimo komanda"
1189,3,navigation,STATE_1189,1,系统正在优化地图,System optimizing map,Please try again later,系统正在优化地图,请稍后再试,Das System optimiert die Karte,Bitte versuchen Sie es später noch einmal,Carte d'optimisation du système,Veuillez réessayer ultérieurement,Ottimizzazione della mappa da parte del sistema,Riprovare più tardi,,,Sistema optimizando mapa,Inténtelo de nuevo más tarde,Systém optimalizuje mapu,Zkuste to znovu později,,,Systém optimalizuje mapu,Skúste to znova neskôr,System optymalizuje mapę,Spróbuj później,Systeem optimaliseert kaart,Probeer het later opnieuw,Systemet optimerer kortet,Prøv igen senere,Mapa optimizacije sistema,Pokušajte ponovo kasnije,,Försök igen senare,Sistemski zemljevid za optimizacijo,Poskusite znova pozneje,Sistema a otimizar o mapa,Tente novamente mais tarde,A rendszer optimalizálja a térképet,Próbálja meg újra később,Sustav optimizira mapu,Pokušajte ponovo kasnije,Systemet optimaliserer kartet,Prøv igjen senere,Järjestelmän optimointikartta,Yritä uudelleen myöhemmin,Hartă de optimizare a sistemului,Vă rugăm încercați mai târziu,Системата оптимизира картата,Опитайте отново по-късно,Süsteemi optimeerimiskaart,Proovige hiljem uuesti,Sistēma optimizē karti,Vēlāk mēģiniet vēlreiz,Sistemos optimizavimo žemėlapis,Bandykite dar kartą vėliau
1190,3,navigation,STATE_1190,1,通道录制失败,Channel mapping failed,"Please remap the channel. If the issue persists, contact after-sales support",通道录制失败,请尝试重新录制，若多次录制失败，请联系售后,Kanal kartieren fehlgeschlagen,"Bitte kartieren Sie den Kanal neu. Wenn das Problem weiterhin besteht, wenden Sie sich an den Kundendienst",Échec de la cartographie du canal,"Veuillez cartographier le canal à nouveau. Si le problème persiste, contactez le service après-vente",Mappatura canale non riuscita,"Ripetere la mappatura del canale. Se i problemi persistono, contattare il servizio post-vendita",,,Fallo al crear el mapa del canal,"Vuelva a crear el mapa del canal. Si el problema persiste, póngase en contacto con el servicio postventa",Mapování kanálu se nezdařilo,"Namapujte kanál znovu. Pokud problém přetrvává, obraťte se na poprodejní podporu",,,Mapovanie kanála zlyhalo,"Znova vykonajte mapovanie kanála. Ak problém pretrváva, obráťte sa na oddelenie podpory po predaji",Błąd mapowania kanałów,"Ponów mapowanie kanałów. Jeżeli problem nie ustępuje, skontaktuj się z obsługą klienta",In kaart brengen kanaal mislukt,Breng het kanaal opnieuw in kaart. Neem contact op met de klantenservice als het probleem aanhoudt,Tilknytning af kanal mislykkedes,"Tilknyt kanalen igen. Kontakt kundesupport, hvis problemet vedvarer",Mapiranje kanala nije uspelo,"Ponovo mapirajte kanal. Ako se problem i dalje bude javljao, obratite se korisničkoj podršci",,Kartlägg kanalen igen. Kontakta kundsupport om problemet kvarstår,Ustvarjanje zemljevida kanala ni uspelo,"Ponovno ustvarite zemljevid kanala. Če težave ne odpravite, se obrnite na poprodajno podporo",Falha no mapeamento do canal,"Faça novamente o mapeamento do canal. Se o problema persistir, contacte a assistência pós-venda",A csatornák feltérképezése sikertelen,"Térképezze fel újra a csatornát. Ha a probléma továbbra is fennáll, forduljon a vevőszolgálathoz",Mapiranje kanala nije uspjelo,"Ponovno mapirajte kanal. Ako to ne riješi problem, obratite se poslijeprodajnoj podršci",Kanalkartlegging mislyktes,Kartlegg kanalen på nytt. Kontakt ettersalgsstøtten hvis problemet vedvarer,Kanavan kartoitus epäonnistui,"Kartoita kanava uudelleen. Jos ongelma jatkuu, ota yhteyttä myynnin jälkeiseen tukeen",Maparea canalului nu a reușit,"Vă rugăm remapați canalul. Dacă problema persistă, contactați serviciul de asistență post-vânzări",Неуспешно картографиране на коридор,"Картографирайте отново коридора. Ако проблемът продължава, потърсете екипа за обслужване на клиенти",Kanali kaardistamine nurjus,"Kaardistage kanal uuesti. Kui probleem püsib, võtke ühendust müügijärgse toega",Kanāla kartēšana neizdevās,"Veiciet kanāla kartēšanu no jauna. Ja problēma joprojām pastāv, sazinieties ar pēcpārdošanas atbalsta dienestu",Kanalo susieti nepavyko,"Iš naujo susiekite kanalą. Jei problema išlieka, susisiekite su aptarnavimo komanda"
1191,3,navigation,STATE_1191,1,录制的禁区与边界相交,No-go zone mapping failed due to overlap with lawn perimeters,Please maintain at least a 0.3-meter distance between the robot and lawn perimeters,录制的禁区与边界相交,录制禁区时，请确保机器与边界保持至少0.3m距离,No-Go-Zone kartieren aufgrund von Überschneidungen mit den Rasenkanten fehlgeschlagen,"Bitte halten Sie einen Mindestabstand von 0,3 m zwischen dem Roboter und der Rasenumgrenzung ein",La cartographie des zones interdites a échoué en raison d'un chevauchement avec les périmètres de la pelouse,"Veuillez maintenir une distance d'au moins 0,3 mètre entre le robot et le périmètre de la pelouse",La mappatura delle zone vietate non è andata a buon fine a causa della sovrapposizione con i perimetri del prato,"Mantenere una distanza minima di 0,3 metri tra il robot e il perimetro del prato",,,Fallo en la creación del mapa de la zona prohibida debido al solapamiento con los perímetros del césped,"Mantenga al menos una distancia de 0,3 metros entre el robot y los perímetros del césped",Mapování zakázané zóny se nezdařilo kvůli překrývání s obvody trávníku,"Zachovejte mezi robotem a obvody trávníku vzdálenost alespoň 0,3 metru",,,Mapovanie zakázanej zóny zlyhalo v dôsledku prekrytia s obvodmi trávnika,"Zachovávajte vzdialenosť najmenej 0,3 metra medzi robotom a obvodmi trávnika",Mapowanie strefy wyłączonej nie powiodło się z powodu zachodzenia na siebie granic trawników,"Zachowaj przynajmniej 0,3 metra odstępu pomiędzy robotem i granicami trawników",Het in kaart brengen van de verboden zones is mislukt vanwege overlap met de omtrek van het gazon,"Houd ten minste 0,3 meter afstand tussen de robot en de omtrek van het gazon",Kortlægning af forbudszone mislykkedes på grund af overlapning med plæneperimetre,"Hold en afstand på mindst 0,3 m mellem robotten og plæneperimetrene",Mapiranje zabranjene zone nije uspelo zbog preklapanja sa obimom travnjaka,"Napravite rastojanje od najmanje 0,3 metra između robota i obima travnjaka",,"Säkerställ ett avstånd på minst 0,3 meter mellan roboten och gräsmattans omkrets",Ustvarjanje zemljevida območij prepovedi premikanja ni bil uspešno ustvarjen zaradi prekrivanja z robovi trate,"Ohranite vsaj 0,3 metra razdalje med robotom in robovi trate",O mapeamento da zona interdita falhou devido à sobreposição com os perímetros do relvado,"Mantenha uma distância mínima de 0,3 metros entre o robô e os perímetros do relvado",A tiltott zóna feltérképezése nem sikerült a gyepterületekkel való átfedés miatt,"Tartson legalább 0,3 méteres távolságot a robot és a gyep pereme között",Nije uspjelo mapiranje zabranjene zone zbog preklapanja s rubom travnjaka,"Održavajte razmak od barem 0,3 metra između robota i rubova travnjaka",Kartlegging av forbudt sone mislyktes på grunn av overlapping med plenens yttergrenser,"Hold minst 0,3 meters avstand mellom roboten og plenens yttergrenser","No-go-vyöhykkeen kartoitus epäonnistui, koska se on päällekkäinen nurmikon reunojen kanssa","Pidä vähintään 0,3 metrin etäisyys robotin ja nurmikon reunojen välillä",Maparea zonei interzise nu a reușit din cauza suprapunerii perimetrelor de peluză,"Mențineți o distanță de cel puțin 0,3 metri între robot și perimetrele de peluză",Неуспешно картографиране на забранена зона поради припокриване с периметъра на тревната площ,"Поддържайте минимално разстояние от 0,3 метра между робота и периметъра на тревната площ","Keeluala kaardistamine nurjus, sest muruplatsi piirid kattuvad","Jätke roboti ja muruplatsi piiride vahel vähemalt 0,3 m ruumi",Neskartās zonas kartēšana neizdevās zāliena perimetru pārklāšanās dēļ,"Uzturiet vismaz 0,3 metru attālumu starp robotu un zāliena perimetriem",Draudžiamos zonos atvaizdavimas nepavyko dėl persidengimo su vejos perimetrais,"Palaikykite bent 0,3 metro atstumą tarp roboto ir vejos perimetrų"
1192,3,navigation,STATE_1192,1,定位不准，无法重置充电桩,Unable to perform Relocate Charging Station feature due to poor positioning signal,Please try again after the positioning signal improves,定位不准，无法重置充电桩,请尝试恢复定位之后再重置充电桩位置,Die Funktion Ladestation verlegen kann wegen eines schlechten Positionssignals nicht ausgeführt werden,"Bitte versuchen Sie es erneut, nachdem sich das Positionssignal verbessert hat",Impossible d'exécuter la fonction de déplacement de la station de charge en raison d'un mauvais signal de positionnement,Veuillez réessayer ultérieurement lorsque le signal de positionnement s'améliorera,Impossibile eseguire la funzione “Riposiziona stazione di ricarica” a causa di un segnale di posizionamento debole,Riprovare dopo che il segnale di posizionamento è migliorato,,,Imposible realizar la función Reubicar la estación de carga debido a una señal de posicionamiento deficiente,Inténtelo de nuevo cuando mejore la señal de posicionamiento,Funkci opětovného vyhledání nabíjecí stanice nelze provést kvůli slabému signálu polohy,"Zkuste to znovu, až bude signál polohy lepší",,,Nie je možné vykonať funkciu premiestnenia nabíjacej stanice v dôsledku slabého signálu zisťovania polohy,"Skúste to znova, keď sa zlepší signál zisťovania polohy",Nie można uruchomić funkcji ponownej lokalizacji stacji ładowania z powodu słabego sygnału lokalizacji,"Spróbuj ponownie, gdy sygnał lokalizacji będzie lepszy",De functie Laadstation verplaatsen kan niet worden uitgevoerd vanwege een slecht positioneringssignaal,Probeer het opnieuw wanneer het positioneringssignaal beter is,Kan ikke udføre funktionen Flyt ladestation på grund af dårligt positioneringssignal,"Prøv igen, når positioneringssignalet er bedre",Nije moguće izvršiti funkciju Promena mesta stanice za punjenje zbog lošeg signala za pozicioniranje,Pokušajte ponovo kada se signal za pozicioniranje poboljša,,Förbättra positioneringssignalen och försök sedan igen,Funkcije za premestitev polnilne postaje ni mogoče izvesti zaradi slabega signala za pozicioniranje,"Poskusite znova, ko se signal za pozicioniranje izboljša",Não é possível executar a funcionalidade Relocalizar estação de carregamento devido a um sinal de posicionamento fraco,Tente novamente quando o sinal de posicionamento melhorar,A töltőállomás áthelyezése funkciót nem lehetett végrehajtani a gyenge helyzetjel miatt,"Próbálja meg újra, miután a helyzetjel javult",Nije moguće obaviti promjenu položaja stanice za punjenje zbog slabog signala pozicioniranja,Pokušajte ponovno nakon što se poboljša signal pozicioniranja,Kan ikke utføre funksjonen for å flytte ladestasjonen på grunn av dårlig posisjoneringssignal,Prøv igjen etter at posisjoneringssignalet er forbedret,Latausaseman sijoittamista uudelleen ei voitu tehdä huonon paikannussignaalin takia,"Yritä uudelleen, kun paikannussignaali paranee",Nu se poate efectua caracteristica Relocare stație de încărcare din cauza semnalului de poziționare slab,Încercați din nou după ameliorarea semnalului,Функцията за повторно локализиране на станцията за зареждане не може да бъде изпълнена поради слаб сигнал за местоположение,"Опитайте отново, след като сигналът за местоположение се подобри","Laadimisjaama ümberpaigutamise funktsiooni ei saa kasutada, sest asukoha määramise signaal on nõrk","Proovige uuesti, kui asukoha määramise signaal on paranenud",Nespēj izpildīt Uzlādes stacijas pārvietošanas funkciju vāja pozicionēšanas signāla dēļ,"Mēģiniet vēlreiz, kad pozicionēšanas signāls būs labāks",Nepavyksta atlikti įkrovimo stotelės perkėlimo funkcijos dėl prasto padėties nustatymo signalo,"Pabandykite dar kartą, pagerėjus padėties nustatymo signalui"
1193,3,navigation,STATE_1193,1,录制连通路径失败,Channel mapping failed,"Please maintain at least a 0.3-meter distance between the robot and lawn perimeters, then try again",录制连通路径失败,请控制机器后退，与边界保持至少0.3m后重新开始录制,Kanal kartieren fehlgeschlagen,"Bitte halten Sie einen Abstand von mindestens 0,3 m zwischen dem Roboter und der Rasenumgrenzung ein und versuchen Sie es dann erneut",Échec de la cartographie du canal,"Veuillez maintenir une distance d'au moins 0,3 mètre entre le robot et le périmètre de la pelouse, puis réessayez",Mappatura canale non riuscita,"Mantenere una distanza minima di 0,3 metri tra il robot e il perimetro del prato, dopodiché riprovare",,,Fallo al crear el mapa del canal,"Mantenga al menos una distancia de 0,3 metros entre el robot y los perímetros del césped, después inténtelo de nuevo",Mapování kanálu se nezdařilo,"Zachovejte mezi robotem a obvody trávníku vzdálenost alespoň 0,3 metru a pak to zkuste znovu",,,Mapovanie kanála zlyhalo,"Zachovávajte vzdialenosť najmenej 0,3 metra medzi robotom a obvodmi trávnika, potom to skúste znova",Błąd mapowania kanałów,"Zachowaj przynajmniej 0,3 metra odstępu pomiędzy robotem i granicami trawników i spróbuj ponownie",In kaart brengen kanaal mislukt,"Houd ten minste 0,3 meter afstand tussen de robot en de omtrek van het gazon en probeer het vervolgens opnieuw",Tilknytning af kanal mislykkedes,"Hold en afstand på mindst 0,3 m mellem robotten og plæneperimetrene, og prøv derefter igen",Mapiranje kanala nije uspelo,"Napravite rastojanje od najmanje 0,3 metra između robota i obima travnjaka, a zatim pokušajte ponovo",,"Säkerställ ett avstånd på minst 0,3 meter mellan roboten och gräsmattans omkrets och försök sedan igen",Ustvarjanje zemljevida kanala ni uspelo,"Ohranite vsaj 0,3 metra razdalje med robotom in robovi trate, nato poskusite znova",Falha no mapeamento do canal,"Mantenha uma distância mínima de 0,3 metros entre o robô e os perímetros do relvado e tente novamente",A csatornák feltérképezése sikertelen,"Tartson legalább 0,3 méteres távolságot a robot és a gyep pereme között, majd próbálja meg újra",Mapiranje kanala nije uspjelo,"Održavajte razmak od barem 0,3 metra između robota i rubova travnjaka, a zatim pokušajte ponovno",Kanalkartlegging mislyktes,"Hold minst 0,3 meters avstand mellom roboten og plenens yttergrenser, og prøv igjen",Kanavan kartoitus epäonnistui,"Pidä vähintään 0,3 metrin etäisyys robotin ja nurmikon reunojen välillä ja yritä sitten uudelleen",Maparea canalului nu a reușit,"Mențineți o distanță de cel puțin 0,3 metri între robot și perimetrele de peluză, apoi încercați din nou",Неуспешно картографиране на коридор,"Поддържайте минимално разстояние от 0,3 метра между робота и периметъра на тревната площ, след това опитайте отново",Kanali kaardistamine nurjus,"Jätke roboti ja muruplatsi piiride vahel vähemalt 0,3 m ruumi ja proovige uuesti",Kanāla kartēšana neizdevās,"Uzturiet vismaz 0,3 metru attālumu starp robotu un zāliena perimetriem, pēc tam mēģiniet vēlreiz",Kanalo susieti nepavyko,"Palaikykite bent 0,3 metro atstumą tarp roboto ir vejos perimetrų, tada bandykite dar kartą"
1200,3,navigation,STATE_1200,1,回桩失败,Recharge failed,No infrared signal is detected. Please ensure the LED on charging station is green and the infrared modules on both charging station and the robot rear are clean,回桩失败,未找到红外信号，请检查充电桩是否供电正常，充电桩与Robot车尾红外部分是否有脏污,Rückkehr zum Stapel fehlgeschlagen,"Es wurde kein Infrarotsignal gefunden. Bitte überprüfen Sie, ob der Ladestapel normal mit Spannung versorgt wird und ob die Infrarotteile am Ladestapel und der Roboter-Rückseite verschmutzt sind.",Échec du retour à la station de charge,Aucun signal infrarouge n’a été trouvé. Veuillez vérifier si la station de charge est alimentée normalement et si les parties infrarouges de la station de charge et de l’arrière de robot sont sales.,Ritorno alla postazione non riuscito,"Nessun segnale a infrarossi trovato. Controllare se la postazione di ricarica è alimentata normalmente, e se le parti a infrarossi della postazione di ricarica e della coda di robot sono sporche.",,,Error al volver a la pila,No se ha encontrado ninguna señal de infrarrojos. Compruebe si la base de carga funciona correctamente y si las partes infrarrojas de la base de carga y la cola robot están sucias.,Automatické dobíjení selhalo,"Nebyl nalezen žádný infračervený signál. Zkontrolujte, zda LED na nabíjecí základně svítí a infračervené senzory nabíjecí základny a v zadní části robot jsou čisté",,,Automatické dobíjanie zlyhalo,"Nebol nájdený žiadny infračervený signál. Skontrolujte, či LED na nabíjacej základni svieti a infračervené senzory nabíjacej základne av zadnej časti robot sú čisté",Automatyczne ładowanie nie powiodło się,"Nie wykryto sygnału podczerwieni. Sprawdź, czy stacja ładująca ma zasilanie i czy nadajnik podczerwieni stacji ładującej i tylna część robot nie są brudne.",Automatisch opladen mislukt,Geen infraroodsignaal gevonden. Controleer of het laadstation normaal van stroom wordt voorzien en of de infrarooddelen van het laadstation en de achterkant van robot vuil zijn.,Genopladning mislykkedes,"Der registreres ikke noget infrarødt signal. Sørg for, at LED'en på ladestationen er grøn, og at de infrarøde moduler på både ladestationen og robotbagsiden er rene",,,Laddningen misslyckades,Ingen infraröd signal detekteras. Se till att lysdioden på laddstationen är grön och att de infraröda modulerna på både laddstationen och robotens baksida är rena,Polnjenje ni uspelo,"Infrardeči signal ni zaznan. Prepričajte se, da je dioda LED na polnilni postaji zelena, infrardeči moduli na polnilni postaji in zadnjem delu naprave robot pa so čisti.",,,,,,,,,,,,,,,,,,,,
1201,3,navigation,STATE_1201,1,Robot受困,The robot is stuck,The robot is stuck and needs help,Robot受困,需要人工救援,Roboter ist eingeschlossen,Manuelle Rettung erforderlich,"Robot bloqué, robot a besoin d’aide",Robot a besoin de votre aide,Robot è incastrato,Richiesto recupero manuale,,,Robot atrapado,Se requiere rescate manual,Robot uvízla,Robot uvízla a vyžaduje pomoc,,,Robot uviazla,Robot uviazla a vyžaduje pomoc,"Robot utknęła, potrzebuje pomocy.",Robot potrzebuje pomocy,Robot zit vast,Robot heeft uw hulp nodig,Robotten sidder fast,Robotten sidder fast og har brug for hjælp,,,Roboten har fastnat,Roboten har fastnat och behöver hjälp,Robot se je zataknila,Robot se je zataknila in potrebuje pomoč,,,,,,,,,,,,,,,,,,,,
1202,3,navigation,STATE_1202,1,刀盘被卡,The cutting disk is jammed,Please handle promptly.​​,刀盘被卡,请及时处理,Schneide klemmt,Bitte umgehend bearbeiten,Lame coincée,Veuillez traiter rapidement,Lama inceppata,Si prega di procedere tempestivamente,,,Cortador atascado,"Por favor, proceda a tiempo",Žací kotouč se zasekl,Prosím neodkládejte zpracování,,,Žací kotúč sa zasekol,Prosím riešte neodkladne,"Tarcza tnąca zablokowała się, sprawdź uklad tnący.",Proszę niezwłocznie przetworzyć,Maaimes zit vast,Verwerk dit tijdig,Slåskiven sidder fast,Behandl dette rettidigt,Секачки диск је заглавио,Молимо обрадите на време,Klippskivan har fastnat,Behandla detta snarast,Rezalni disk se je zataknil,"Prosimo, obdelajte pravočasno",O disco de corte está travado,"Por favor, processe oportunamente",A vágókorong elakadt,Kérjük azonnal intézkedjen,Rezni disk zaglavljen,Molimo obavite pravovremeno,Skiveskjæreren har satt seg fast,Vennligst håndter det i tide,Leikkauskiekko on juuttunut,Käsittele tämä ajoissa,Discul de tăiere este blocat,Vă rugăm să procesați prompt,Режещият диск е блокиран,"Моля, обработете своевременно",Lõiketall kinni jäänud,Palun kohelge õigeaegselt,Griešanas disks ir iesprūdis,"Lūdzu, apstrādājiet savlaicīgi",Pjovimo diskas užstrigo,Prašome tvarkyti laiku
1203,3,navigation,STATE_1203,1,Robot在当前区域回充失败,Recharge has failed,"Please make sure that there are no obstacles on the recharge route and try again. If the issue persists, contact the after-sales support",Robot在当前区域回充失败,请确保回充路线畅通后重试回充，若多次重试无效，请联系售后,Das Aufladen von Roboter in der aktuellen Zone ist fehlgeschlagen,Vor erneutem Versuch bitte auf freie Nachladestrecke achten. Bei wiederholtem Misserfolg Kundendienst kontaktieren,Défaut charge automatique.Le robot n’a pas pu trouver le bon chemin pour accéder à la station de recharge,"Veuillez vous assurer que l’accès à la recharge est dégagé et réessayez, si la nouvelle tentative est invalide, veuillez contacter le service après-vente",La ricarica di robot nell‘area attuale è fallita,"Prima di riprovare, assicurarsi che il percorso di ricarica sia libero. Se i tentativi ripetuti non hanno successo, contattare l‘assistenza clienti",,,La recarga de robot en la zona actual ha fallado,"Antes de volver a intentar, asegúrese de tener una ruta de recarga despejada. Si varios intentos no tienen éxito, contacte con el servicio de atención al cliente",Automatický návrat do nabíjecí základny se nezdařil,"Ujistěte se, že je cesta k nabíjecí základně volná, a zkuste to znovu. Pokud problém přetrvává, kontaktujte autorizovaný servis",,,Automatický návrat do nabíjacej základne zlyhal,"Uistite sa, že je cesta k nabíjacej základni voľná, a skúste to znova. Ak problém pretrváva, kontaktujte autorizovaný servis",Robot nie udało się naładować w bieżącym obszarze,"Upewnij się, że trasa ładowania jest wolna i spróbuj ponownie naładować, jeśli ponowna próba jest nieudana, skontaktuj się z obsługą posprzedażną",Automatische oplaadfout De robot kon het juiste pad niet vinden om toegang te krijgen tot het oplaadstation,"Zorg ervoor dat de toegang tot het opladen vrij is en probeer het opnieuw. Als de nieuwe poging ongeldig is, neem dan contact op met de klantenservice",Genopladning mislykkedes,"Sørg for, at der ikke er forhindringer på opladningsruten, og prøv igen. Hvis problemet fortsætter, skal du kontakte eftersalgssupport",,,Laddningen misslyckades,"Se till att det inte finns några hinder på vägen till laddaren och försök igen. Om problemet kvarstår, kontakta kundsupporten",Polnjenje ni uspelo,"Prepričajte se, da na poti polnjenja ni ovir, in poskusite znova. Če se težava nadaljuje, se obrnite na poprodajno podporo",,,,,,,,,,,,,,,,,,,,
1204,3,navigation,STATE_1204,1,回充过程中跨越区域失败,Traversing the task areas failed during recharge process,"Please make sure that there are no obstacles on the recharge route and try again. If the issue persists, contact the after-sales support",回充过程中跨越区域失败,请确保回充路线畅通后重试回充，若多次重试无效，请联系售后,Fehler beim Überqueren der Zone während des Aufladeprozesses,Vor erneutem Versuch bitte auf freie Nachladestrecke achten. Bei wiederholtem Misserfolg Kundendienst kontaktieren,Défaut charge automatique.Le robot n’a pas pu trouver le bon chemin pour accéder à la station de recharge,"Veuillez vous assurer que l’accès à la recharge est dégagé et réessayez, si la nouvelle tentative est invalide, veuillez contacter le service après-vente",Errore nel superamento della zona durante il processo di ricarica,"Prima di riprovare, assicurarsi che il percorso di ricarica sia libero. Se i tentativi ripetuti non hanno successo, contattare l‘assistenza clienti",,,Fallo al cruzar la zona durante el proceso de recarga,"Antes de volver a intentar, asegúrese de tener una ruta de recarga despejada. Si varios intentos no tienen éxito, contacte con el servicio de atención al cliente","Automatické dobíjení selhalo, nelze najít správnou cestu k nabíjecí základně","Ujistěte se, že je cesta k nabíjecí základně volná, a zkuste to znovu. Pokud problém přetrvává, kontaktujte autorizovaný servis",,,"Automatické dobíjanie zlyhalo, nemožno nájsť správnu cestu k nabíjacej základni","Uistite sa, že je cesta k nabíjacej základni voľná, a skúste to znova. Ak problém pretrváva, kontaktujte autorizovaný servis",Niepowodzenie podczas ładowania,"Upewnij się, że trasa ładowania jest wolna i spróbuj ponownie naładować, jeśli ponowna próba jest nieudana, skontaktuj się z obsługą posprzedażną",Automatische oplaadfout De robot kon het juiste pad niet vinden om toegang te krijgen tot het oplaadstation,"Zorg ervoor dat de oplaadtoegang vrij is en probeer het opnieuw. Als de nieuwe poging ongeldig is, neem dan contact op met de klantenservice",af opgaveområderne mislykkedes under genopladningsprocessen,"Sørg for, at der ikke er forhindringer på opladningsruten, og prøv igen. Hvis problemet fortsætter, skal du kontakte support",,,Det gick inte att korsa klippområdena på vägen till laddaren,"Se till att det inte finns några hinder på vägen till laddaren och försök igen. Om problemet kvarstår, kontakta kundsupporten",Med postopkom polnjenja robot ni uspelo prečkati območij,"Prepričajte se, da na poti polnjenja ni ovir, in poskusite znova. Če se težava ne odpravi, se obrnite na poprodajno podporo",,,,,,,,,,,,,,,,,,,,
1205,3,navigation,STATE_1205,1,已跳过孤立区域,Unreachable areas have been skipped,,已跳过孤立区域,,Der nicht erreichbare Arbeitsbereich wurde übersprungen,,Les zones  inaccessibles ont été ignorées,,L‘area di lavoro non raggiungibile è stata saltata,,,,Se ha omitido el área de trabajo inaccesible,,Izolované oblasti byly přeskočeny,,,,Izolované oblasti boli preskočené,,Niedostępne obszary pracy zostały pominięte,,Ontoegankelijke gebieden zijn genegeerd,,Utilgængelige områder er blevet sprunget over,,,,Otillgängliga områden har hoppats över,,Izolirana območja so bila preskočena,,,,,,,,,,,,,,,,,,,,,
1206,3,navigation,STATE_1206,1,Robot无法到达任何区域，请先驶入边界内,Please make sure that there are no obstacles on the channel and try again,,请确保路线畅通后重试作业,,"Bitte stellen Sie sicher, dass die Strecke frei ist, bevor Sie den Vorgang erneut versuchen",,Soyez sûr qu’il n’y ait pas d’obstacles sur le corridor et reessayez,,Si prega di assicurarsi che il percorso sia libero prima di riprovare l‘operazione,,,,"Por favor, asegúrese de que la ruta esté despejada antes de volver a intentar la operación",,"Zkuste prosím znovu práci poté, co se ujistěte, že je trasa jasná",,,,"Uistite sa, že je prepojovacia cesta voľná a skúste to znova",,"Upewnij się, że trasa jest wolna i ponów operację",,Zorg ervoor dat er geen obstakels in de gang zijn en probeer het opnieuw,,"Sørg for, at der ikke er nogen forhindringer på vejen, og prøv igen",,,,Se till att det inte finns några hinder på vägen och försök igen,,"Prepričajte se, da na poti ni ovir, in poskusite znova",,,,,,,,,,,,,,,,,,,,,
1207,3,navigation,STATE_1207,1,碰撞杆持续被触发,Front bumper is experiencing repeated triggering,Check if the robot front bumper is stuck,碰撞杆持续被触发,请检查Robot的碰撞是否被卡住,Der Kollisionssensor wird kontinuierlich ausgelöst,"Bitte überprüfen Sie, ob der Kollisionssensor von Roboter blockiert ist",Le capteur de collision est déclenché en continu,Veuillez vérifier si le capteur de collision de robot est bloqué,Il sensore di collisione viene attivato continuamente,Si prega di verificare se il sensore di collisione di robot è bloccato,,,El sensor de colisión se activa de forma continua,"Por favor, verifique si el sensor de colisión de robot está atascado",Dochází k opakované aktivaci nárazníku,"Zkontrolujte, zda není nárazník zaseknutý",,,Dochádza k opakovanej aktivácii nárazníka,"Skontrolujte, či nie je nárazník zaseknutý",Czujnik kolizji jest ciągle aktywowany,"Proszę sprawdzić, czy czujnik kolizji w robot jest zablokowany",Botsingssensor wordt continu geactiveerd,Controleer of de robot-botsingssensor is geblokkeerd,Den forreste kofanger oplever gentagne udløsninger,"Kontroller, om robottens forreste kofanger sidder fast",,,Främre stötfångaren upplever upprepade utlösningar,Kontrollera om robotens främre stötfångare har fastnat,Sprednji odbijač se večkrat sproži,"Preverite, ali je sprednji odbijač robot zataknjen",,,,,,,,,,,,,,,,,,,,
1209,3,navigation,STATE_1209,1,生成作业路径失败，无法启动作业,Task path generation failed,Please restart the task,生成作业路径失败，无法启动作业,请重新开始作业,Generierungsfehler des Aufgabenpfads. Aufgabe kann nicht gestartet werden,Bitte starten Sie die Aufgabe erneut,Échec de la génération du chemin de la tâche. Impossible de démarrer la tâche,Veuillez redémarrer la tâche,"Generazione del percorso dell‘attività fallita, impossibile avviare l‘attività",Si prega di riavviare l‘attività,,,Error al generar la ruta de la tarea. No se puede iniciar la tarea,"Por favor, reinicie la tarea",Generování cesty úkolu selhalo,Restartujte úkol,,,Generovanie cesty úlohy zlyhalo,Reštartujte úlohu,Nieudane wygenerowanie ścieżki zadania. Nie można uruchomić zadania,Proszę rozpocząć zadanie ponownie,Kan taakpad niet genereren. Kan de taak niet starten.,Start de taak opnieuw.,Generering af opgavestier mislykkedes,Genstart opgaven,,,Generering av klippningsväg misslyckades,Vänligen starta om klippningen,Generiranje poti opravila ni uspelo,"Prosimo, znova zaženite nalogo",,,,,,,,,,,,,,,,,,,,
1210,3,common,STATE_1210,1,调节滚刷电机失败,Failed to adjust the roller brush motor,,调节滚刷电机失败,,Einstellen des Rollen bürsten motors fehl geschlagen,,Échec du moteur de balais de réglage,,Impossibile regolare il motore della spazzola a rulli,,,,Error al ajustar el motor de la escobilla,,Nepodařilo se nastavit motor valcového štětce.,,,,Nepodarilo sa nastaviť motor valcového štetca,,Nie udało się wyregulować silnika szczotki rolkowej,,Kan de rolborstelmotor niet aanpassen,,Kunne ikke justere rullebørstemotoren,,,,Misslyckades justera rulleborstmotorn,,Prilagoditev motorja čopič,,,,,,,,,,,,,,,,,,,,,
1211,3,common,STATE_1211,1,未检测到集草模块，无法开始集草,The sweeper kit hasn't been installed yet,Please install the sweeper kit before using the sweeping function,未检测到集草模块，无法开始集草,开始集草作业前请先安装集草模块,Das Grass abeging modul wurde nicht erkannt und das Grass abeging kann nicht gestartet werden,"Bitte installieren Sie das Gras-Sammel modul, bevor Sie mit dem Sammeln von Gras beginnen",Le module de collecte d'herbe n'est pas détecté et la collecte d'herbe ne peut pas être commencée,Veuillez installer le module d'herbe avant de commencer le travail d'herbe,"Nessun modulo di raccolta dell'erba rilevato, incapace di avviare la raccolta dell'erba",Si prega di installare il modulo di raccolta dell'erba prima di iniziare l'operazione di raccolta dell'erba.,,,El módulo de recolección de césped no se detectó y no se pudo iniciar la recolección de césped,Instale el módulo de recolección de césped antes de comenzar el trabajo de recolección de césped,"Žádný modul sběru trávy nebyl detekován, nelze spustit sběr trávy",Před zahájením operace sběru trávy nainstalujte modul sběru trávy.,,,"Žiadny modul zber trávy nebol zistený, nemôže začať zber trávy",Pred začatím operácie zberu trávy nainštalujte modul zberu trávy.,"Nie wykryto żadnego modułu do zbierania trawy, nie można rozpocząć zbierania trawy",Proszę zainstalować moduł zbierania trawy przed rozpoczęciem operacji zbierania trawy.,"Geen grasverzamelmodule gedetecteerd, niet in staat om grasinzameling te starten",Installeer de grasverzamelingsmodule voordat u begint met het verzamelen van gras.,"Intet græssamlingsmodul påvist, ikke i stand til at starte græssamling af græs","Installér venligst græssamlingsmodulet, før du påbegynder græssamling.",,,"Ingen grässamlingsmodul upptäckt, oförmögen att starta grässamling.",Installera grässamlingsmodulen innan du börjar grässamling.,"Modul za zbiranje trave ni bil zaznan, ni mogoče začeti zbiranje travne zbirke","Prosimo, namestite modul travne zbirke, preden začnete zbiranje trave.",,,,,,,,,,,,,,,,,,,,
1212,3,common,STATE_1212,1,缺少卸放点，无法开始作业,Failed to start the task as there is no dumping spot,Please create a dumping spot before using the sweeping function,缺少卸放点，无法开始作业,开始集草作业前请先绘制卸放点,"Fehlender Entlade punkt, kann den Betrieb nicht starten","Bitte zeichnen Sie die Entlade punkte, bevor Sie mit dem Sammeln von Gras beginnen","Manque de points de déchargement, impossible de démarrer les opérations",Veuillez dessiner le point de déchargement avant de commencer le travail de collecte,Impossibile avviare l'operazione a causa del punto di rilascio mancante,Si prega di disegnare il punto di scarico prima di iniziare l'operazione di raccolta dell'erba.,,,"Falta de puntos de descarga, no se puede iniciar el trabajo",Dibuje el punto de descarga antes de comenzar el trabajo de recolección de césped,Nelze spustit operaci z důvodu chybějícího bodu uvolnění,Před zahájením operace sběru trávy vykreslovte bod vypouštění.,,,Nepodarilo sa spustiť prevádzku kvôli chýbajúcemu bodu uvoľnenia,"Pred začatím operácie zberu trávy, prosím, nakreslite výbojový bod.",Nie można rozpocząć operacji z powodu brakującego punktu zwolnienia,Przed rozpoczęciem operacji zbierania trawy narysuj punkt zrzutu.,Kan de werking niet starten vanwege het ontbrekende ontgrendelingspunt,Teken het afvoerpunt voordat u begint met het verzamelen van gras.,Kan ikke starte operationen på grund af manglende udgivelsespunktet,Træk venligst udledningspunktet inden indsamlingen af græs.,,,Kunde inte starta verksamheten på grund av saknad utgivningspunkt.,Vänligen dra utsläppspunkten innan insamlingen av gräs påbörjas.,Ni moč zagnati delovanja zaradi manjkajočega sproščanja točke,Pred začetkom zbiranja trave potegnite točko raztovarjanja.,,,,,,,,,,,,,,,,,,,,
1213,3,common,STATE_1213,3,调节卸放电机失败,Failed to adjust the dumping motor,"Please verify whether the roller brush is stuck. If not, restart the robot. If the issue persists, please contact the after-sales support",调节卸放电机失败,请检查滚刷后重试,Einstellung des Dumpmotors fehlgeschlagen,"Bitte überprüfen Sie, ob die Walzenbürste feststeckt. Wenn nicht, starten Sie den Roboter neu. Wenn das Problem weiterhin besteht, wenden Sie sich bitte an den Kundendienst",Échec du réglage du moteur de basculement,"Veuillez confirmer que la brosse à rouleaux est coincée. Si ce n'est pas le cas, redémarrez le robot. Si le problème persiste, veuillez contacter le support après - vente",,,,,,,,,,,,,,,,,,,,,,,,,,,,,,,,,,,,,,,,,,,,
1214,3,common,STATE_1214,1,地图缺少通道或通道被障碍物堵塞,The channel is obstructed,"Please make sure that there are no obstacles on the recharge route and try again. If the issue persists, contact the after-sales support",通道被障碍物堵塞,请确保作业或回充路线畅通后重试回充，若多次重试无效，请联系售后。,Durchfahrt mit Hindernissen verstopft,"Bitte stellen Sie sicher, dass der Vorgang oder die Lade route nicht blockiert ist und versuchen Sie, erneut aufzuladen. Wenn mehrere Wiederholung versuche ungültig sind, wenden Sie sich bitte an den Kundendienst.",Passage bloqué par des obstacles,"Veuillez vous assurer que l'itinéraire de fonctionnement ou de retour est débloqué et que la recharge est réessayée. Si plusieurs réessais sont invalides, veuillez contacter le service après-vente.",Canale bloccato da ostruzione,"Assicurati che l'operazione o il percorso di ricarica siano sbloccati e riprova la ricarica. Se più tentativi non sono validi, contatta il servizio post-vendita.",,,El paso está bloqueado por un obstáculo,"Asegúrese de que la operación o la ruta de recarga estén desbloqueada y vuelva a intentar la recarga. Si varios reintentos no son válidos, comuníquese con el servicio posventa.",Kanál zablokovaný překážkou,"Ujistěte se, že provozní nebo dobíjecí trasa je odblokována, a opakujte dobíjení. Pokud je opakované opakování neplatné, obraťte se na poprodejní službu.",,,Kanál zablokovaný obštrukciou,"Uistite sa, že trasa prevádzky alebo dobíjania je odblokovaná a opakujte dobíjanie. Ak je viacero opakovaných skúšok neplatné, kontaktujte prosím popredajnú službu.",Kanał zablokowany przez przeszkodę,"Upewnij się, że trasa operacji lub ładowania jest odblokowana i spróbuj ponownie naładować. Jeśli wiele ponownych prób jest nieprawidłowych, skontaktuj się z usługą posprzedażną.",Kanaal geblokkeerd door obstructie,"Zorg ervoor dat de bedienings-of oplaadroute is gedeblokkeerd en probeer opnieuw op te laden. Als meerdere nieuwe pogingen ongeldig zijn, neem dan contact op met de after-sales service.",Kanal blokeret af obstruktioner,"Sørg for, at drifts- eller genopladningsruten bliver afblokeret, og forsøg på ny. Hvis flere forsøg er ugyldige, bedes du kontakte eftersalgstjenesten.",,,Kanal blockerad av obstruktion,Se till att drifts- eller laddningsrutten är avblockerad och prova om laddningen. Om flera omprövningar är ogiltiga,"Kanal, blokiran s oviranjem","Prosimo, prepričajte, da se operacija ali pot polnjenja odblokira in poskusite ponovno polnjenje. Če so večkratne ponovne poskuse neveljavne, se obrnite na poprodajne storitve.",,,,,,,,,,,,,,,,,,,,
1215,3,common,STATE_1215,3,获取卸草点位置失败,Cannot reach the dumping spot,Ensure there are no obstacles around the dumping spot and that the path to the spot is clear. Then try again,集草点的位置无法到达,请检查集草点周围是否存在障碍物，保证去集草点的路径通畅后重试,Der Abladeplatz kann nicht erreicht werden,"Stellen Sie sicher, dass sich keine Hindernisse um den Abladeplatz befinden und dass der Weg zum Platz frei ist. Versuchen Sie es dann erneut",Impossible d’atteindre l’endroit de vidage,Assurez-vous qu’il n’y a aucun obstacle autour du point de vidage et que le chemin vers le point est dégagé. Puis réessayez,Impossibile raggiungere il punto di scarico,Assicurati che non ci siano ostacoli intorno al punto di scarico e che il percorso sia libero. Poi riprova,,,No se puede alcanzar el lugar de descarga,Asegúrate de que no haya obstáculos alrededor del lugar de descarga y de que el camino hacia él esté despejado. Luego inténtalo de nuevo,Nelze dosáhnout místa vykládky,"Ujistěte se, že kolem místa vykládky nejsou žádné překážky a že cesta k místu je volná. Pak zkuste znovu",,,Nie je možné dosiahnuť miesto vykládky,"Uistite sa, že okolo miesta vykládky nie sú žiadne prekážky a že cesta k miestu je voľná. Potom skúste znova",Nie można dotrzeć do miejsca wysypu,"Upewnij się, że wokół miejsca wysypu nie ma przeszkód i że droga do niego jest wolna. Następnie spróbuj ponownie",Kan de stortplaats niet bereiken,Zorg ervoor dat er geen obstakels rond de stortplaats zijn en dat het pad ernaartoe vrij is. Probeer het daarna opnieuw,Kan ikke nå losseplassen,"Sørg for, at der ikke er nogen forhindringer omkring lossepladsen, og at vejen til pladsen er fri. Prøv derefter igen",Ne može se doći do mesta pražnjenja,Provjerite da oko mjesta pražnjenja nema prepreka i da je put do njega slobodan. Zatim pokušajte ponovo,Kan inte nå tömningsplatsen,Se till att det inte finns några hinder runt tömningsplatsen och att vägen till platsen är fri. Försök sedan igen,Ni mogoče doseči mesta iztovarjanja,"Poskrbite, da okoli mesta iztovarjanja ni ovir in da je pot do njega prosta. Nato poskusite znova",Não é possível alcançar o local de despejo,"Certifique-se de que não haja obstáculos ao redor do local de despejo e que o caminho até ele esteja livre. Em seguida, tente novamente",Nem lehet elérni a kiürítési helyet,"Győződjön meg róla, hogy a kiürítési hely körül nincsenek akadályok, és az odavezető út szabad. Ezután próbálja újra",Ne može se doći do mjesta pražnjenja,Provjerite da oko mjesta pražnjenja nema prepreka i da je put do mjesta slobodan. Zatim pokušajte ponovo,Kan ikke nå tømmeplassen,"Sørg for at det ikke er noen hindringer rundt tømmeplassen, og at veien til plassen er klar. Prøv deretter igjen",Ei voi saavuttaa tyhjennyspaikkaa,"Varmista, ettei tyhjennyspaikan ympärillä ole esteitä ja että reitti paikalle on vapaa. Yritä sitten uudelleen",Nu se poate ajunge la locul de golire,Asigurați-vă că nu există obstacole în jurul locului de golire și că drumul către el este liber. Apoi încercați din nou,Не може да се достигне мястото за изхвърляне,"Уверете се, че няма препятствия около мястото за изхвърляне и че пътят към него е свободен. След това опитайте отново",Ei saa jõuda prügikohta,"Veenduge, et prügikoha ümber ei oleks takistusi ja et tee kohale oleks vaba. Seejärel proovige uuesti",Nevar sasniegt izgāztuves vietu,"Pārliecinieties, ka apkārt izgāztuves vietai nav šķēršļu un ka ceļš uz to ir brīvs. Pēc tam mēģiniet vēlreiz",Negalima pasiekti išmetimo vietos,"Įsitikinkite, kad aplink išmetimo vietą nėra kliūčių ir kad kelias į ją yra laisvas. Tada pabandykite dar kartą"
1216,3,common,STATE_1216,3,检测到刀盘转动受阻,Detected obstruction in the rotation of the cutter head,"Please turn off the robot to check if the cutting disk is jammed. If not, restart the robot. If the issue persists, please contact the after-sales support",检测到刀盘转动受阻,请在机器关机情况下，检查刀盘是否被卡住或者被缠绕住。若多次重启无效，请联系售后,Erkannte Behinderung bei der Rotation des Schneidkopfes,"Bitte schalten Sie den Roboter aus, um zu überprüfen, ob die Schneidescheibe blockiert ist. Wenn nicht, starten Sie den Roboter neu. Wenn das Problem weiterhin besteht, wenden Sie sich bitte an den Kundendienst",Obstacles détectés dans la rotation du disque couteau,"Veuillez éteindre le robot et vérifier si le disque de coupe est coincé. Si ce n'est pas le cas, redémarrez le robot. Si le problème persiste, veuillez contacter le support après - vente",Rilevata ostruzione nella rotazione della testa di taglio,"Spegni il robot per verificare se il disco di taglio è bloccato. Se non lo è, riavvia il robot. Se il problema persiste, contatta l'assistenza post-vendita",,,Detectada obstrucción en la rotación de la cabeza de corte,"Apague el robot para comprobar si el disco de corte está atascado. Si no lo está, reinicie el robot. Si el problema persiste, contacte con el soporte postventa",Zjištěna překážka v rotaci řezací hlavy,"Vypněte robota a zkontrolujte, zda je řezací kotouč zaseknutý. Pokud ne, restartujte robota. Pokud problém přetrvává, kontaktujte podporu po prodeji",,,Zistená prekážka v rotácii reznej hlavy,"Vypnite robota a skontrolujte, či je rezací kotúč zaseknutý. Ak nie je, reštartujte robota. Ak problém pretrváva, kontaktujte podporu po predaji",Wykryto przeszkodę w obrocie głowicy tnącej,"Wyłącz robota, aby sprawdzić, czy tarcza tnąca jest zablokowana. Jeśli nie, uruchom ponownie robota. Jeśli problem nie ustępuje, skontaktuj się z pomocą posprzedażową",Belemmering gedetecteerd in rotatie snijkop,"Schakel de robot uit om te controleren of de snijschijf vastzit. Zo niet, herstart de robot. Als het probleem aanhoudt, neem contact op met de after-sales support",Påvist hindring i skærehovedets rotation,"Sluk robotten for at kontrollere, om skiveskæreren sidder fast. Hvis ikke, genstart robotten. Hvis problemet fortsætter, kontakt kundestøtten efter salget",Откривена препрека у ротацији главе секача,"Искључите робота да проверите да ли је секачки диск заглавио. Ако није, поново покрените робота. Ако проблем и даље постоји, контактирајте подршку након продаје",Hinder upptäckt i skärhuvudets rotation,"Stäng av roboten för att kontrollera om skivskäraren sitter fast. Om inte, starta om roboten. Om problemet kvarstår, kontakta eftermarknadssupporten",Zaznana ovira v vrtenju rezalne glave,"Izklopite robota, da preverite, ali je rezalni disk zagozden. Če ni, ponovno zaženite robota. Če težava ostaja, stopite v stik s podporo po prodaji",Detectada obstrução na rotação da cabeça de corte,"Desligue o robô para verificar se o disco de corte está travado. Se não estiver, reinicie o robô. Se o problema persistir, contate o suporte pós-venda",Észlelés: a vágófej forgásában akadály,"Kérjük, kapcsolja ki a robotot, és ellenőrizze, hogy a vágókorong elakadt-e. Ha nem, indítsa újra a robotot. Ha a probléma továbbra is fennáll, forduljon az ügyfélszolgálathoz",Otkrivena blokada rotacije glave rezača,"Isključite robota da provjerite je li rezni disk zaglavljen. Ako nije, ponovno pokrenite robota. Ako problem i dalje postoji, kontaktirajte podršku nakon prodaje",Detektert hindring i skjærehodets rotasjon,"Slå av roboten for å sjekke om skiveskjæreren har festet seg. Hvis ikke, start roboten på nytt. Hvis problemet vedvarer, kontakt kundestøtten",Leikkauspään pyörimisessä havaittu este,"Sammuta robotti tarkistaaksesi, onko leikkauskiekko juuttunut. Jos ei ole, käynnistä robotti uudelleen. Jos ongelma jatkuu, ota yhteyttä asiakastukeen",S-a detectat obstrucție la rotația capului de tăiere,"Vă rugăm să opriți robotul pentru a verifica dacă discul de tăiere este blocat. Dacă nu, reporniți robotul. Dacă problema persistă, contactați asistența post-vânzare",Открита пречка при въртене на режещата глава,"Изключете робота, за да проверите дали режещият диск е блокиран. Ако не е, рестартирайте робота. Ако проблемът продължава, свържете се с поддръжката след продажба",Tuvastati lõikepea pöörlemise takistus,"Palun lülitage robot välja, et kontrollida, kas lõiketall on kinni. Kui ei ole, taaskäivitage robot. Kui probleem püsib, pöörduge müügijärgse toe poole",Konstatēts šķērslis griešanas galvas rotācijā,"Lūdzu, izslēdziet robotu, lai pārbaudītu, vai griešanas disks ir iesprūdis. Ja nav, restartējiet robotu. Ja problēma saglabājas, sazinieties ar pārdošanas atbalsta dienestu",Aptikta kliūtis kertimo galvutės sukimosi kelyje,"Prašome išjungti robotą, kad patikrintumėte, ar pjovimo diskas užstrigęs. Jei ne, paleiskite robotą iš naujo. Jei problema išlieka, susisiekite su aptarnavimo po pardavimo tarnyba"
1217,3,common,STATE_1217,3,下桩时，检测到撞板触发，或者检测到障碍物,Undocking failed due to the front bumper being triggered or detecting obstacles,"Check if the front bumper is normal. If the front bumper is abnormal, please contact the after-sales service. Or check and clear any possible obstacles on the way out of the charging station",下桩时，检测到撞板触发，或者检测到障碍物,检查撞板是否正常，如果撞板异常请联系售后；或者检查并清除下桩的路径上是否存在障碍物,"Das Entsperren fehlgeschlagen, weil der vordere Stoßfänger ausgelöst wurde oder Hindernisse erkannt wurden","Überprüfen Sie, ob die vordere Stoßstange normal ist. Wenn die vordere Stoßstange anormal ist, wenden Sie sich bitte an den Kundendienst. Oder überprüfen und beseitigen Sie mögliche Hindernisse auf dem Weg aus der Ladestation",Le déverrouillage échoue en raison d'un pare - chocs avant déclenché ou d'un obstacle détecté,"Vérifiez que le pare - chocs avant est correct. En cas d'anomalie du pare - chocs avant, veuillez contacter le service après - vente. Ou vérifiez et Enlevez tout obstacle possible en quittant la station de charge",,,,,,,,,,,,,,,,,,,,,,,,,,,,,,,,,,,,,,,,,,,,
1218,3,common,STATE_1218,3,离开充电桩时，检测到打滑,"When leaving the charging station, detected slippage","Please check if there are any cases of wheel slipping caused by abnormal rotation, slow rotation, overly wet soil, etc. If the problem persists after restarting, please contact customer service",离开充电桩时，检测到打滑,请检查轮子是否存在无法正常转动、转动很慢、土地过于潮湿等造成轮子打滑的情况，重启如果仍存在问题，请联系售后,Beim Verlassen der Ladestation erkannte Schlupf,"Bitte überprüfen Sie, ob es Fälle von Radrutschen gibt, die durch anormale Rotation, langsame Rotation, zu nasse Erde usw. verursacht werden. Wenn das Problem nach dem Neustart weiterhin besteht, wenden Sie sich bitte an den Kundendienst","En quittant la station de charge, un dérapage est détecté","Veuillez vérifier s'il y a un glissement de roue dû à une rotation anormale, une rotation lente, un sol trop humide, etc. Si le problème persiste après le redémarrage, contactez le service clientèle",,,,,,,,,,,,,,,,,,,,,,,,,,,,,,,,,,,,,,,,,,,,
1219,3,common,STATE_1219,3,离开充电桩时定向失败,"When leaving the charging station, heading calibration failed","Please manually control the robot to move forward by 1.5m until the upper left status turns ""Ready""",离开充电桩时定向失败,请手动控制Robot向前不间断运动1.5m，直到顶部状态变成准备就绪,Beim Verlassen der Ladestation ist die Kurskalibrierung fehlgeschlagen,"Bitte steuern Sie den Roboter manuell, um 1,5m vorwärts zu bewegen, bis der Status oben links ""Bereit"" wird.",Échec de l'étalonnage du Cap en quittant la station de charge,"Veuillez contrôler manuellement l'avance du robot de 1,5 mètre jusqu'à ce que l'état en haut à gauche devienne ""prêt"".",,,,,,,,,,,,,,,,,,,,,,,,,,,,,,,,,,,,,,,,,,,,
1220,3,mcu,STATE_1220,1,相机检测到持续被遮挡,The vision camera is continuously blocked,Please check if the robot is obstructed or if the vision camera is covered. Clean the vision camera or move the robot to a clear area before proceeding,相机检测到持续被遮挡,请检查机器是否被障碍物环绕或相机镜头被遮盖，尝试清洁相机镜头或手动将机器搬到空旷环境后再继续任务,Die Kamera ist dauerhaft blockiert,"Bitte überprüfen Sie, ob der Roboter blockiert oder die Kamera abgedeckt ist. Reinigen Sie die Kamera oder bewegen Sie den Roboter in einen freien Bereich, bevor Sie fortfahren",La caméra de vision est continuellement bloquée,Vérifiez si le robot est obstrué ou si la caméra de vision est couverte. Nettoyez la caméra de vision ou déplacez le robot dans une zone dégagée avant de continuer,La telecamera di navigazione è sempre ostruita,Controllare se corpi estranei bloccano il robot o coprono la telecamera di navigazione. Pulire la telecamera di navigazione o spostare il robot in un'area priva di ostacoli prima di continuare,,,La cámara de visión se bloquea continuamente,Compruebe si el robot está obstruido o si la cámara de visión está tapada. Limpie la cámara de visión o traslade el robot a una zona despejada antes de continuar,Kamera vidění je neustále blokována,"Zkontrolujte, zda robot nemá v cestě překážku nebo zda není zakryta kamera vidění. Než budete pokračovat, vyčistěte kameru vidění nebo přesuňte robot do volného prostoru",,,Zobrazovacia kamera je trvale zakrytá,"Skontrolujte, či robotovi nebráni prekážka alebo či zobrazovacia kamera nie je zakrytá. Pred pokračovaním vyčistite zobrazovaciu kameru alebo premiestnite robota na voľné priestranstvo",Kamera wizyjna jest stale zablokowana,"Sprawdź, czy robot nie jest blokowany lub czy kamera wizyjna nie jest zasłonięta. Wyczyść kamerę wizyjną lub przenieś robota w wolne miejsce przed kontynuowaniem",De zichtcamera wordt voortdurend geblokkeerd,Controleer of de robot geblokkeerd is of dat de zichtcamera bedekt is. Reinig de zichtcamera of verplaats de robot naar een vrij gebied voordat u verder gaat,Kameraet er blokeret,"Kontrollér, om robotten er stødt på en forhindring, eller kameraet er dækket til. Rengør kameraet, eller flyt robotten til et område uden forhindringer, før du fortsætter",,,Kameran blockeras kontinuerligt,Kontrollera om det finns något hinder för roboten eller om kameran är övertäckt. Rengör kameran eller flytta roboten till ett hinderfritt område innan du fortsätter,Kamera za vid je nenehno blokirana,"Prosimo, preverite, ali je robot oviran ali pa je kamera za vid prekrita. Pred nadaljevanjem očistite kamero ali premaknite robota na prosto območje",A câmara de visão está continuamente bloqueada,Verifique se o robô está obstruído ou se a câmara de visão está coberta. Limpe a câmara de visão ou desloque o robô para uma área livre antes de prosseguir,A látókamera folyamatosan blokkolva van,"Ellenőrizze, hogy a robot nincs-e akadályozva, vagy nem takarja-e el a látókamerát. A folytatás előtt tisztítsa meg a látókamerát, vagy vigye a robotot egy tiszta területre",Kamera za vid je kontinuirano blokirana,Provjerite je li pred robotom prepreka ili je kamera za vid pokrivena. Očistite kameru za vid ili pomaknite robota na čisto područje prije nego nastavite,Synskameraet er kontinuerlig blokkert,Kontroller om roboten blir hindret eller om synskameraet er tildekket. Rengjør synskameraet eller flytt roboten til et fritt område før du fortsetter,Näkökamera on jatkuvasti estetty,"Tarkista, onko robotti estynyt tai onko näkökamera peitetty. Puhdista näkökamera tai siirrä robotti vapaalle alueelle ennen jatkamista",Camera de vedere este blocată continuu,Vă rugăm să verificați dacă robotul este obstrucționat sau dacă camera de vedere este acoperită. Curățați camera de vedere sau mutați robotul într-o zonă liberă înainte de a continua,Зрителната камера е постоянно блокирана,"Проверете дали роботът не е блокиран от препятствие и дали зрителната камера не е покрита. Почистете зрителната камера или преместете робота в свободна площ, преди да продължите",Nägemisandur on pidevalt blokeeritud,"Kontrollige, kas miski takistab robotit või kas nägemisandur on kaetud. Enne jätkamist puhastage nägemisandur või viige robot vabale alale",Redzes kamera ir pastāvīgi bloķēta,"Lūdzu, pārliecinieties, vai robots nav aizšķērsots vai redzes kamera – aizsegta. Pirms turpināt, notīriet redzes kameru vai pārvietojiet robotu uz brīvu laukumu",Vaizdo kamera nuolat blokuojama,"Patikrinkite, ar robotas neblokuojamas arba ar vaizdo kamera nėra uždengta. Prieš tęsdami nuvalykite vaizdo kamerą arba perkelkite robotą į neblokuojamą erdvę"
1221,3,common,STATE_1221,1,自动沿边建图因运动过程中发生异常而退出,Auto mapping failed due to errors during the mapping process,Please use the virtual joysticks to manually control the robot and complete the mapping,自动沿边建图因运动过程中发生异常而退出,请使用摇杆控制机器继续手动完成地图录制,Die automatische Kartierung ist aufgrund von Fehlern während der Kartierung fehlgeschlagen,"Bitte verwenden Sie die virtuellen Joysticks, um den Roboter manuell zu steuern und die Kartierung abzuschließen",Échec de la cartographie automatique pour cause d'erreurs lors du processus de cartographie,Veuillez utiliser les manettes virtuelles pour contrôler manuellement le robot et terminer la cartographie,La mappatura automatica non è riuscita a causa di errori durante il processo di mappatura,Utilizzare i joystick virtuali per controllare manualmente il robot e completare la mappatura,,,El trazado de mapa automático ha fallado por errores durante el proceso,Utilice los joysticks virtuales para controlar manualmente el robot y completar el trazado del mapa,Automatické mapování se kvůli chybám během procesu mapování nezdařilo,K ručnímu ovládání robotu a dokončení mapování použijte virtuální joysticky,,,Automatické mapovanie zlyhalo v dôsledku chýb počas procesu mapovania,Pomocou virtuálnych pákových ovládačov riaďte robota manuálne a tak dokončite mapovanie,Automatyczne mapowanie nie powiodło się ze względu na błędy w trakcie procesu mapowania,"Użyj wirtualnych manipulatorów, aby ręcznie sterować robotem i ukończyć mapowanie",Automatisch karteren is mislukt door fouten tijdens het karteerproces,Gebruik de virtuele joysticks om de robot handmatig te besturen en de kartering te voltooien,Automatisk kortlægning mislykkedes pga. fejl under kortlægningsprocessen,Brug de virtuelle joysticks til manuel styring af robotplæneklipperen for at færdiggøre kortlægningen,,,Automatisk mappning misslyckades på grund av fel under mappningsprocessen,Använd de virtuella styrspakarna för att styra roboten manuellt och slutföra mappningen,Samodejno ustvarjanje zemljevida ni uspelo zaradi napak med postopkom,Uporabite virtualne krmilne palice za ročno upravljanje robota in dokončanje ustvarjanja zemljevida,O mapeamento automático falhou devido a erros durante o processo de mapeamento,Utilize os joysticks virtuais para controlar manualmente o robot e concluir o mapeamento,Az automatikus térképezés a térképezési folyamat során fellépő hibák miatt sikertelen,Használja a virtuális joystickokat a robot kézi vezérléséhez és a térképezés befejezéséhez,Automatsko mapiranje nije uspjelo zbog pogrešaka tijekom postupka mapiranja,Virtualnom upravljačkom palicom ručno upravljajte robotom i dovršite mapiranje,Automatisk kartlegging mislyktes på grunn av feil under kartleggingsprosessen,Bruk de virtuelle styrespakene for å kontrollere roboten manuelt og fullføre kartleggingen,Automaattinen kartoitus epäonnistui kartoitusprosessin aikana tapahtuneiden virheiden vuoksi,Käytä virtuaalisia ohjaussauvoja robotin manuaaliseen ohjaamiseen ja kartoituksen viimeistelyyn,Maparea automată a eșuat din cauza erorilor apărute în timpul procesului de mapare,Vă rugăm să folosiți joystick-urile virtuale pentru a controla manual robotul și a finaliza maparea,Автоматичното картографиране е неуспешно поради грешки в процеса на картографиране,"Използвайте виртуалните джойстици, за да завършите картографирането чрез ръчно управление на робота","Automaatne kaardistamine nurjus, sest kaardistamise käigus tekkisid vead","Viige kaardistamine lõpule, kasutades roboti käsitsi juhtimiseks virtuaalseid juhtkange","Automātiskā kartēšana bija neveiksmīga, jo kartēšanas procesa laikā radās kļūdas","Lietojiet virtuālās kursorsviras, lai robotu vadītu manuāli un veiktu kartēšanu",Automatinis susiejimas nepavyko dėl susiejimo proceso klaidų,"Norėdami rankiniu būdu valdyti robotą ir užbaigti atvaizdavimą, naudokite virtualias vairasvirtes"
1222,3,common,STATE_1222,1,自动沿边建图因环境复杂无法正确识别边界而失败,Auto mapping failed because no perimeter was detected in the complex environment,Please use the virtual joysticks to manually control the robot and complete the mapping,自动沿边建图因环境复杂无法正确识别边界而失败,请使用摇杆控制机器继续手动完成地图录制,Die automatische Kartierung ist aufgrund fehlender Umgrenzungen in der komplexen Umgebung fehlgeschlagen,"Bitte verwenden Sie die virtuellen Joysticks, um den Roboter manuell zu steuern und die Kartierung abzuschließen",Échec de la cartographie automatique car aucun périmètre n'a été détecté dans l'environnement complexe,Veuillez utiliser les manettes virtuelles pour contrôler manuellement le robot et terminer la cartographie,La mappatura automatica non è riuscita in quanto non è stato rilevato alcun perimetro nell'ambiente complesso,Utilizzare i joystick virtuali per controllare manualmente il robot e completare la mappatura,,,El trazado de mapa automático ha fallado porque no se ha detectado ningún perímetro en el entorno del complejo,Utilice los joysticks virtuales para controlar manualmente el robot y completar el trazado del mapa,"Automatické mapování se nezdařilo, protože v komplexním prostředí nebyl detekován obvod",K ručnímu ovládání robotu a dokončení mapování použijte virtuální joysticky,,,"Automatické mapovanie zlyhalo, pretože v zložitom prostredí sa nenašiel žiadny obvod",Pomocou virtuálnych pákových ovládačov riaďte robota manuálne a tak dokončite mapovanie,"Automatyczne mapowanie nie powiodło się, ponieważ nie wykryto granicy w złożonym środowisku","Użyj wirtualnych manipulatorów, aby ręcznie sterować robotem i ukończyć mapowanie",Automatisch karteren is mislukt omdat er in de complexe omgeving geen perimeter werd gedetecteerd,Gebruik de virtuele joysticks om de robot handmatig te besturen en de kartering te voltooien,"Automatisk kortlægning mislykkedes, da der ingen afgrænsning blev registreret i de komplekse omgivelser",Brug de virtuelle joysticks til manuel styring af robotplæneklipperen for at færdiggøre kortlægningen,,,Automatisk mappning misslyckades eftersom ingen perimeter detekterades i den komplicerade miljön,Använd de virtuella styrspakarna för att styra roboten manuellt och slutföra mappningen,"Samodejno ustvarjanje zemljevida ni uspelo, ker v zapletenem okolju ni bilo zaznanega roba",Uporabite virtualne krmilne palice za ročno upravljanje robota in dokončanje ustvarjanja zemljevida,O mapeamento automático falhou porque não foi detetado nenhum perímetro no ambiente complexo,Utilize os joysticks virtuais para controlar manualmente o robot e concluir o mapeamento,"Az automatikus térképezés sikertelen, mert a komplex környezetben nem észlelhető pázsitszegély",Használja a virtuális joystickokat a robot kézi vezérléséhez és a térképezés befejezéséhez,Automatsko mapiranje nije uspjelo jer u kompleksnom okruženju nije otkriven rub,Virtualnom upravljačkom palicom ručno upravljajte robotom i dovršite mapiranje,Automatisk kartlegging mislyktes fordi ingen perimeter ble oppdaget i det komplekse miljøet,Bruk de virtuelle styrespakene for å kontrollere roboten manuelt og fullføre kartleggingen,"Automaattinen kartoitus epäonnistui, koska kehää ei tunnistettu monimutkaisessa ympäristössä",Käytä virtuaalisia ohjaussauvoja robotin manuaaliseen ohjaamiseen ja kartoituksen viimeistelyyn,Maparea automată a eșuat deoarece nu a fost detectat niciun perimetru în mediul complex,Vă rugăm să folosiți joystick-urile virtuale pentru a controla manual robotul și a finaliza maparea,"Автоматичното картографиране е неуспешно, защото не е отчетен периметър в сложната обстановка","Използвайте виртуалните джойстици, за да завършите картографирането чрез ръчно управление на робота","Automaatne kaardistamine nurjus, sest keerukas keskkonnas ei õnnestunud tuvastada piirjoont","Viige kaardistamine lõpule, kasutades roboti käsitsi juhtimiseks virtuaalseid juhtkange","Automātiskā kartēšana bija neveiksmīga, jo sarežģītajā vidē netika konstatēts neviens perimetrs","Lietojiet virtuālās kursorsviras, lai robotu vadītu manuāli un veiktu kartēšanu","Automatinis susiejimas nepavyko, nes sudėtingoje aplinkoje neaptikta jokių perimetrų","Norėdami rankiniu būdu valdyti robotą ir užbaigti atvaizdavimą, naudokite virtualias vairasvirtes"
1223,3,common,STATE_1223,1,自动沿边建图因寻找不到有效边界而失败,Auto mapping failed because no valid perimeter could be found,Please use the virtual joysticks to move the robot to a clear perimeter and try again,自动沿边建图因寻找不到有效边界而失败,请使用摇杆控制机器移动到清晰边界处再重试,"Die automatische Kartierung ist fehlgeschlagen, da keine gültige Umgrenzung gefunden werden konnte",Steuern Sie den Roboter mit den virtuellen Joysticks in einen freien Bereich und versuchen Sie es erneut,Échec de la cartographie automatique car aucun périmètre valide n'a pu être trouvé,Veuillez utiliser les manettes virtuelles pour déplacer le robot vers un périmètre dégagé et essayer à nouveau,La mappatura automatica non è riuscita in quanto non è stato possibile trovare un perimetro valido,Utilizzare i joystick virtuali per spostare il robot in un perimetro libero e riprovare,,,El trazado de mapa automático ha fallado porque no se ha podido encontrar ningún perímetro válido,Utilice los joysticks virtuales para mover el robot a un perímetro despejado y vuelva a intentarlo,"Automatické mapování se nezdařilo, protože nebyl nalezen žádný platný obvod",K přesunutí robotu a smazání perimetru použijte virtuální joysticky a zkuste to znovu,,,"Automatické mapovanie zlyhalo, pretože sa nenašiel žiadny platný obvod",Pomocou virtuálnych pákových ovládačov premiestnite robota na zreteľný obvod a skúste to znova,"Automatyczne mapowanie nie powiodło się, ponieważ nie znaleziono prawidłowej granicy","Użyj wirtualnych manipulatorów, aby przestawić robota w pozycję, w której nie ma przeszkód, i spróbuj ponownie",Automatisch karteren is mislukt omdat er geen geldige perimeter kon worden gevonden,Gebruik de virtuele joysticks om de robot naar een vrije perimeter te verplaatsen en probeer het opnieuw,"Automatisk kortlægning mislykkedes, da ingen gyldig afgrænsning  blev fundet","Brug de virtuelle joysticks til at flytte robotplæneklipperen, rydde kantafgrænsningen og prøve igen",,,Automatisk mappning misslyckades eftersom ingen giltig perimeter hittades,Använd de virtuella styrspakarna för att flytta roboten till en fri yta och försök igen,"Samodejno ustvarjanje zemljevida ni uspelo, ker ni bilo mogoče najti veljavnega roba","Uporabite virtualne krmilne palice, da premaknete robota na jasno določen rob, in poskusite znova",O mapeamento automático falhou porque não foi possível encontrar um perímetro válido,Utilize os joysticks virtuais para mover o robot para um perímetro livre e tente novamente,"Az automatikus térképezés sikertelen, mert nem található érvényes pázsitszegély","A virtuális joystickokkal mozgassa a robotot tiszta pázsitszegélyhez, majd próbálja meg újra",Automatsko mapiranje nije uspjelo jer nije pronađen valjani rub,Virtualnom upravljačkom palicom pomaknite robota na jasno definirani obrub i pokušajte ponovno,Automatisk kartlegging mislyktes fordi det ikke kunne finnes noen perimeter,Bruk de virtuelle styrespakene til å flytte roboten til en klar perimeter og prøv igjen,"Automaattinen kartoitus epäonnistui, koska kelvollista kehää ei löytynyt",Käytä virtuaalisia ohjaussauvoja robotin siirtämiseen selkeälle kehälle ja yritä uudelleen,Maparea automată a eșuat deoarece nu a fost găsit niciun perimetru valid,Vă rugăm să folosiți joystick-urile virtuale pentru a muta robotul într-un perimetru clar și să încercați din nou,"Автоматичното картографиране е неуспешно, защото не е отчетен валиден периметър","Използвайте виртуалните джойстици, за да придвижите робота до чист периметър и опитайте отново","Automaatne kaardistamine nurjus, sest sobivat piirjoont ei leitud",Liigutage robot virtuaalseid juhtkange kasutades vabale piirjoonele ja proovige uuesti,"Automātiskā kartēšana bija neveiksmīga, jo netika atrasts derīgs perimetrs","Lūdzu, lietojiet virtuālās kursorsviras, lai pārvietotu robotu uz brīvu perimetru un mēģiniet vēlreiz","Automatinis susiejimas nepavyko, nes nerasta leistinų perimetrų",Naudodami virtualias vairasvirtes perkelkite robotą į aiškų perimetrą ir bandykite dar kartą
1224,3,navigation,STATE_1224,1,自动沿边建图因蓝牙断开而退出,Auto Mapping failed due to Bluetooth disconnected,Please stay close to the robot during auto mapping to maintain the Bluetooth connection,自动沿边建图因蓝牙断开而退出,请在自动沿边建图中跟随机器，保持蓝牙连接,"Automatische Kartierung fehlgeschlagen, da die Bluetooth-Verbindung unterbrochen wurde","Bitte bleiben Sie während der automatischen Kartierung in der Nähe des Roboters, um die Bluetooth-Verbindung aufrechtzuerhalten",Échec de la cartographie automatique en raison de la déconnexion du Bluetooth,Veuillez rester à proximité du robot pendant la cartographie automatique afin de maintenir la connexion Bluetooth,Mappatura automatica non riuscita per via della disattivazione del Bluetooth,Rimanere vicino al robot durante la mappatura automatica per mantenere la connessione Bluetooth,,,Fallo al crear el mapa automático debido a que el Bluetooth se ha desconectado,Permanezca cerca del robot durante la creación del mapa automático para mantener la conexión Bluetooth,Automatické mapování se nezdařilo kvůli odpojení Bluetooth,"Zůstaňte během automatického mapování v blízkosti robotu, abyste zachovali spojení Bluetooth",,,Automatické mapovanie zlyhalo v dôsledku odpojenia Bluetooth,"Počas automatického mapovania zostaňte v blízkosti robota, aby sa zachovalo pripojenie Bluetooth",Błąd automatycznego mapowania spowodowany wyłączeniem Bluetooth,"Nie oddalaj się od robota podczas mapowania automatycznego, aby utrzymać połączenie Bluetooth",Automatisch in kaart brengen mislukt vanwege verbroken Bluetooth-verbinding,Blijf tijdens het automatisch in kaart brengen in de buurt van de robot om de Bluetooth-verbinding te behouden,Automatisk kortlægning mislykkedes på grund af afbrydelse af Bluetooth,Hold dig i nærheden af robotten under den automatiske kortlægning for at opretholde Bluetooth-forbindelsen,Automatsko mapiranje nije uspelo jer je Bluetooth veza prekinuta,Ostanite u blizini robota tokom automatskog mapiranja da biste sprečili prekid Bluetooth veze,,Var alltid nära roboten under den automatiska kartläggningen för att garantera Bluetooth-anslutningen,Samodejno ustvarjanje zemljevida ni uspelo zaradi prekinitve povezave Bluetooth,"Ostanite blizu robota med samodejnim ustvarjanjem zemljevida, da ohranite povezavo Bluetooth",O Mpeamento automático falhou devido ao facto de o Bluetooth estar desligado,Mantenha-se perto do robô durante o mapeamento automático para manter a ligação Bluetooth,Az automatikus feltérképezés sikertelen a Bluetooth kapcsolat megszakadása miatt,"Maradjon a robot közelében az automatikus feltérképezés során, hogy ne szakadozzon a Bluetooth-kapcsolat",Nije uspjelo automatsko mapiranje jer je Bluetooth odspojen,Tijekom automatskog mapiranja ostanite u blizini robota kako biste održali Bluetooth vezu,Automatisk kartlegging mislyktes fordi Bluetooth ble frakoblet,Hold deg nær roboten under automatisk kartlegging for å opprettholde Bluetooth-tilkoblingen,"Automaattinen kartoitus epäonnistui, koska Bluetooth-yhteys katkesi","Pysy robotin lähellä automaattisen kartoituksen aikana, jotta Bluetooth-yhteys säilyy",Maparea automată nu a reușit din cauza deconectării Bluetooth,"Rămâneți aproape de robot în timpul mapării automate, pentru a menține Bluetooth conectat","Автоматичното картографиране е неуспешно, защото Bluetooth връзката е прекъсната","Стойте близо до робота, докато се извършва автоматично картографиране, за да поддържате Bluetooth връзката","Automaatne kaardistamine nurjus, sest Bluetooth pole ühendatud",Bluetoothi-ühenduse katkemise vältimiseks olge automaatse kaardistamise ajal roboti läheduses,Automātiska kartēšana neizdevās Bluetooth atvienošanas dēļ,"Automātiskās kartēšanas laikā palieciet robota tuvumā, lai uzturētu Bluetooth savienojumu",Automatinis susiejimas nepavyko dėl atjungto „Bluetooth“,"Automatinio susiejimo metu būkite arti roboto, kad išlaikytumėte „Bluetooth“ ryšį"
1225,3,navigation,STATE_1225,1,机器发生碰撞，创建边界失败,Lawn mapping failed due to collision,"Please ensure the area around the robot is clear, then remap the lawn",机器发生碰撞，创建边界失败,请确保车身周围无障碍物或在空旷地区开始录制,Rasen kartieren aufgrund einer Kollision fehlgeschlagen,"Vergewissern Sie sich, dass der Bereich um den Roboter herum frei ist, und kartieren Sie dann den Rasen neu",Échec de la cartographie de la pelouse en raison d'une collision,"Veuillez vous assurer que la zone autour du robot est dégagée, puis cartographiez la pelouse à nouveau",Mappatura del prato non riuscita per via di una collisione,"Assicurarsi che l’area intorno al robot sia sgombera, dopodiché ripetere la mappatura del prato",,,Fallo al crear el mapa del césped debido a una colisión,"Compruebe que el área alrededor del robot está despejada, después vuelva a crear el mapa del césped",Mapování trávníku se nezdařilo kvůli střetu,"Zajistěte, aby byl prostor kolem robotu volný, a pak namapujte trávník znovu",,,Mapovanie trávnika zlyhalo v dôsledku kolízie,"Skontrolujte, či je priestor okolo robota bez prekážok, potom znova vykonajte mapovanie trávnika",Mapowanie trawnika nie powiodło się z powodu kolizji,"Upewnij się, że przestrzeń wokół robota jest wolna od przeszkód i ponów mapowanie trawnika",In kaart brengen mislukt vanwege botsing,Zorg dat het gebied rond de robot onbelemmerd is en breng het gazon vervolgens opnieuw in kaart,Kortlægningen af plænen mislykkedes på grund af et sammenstød,"Sørg for, at området omkring robotten er ryddet, og kortlæg derefter plænen igen",Mapiranje travnjaka nije uspelo zbog sudara,"Uverite se da je prostor oko robota čist, a zatim ponovo mapirajte travnjak",,Säkerställ att området runt roboten är fritt och kartlägg sedan gräsmattan igen,Zemljevid trate ni bil uspešno ustvarjen zaradi trka,"Zagotovite, da je območje okoli robota prosto ovir, nato ponovno izvedite ustvarjanje zemljevida trate",O mapeamento do relvado falhou devido a colisão,"Certifique-se de que a área à volta do robô está desimpedida e, em seguida, volte a mapear o relvado",A gyep feltérképezése ütközés miatt sikertelen,"Ellenőrizze, hogy a robot körüli terület tiszta-e, majd térképezze fel újra a gyepet",Nije uspjelo mapiranje travnjaka zbog sudara,Provjerite da je područje oko robota bez prepreka i ponovno mapirajte travnjak,Plenkartlegging mislyktes på grunn av kollisjon,"Sørg for at området rundt roboten er fritt, og kartlegg plenen på nytt",Nurmikon kartoitus epäonnistui törmäyksen vuoksi,"Varmista, että robottia ympäröivä alue on vapaa, ja kartoita nurmikko uudelleen",Maparea peluzei nu a reușit din cauza unei coliziuni,"Asigurați-vă că zona din jurul robotului este liberă, apoi remapați peluza",Неуспешно картографиране поради сблъсък,Разчистете зоната около робота и след това картографирайте отново тревната площ,"Muru kaardistamine nurjus, sest toimus kokkupõrge","Veenduge, et robotit ümbrus oleks vaba ja kaardistage muruplats ümber",Zāliena kartēšana neizdevās sadursmes dēļ,"Nodrošiniet brīvu zonu ap robotu, pēc tam veiciet zāliena kartēšanu no jauna",Vejos atvaizdavimas nepavyko dėl susidūrimo,"Įsitikinkite, kad zona aplink robotą yra tuščia, tada iš naujo susiekite veją"
1300,3,navigation,STATE_1300,1,定位状态差,Poor positioning status,Please wait for the robot positioning to restore,定位状态差,请等待Robot自动恢复定位,Schlechter Positionierungsstatus,"Bitte warten Sie, bis Roboter die Positionierung automatisch wiederherstellt",Statut de positionnement de mauvaise qualité,Veuillez attendre que robot rétablisse automatiquement le positionnement.,Stato posizionamento non corretto,Attendere che robot ripristini automaticamente il posizionamento,,,Estado de posicionamiento deficiente,Espere a que robot restablezca automáticamente el posicionamiento,Špatný stav polohování,Počkejte na obnovení polohování robot,,,Zlý stav polohovania,Počkajte na obnovenie polohovania robot,Słaba jakość pozycjonowania,"Poczekaj, aż robot automatycznie przywróci pozycjonowanie",Slechte positioneringsstatus,Wacht tot robot automatisch de positionering herstelt.,Dårlig positioneringsstatus,"på, at robotpositioneringen gendannes",Лоше стање позиционирања,Сачекајте да се врати позиционирање робота,Dålig positioneringsstatus,Vänta tills robotens positionering återställs,Slabo stanje pozicioniranja,"Počakajte, da se ponovno vzpostavi položaj naprave robot",Estado de posicionamento ruim,"Por favor, aguarde o restabelecimento do posicionamento do robô",Rossz pozicionálási állapot,"Kérjük, várja meg a robot pozicionálásának helyreállítását",Loše stanje pozicioniranja,Pričekajte da se pozicioniranje robota vrati,Dårlig posisjoneringsstatus,Vennligst vent på at robotens posisjonering gjenopprettes,Huono paikannustila,"Odota, että robotin paikannus palautuu",Stare de poziționare slabă,Vă rugăm să așteptați restabilirea poziționării robotului,Лошо състояние на позициониране,"Моля, изчакайте възстановяване на позиционирането на робота",Kehv asendiseisund,"Palun oodake, kuni roboti asukoha taastumist",Slikta pozicionēšanās stāvoklis,"Lūdzu, gaidiet, kamēr robots atjauno pozicionēšanu",Prasta padėties nustatymo būsena,"Prašome palaukti, kol robotas atkurs padėties nustatymą"
1301,3,navigation,STATE_1301,1,充电桩位置变动,The charging station position has changed,Please relocate the charging station,充电桩位置变动,请重置充电桩,Änderung der Ladestapelposition,Bitte setzen Sie den Ladestapel zurück,Changement de position de la station de charge,Veuillez réinitialiser la station de charge.,Modifica della posizione della postazione di ricarica,Reimpostare la postazione di ricarica,,,Cambio de posición de la base de carga,Restablezca la base de carga,Poloha nabíjecí základny se změnila,Přemístěte nabíjecí základnu,,,Poloha nabíjacej základne sa zmenila,Premiestnite nabíjaciu základňu,Zmiana położenia stacji ładującej,Przenieś stację ładującą,Positieverandering laadstation,Reset het laadstation.,Ladestationens position er ændret,Flyt venligst ladestationen i app,Положај станице за пуњење је промењен,Преместите станицу за пуњење,Laddstationens position har ändrats,Vänligen flytta laddstationen,Položaj polnilne postaje se je spremenil,Prestavite polnilno postajo,A posição da estação de carregamento foi alterada,"Por favor, reposicione a estação de carregamento",A töltőállomás helye megváltozott,"Kérjük, helyezze át a töltőállomást",Promijenjen položaj punionice,Premjestite punionicu,Ladestasjonens plassering er endret,Vennligst flytt ladestasjonen,Latausaseman sijainti on muuttunut,Siirrä latausasema,Poziția stației de încărcare s-a schimbat,Vă rugăm să relocați stația de încărcare,Позицията на зарядната станция е променена,"Моля, преместете зарядната станция",Laadimisjaama asukoht on muutunud,Palun paigutage laadimisjaam ümber,Uzlādes stacijas atrašanās vieta ir mainījusies,"Lūdzu, pārvietojiet uzlādes staciju",Įkrovimo stoties padėtis pasikeitė,Prašome perkelti įkrovimo stotį
1302,3,navigation,STATE_1302,1,自动定向失败,Heading calibration failed,Please make sure that the robot’s positioning status is fine and try again,自动定向失败,请确保Robot定位稳定后重试,Automatische Richtungsfehler,"Bitte stellen Sie sicher, dass die Positionierung von Roboter stabil ist, bevor Sie es erneut versuchen",Erreur auto-direction,Verifier que le positionnement de robot est correct et recommencer,Errore di direzione automatica,Si prega di assicurarsi che il posizionamento di robot sia stabile prima di riprovare,,,Fallo de dirección automática,"Por favor, asegúrese de que la ubicación de robot sea estable antes de intentarlo nuevamente",Automatická kalibrace selhala,"Ujistěte se, že je stav polohování dobrý (FIX) a zkuste to znova",,,Automatická kalibrácia zlyhala,"Uistite sa, že je stav polohovania dobrý (FIX) a skúste to znova",Automatyczne kierowanie nie powiodło się,"Upewnij się, że pozycja robot jest stabilna i spróbuj ponownie",Zelfstuurfout,Controleer of de positionering van robot correct is en begin opnieuw,Kurskalibrering mislykkedes,"Sørg for, at robottens positioneringsstatus er i orden, og prøv igen",,,Kurskalibrering misslyckades,Se till att robotens positioneringsstatus är bra och försök igen,Kalibracija glave ni uspela,"Prepričajte se, da je stanje pozicioniranja naprave robot v redu, in poskusite znova.",,,,,,,,,,,,,,,,,,,,
1303,3,navigation,STATE_1303,1,定位状态差,Poor positioning status,The robot is resetting the onboard RTK module and trying to restore normal positioning,定位状态差,Robot正在重启RTK模块，试图恢复定位,Schlechter Positionierungsstatus,"Roboter setzt das integrierte RTK-Modul zurück und versucht, die normale Positionierung wiederherzustellen",Statut de positionnement de mauvaise qualité,Robot réinitialise le module RTK embarqué et tente de restaurer un positionnement normal,Stato posizionamento non corretto,Robot sta reimpostando il modulo RTK di bordo e cercando di ripristinare una posizione normale,,,Estado de posicionamiento deficiente,Robot está reiniciando el módulo RTK incorporado e intentando restaurar la posición normal,Špatný stav polohování,Robot resetuje vestavěný modul RTK a snaží se obnovit polohování,,,Zlý stav polohovania,Robot resetuje vstavaný modul RTK a snaží sa obnoviť polohovanie,Słaba jakość pozycjonowania,Robot resetuje wbudowany moduł RTK i próbuje przywrócić normalne pozycjonowanie,Slechte positioneringsstatus,Robot reset de ingebouwde RTK-module en probeert de normale positionering te herstellen,Dårlig positioneringsstatus,Robotten nulstiller det indbyggede RTK-modul og forsøger at gendanne normal positionering,,,Dålig positioneringsstatus,Roboten återställer RTK-modulen ombord och försöker återställa normal positionering,Slabo stanje pozicioniranja,Robot ponastavlja vgrajeni modul RTK in poskuša ponovno vzpostaviti normalno pozicioniranje,,,,,,,,,,,,,,,,,,,,
1304,3,navigation,STATE_1304,1,定位状态差,Poor positioning status,The robot has reset the onboard RTK module several times but the positioning has still failed. Please move the robot to a more open area and wait for positioning to resume,定位状态差,Robot已经多次重置了RTK模块，但定位仍然失败。请将Robot移动到更开阔的区域，并等待定位恢复,Schlechter Positionierungsstatus,"Roboter hat das integrierte RTK-Modul mehrmals zurückgesetzt, aber die Positionierung ist immer noch fehlgeschlagen. Bitte bewegen Sie Roboter in ein offeneres Gebiet und warten Sie, bis die Positionierung wieder aufgenommen wird",Statut de positionnement de mauvaise qualité,"Robot a réinitialisé plusieurs fois le module RTK embarqué, mais le positionnement a échoué. Veuillez déplacer robot vers une zone plus ouverte et attendre que la localisation reprenne",Stato posizionamento non corretto,Robot ha resettato il modulo RTK integrato diverse volte ma la posizionamento è ancora fallito. Si prega di spostare robot in un'area più aperta e attendere il ripristino del posizionamento,,,Estado de posicionamiento deficiente,"Robot ha reiniciado el módulo RTK incorporado varias veces pero la posición aún ha fallado. Por favor, mueva a Robot a un área más abierta y espere a que se reanude la localización",Špatný stav polohování,"Robot několikrát resetovala vestavěný modul RTK, ale polohování stále selhává. Prosím přemístěte robot do oblasti s otevřeným výhledem na oblohu a počkejte, až bude polohování obnoveno",,,Zlý stav polohovania,"Robot niekoľkokrát resetovala vstavaný modul RTK, ale polohovanie stále zlyháva. Prosím premiestnite Robot do oblasti s otvoreným výhľadom na oblohu a počkajte, až bude polohovanie obnovené",Słaba jakość pozycjonowania,"Robot kilkakrotnie zresetowała wbudowany moduł RTK, ale pozycjonowanie nadal nie działa. Proszę przenieść robot na bardziej otwartą przestrzeń i poczekać, aż pozycjonowanie się wznowi",Slechte positioneringsstatus,"Robot heeft de ingebouwde RTK-module verschillende keren gereset, maar de positionering is mislukt. Verplaats robot naar een meer open gebied en wacht tot het volgen wordt hervat",Dårlig positioneringsstatus,"Robotten har nulstillet det indbyggede RTK-modul flere gange, men positioneringen er stadig mislykket. Flyt robotten til et mere åbent område, og vent på, at positioneringen genoptages",,,Dålig positioneringsstatus,Roboten har återställt den inbyggda RTK-modulen flera gånger men positioneringen har fortfarande misslyckats. Flytta roboten till ett mer öppet område och vänta på att positioneringen återupptas,Stanje slabega položaja,"Robot je večkrat ponastavila vgrajeni modul RTK, vendar določanje položaja še vedno ni uspelo. Robot prestavite na bolj odprto območje in počakajte, da se pozicioniranje obnovi.",,,,,,,,,,,,,,,,,,,,
1305,3,navigation,STATE_1305,1,定位模块初始化异常,Positioning module initialization error,"Restart the robot. If the issue persists, contact the after-sales support",定位模块初始化异常,请重启Robot，若多次重启无效，请联系售后,Die Initialisierung des Positionsmoduls ist fehlerhaft,"Bitte starten Sie Roboter neu. Wenn mehrere Neustarts fehlschlagen, kontaktieren Sie bitte den Kundendienst",L‘initialisation du module de localisation est anormale,"Veuillez redémarrer robot. Si plusieurs redémarrages échouent, veuillez contacter le service après-vente",L‘inizializzazione del modulo di posizionamento è anomala,"Si prega di riavviare robot. Se diversi riavvii falliscono, si prega di contattare il servizio post-vendita",,,La inicialización del módulo de posicionamiento es excepcional,"Por favor, reinicie robot. Si varios reinicios fallan, por favor, póngase en contacto con el servicio postventa",Chyba inicializace polohovacího modulu,"Restartujte robot. Pokud problém přetrvává, kontaktujte autorizovaný servis",,,Chyba inicializácie polohovacieho modulu,"Reštartujte robot. Ak problém pretrváva, kontaktujte autorizovaný servis",Inicjalizacja modułu lokalizacji jest nieprawidłowa,"Uruchom ponownie robot. Jeśli nie działa, skontaktuj się z naszym zespołem obsługi posprzedażnej.",De initialisatie van de lokalisatiemodule is abnormaal.,"Start robot opnieuw op. Als meerdere herstarts mislukken, neem dan contact op met de klantenservice",Fejl ved initialisering af positioneringsmodul,"Genstart robotten. Hvis problemet fortsætter, skal du kontakte support",,,Initieringsfel vid positioneringsmodul,"Starta om roboten. Om problemet kvarstår, kontakta kundsupporten",Napaka pri inicializaciji modula za določanje položaja,"Ponovno zaženite program robot. Če se težava nadaljuje, se obrnite na poprodajno podporo",,,,,,,,,,,,,,,,,,,,
1308,3,common,STATE_1308,3,检测到基站位置变动,The RTK reference station location seems to be moved,,检测到基站位置变动,,Der Standort der RTK-Referenzstation scheint verschoben zu sein,,L'emplacement de la station de référence RTK semble avoir changé,,,,,,,,,,,,,,,,,,,,,,,,,,,,,,,,,,,,,,,,,,,,,
1309,3,navigation,STATE_1309,1,Robot在作业区域边缘启动作业，无法自动定向,The robot has not calibrated yet.,Please move the robot to the charging station or place it within the lawn and try again,Robot未定向,请将Robot移动到充电桩上或草坪区域中心后重试,Der Roboter wurde noch nicht kalibriert.,Bitte bringen Sie den Roboter zur Ladestation oder setzen Sie ihn auf den Rasen und versuchen Sie es erneut,Le robot n’a pas encore été calibré.,Déplacez le robot vers la station de charge ou placez-le dans la pelouse et réessayez,Il robot non è ancora stato calibrato.,Portare il robot nella stazione di ricarica o posizionarlo sul prato e riprovare,,,El robot aún no se ha calibrado.,Mueva el robot a la estación de carga o colóquelo dentro del césped y vuelva a intentarlo,Robot nebyl dosud kalibrován.,Přesuňte robot do nabíjecí stanice nebo ho umístěte na trávník a zkuste to znovu,,,Robot zatiaľ nebol kalibrovaný.,Premiestnite robota do nabíjacej stanice alebo ho položte do obvodu trávnika a skúste to znova,Robot nie został jeszcze skalibrowany.,Przenieś robota do stacji ładującej lub umieść go na trawniku i spróbuj ponownie,De robot is nog niet gekalibreerd.,Verplaats de robot naar het laadstation of plaats hem binnen het gazon en probeer opnieuw,Robotten er ikke kalibreret endnu.,"Flyt robotten til opladningsstationen, eller placér den på plænen, og prøv igen",,,Roboten har inte kalibrerats ännu.,Flytta roboten till laddstationen eller placera den på gräsmattan och försök igen,Robot še ni umerjen.,"Prosimo, premaknite robota na polnilno postajo ali ga postavite na zelenico in poskusite znova",O robô ainda não foi calibrado.,Desloque o robô para a estação de carregamento ou coloque-o no relvado e tente novamente,A robot még nem kalibrálódott.,"Kérjük, vigye a robotot a töltőállomásra, vagy helyezze a gyepre, és próbálja meg újra",Robot još nije kalibriran.,Pomaknite robota na stanicu za punjenje ili ga postavite unutar travnjaka i pokušajte ponovno,Roboten er ikke kalibrert ennå.,Flytt roboten til ladestasjonen eller plasser den innenfor plenen og prøv igjen,Robottia ei ole vielä kalibroitu.,Siirrä robotti latausasemaan tai aseta se nurmikolle ja yritä uudelleen,Robotul nu a fost calibrat încă.,Vă rugăm să mutați robotul la stația de încărcare sau să îl plasați în interiorul peluzei și să încercați din nou,Роботът все още не е калибриран.,Преместете робота в станцията за зареждане или го поставете в тревната площ и опитайте отново,Robot pole veel kalibreeritud.,Pange robot laadimisjaama või asetage see muru sisse ja proovige uuesti,Robots vēl nav kalibrējies.,"Lūdzu, pārvietojiet robotu uz uzlādes staciju vai novietojiet to zālienā un mēģiniet vēlreiz",Robotas dar nesukalibruotas.,Perkelkite robotą į įkrovimo stotelę arba padėkite jį vejoje ir bandykite dar kartą
1310,3,navigation,STATE_1310,1,Robot 当前位置无法搜索到充电桩红外信号,The robot is unable to get the infrared signal from its current location,Please check and clean infrared transceivers on the robot's rear and the charging station. Control the robot into the charging area with its rear to the charging station and try again,Robot 当前位置无法搜索到充电桩红外信号,请保证Robot尾部和充电桩的红外收发模块清洁，且把Robot控制到桩前并将尾部对准充电桩方向,Roboter kann das Infrarotsignal an der aktuellen Position nicht finden,"Bitte stellen Sie sicher, dass die Infrarot-Empfänger- und Sendermodule sowohl am Heck von Roboter als auch an der Ladestation sauber sind. Steuern Sie Roboter zur Vorderseite der Ladestation und richten Sie das Heck in Richtung Ladestation aus",Robot ne peut pas trouver le signal infrarouge à la position actuelle,Veuillez vous assurer que les modules de transmission infrarouge à l’arrière de robot et sur la station de charge sont propres. Contrôlez robot vers l’avant de la station de charge et alignez son arrière vers la station de charge,Robot non riesce a trovare il segnale infrarosso alla posizione attuale,Assicurati che i moduli trasmettitore-ricevitore infrarossi sia sulla parte posteriore di robot che sulla stazione di ricarica siano puliti. Controlla robot verso la parte anteriore della stazione di ricarica e allinea la sua parte posteriore verso la stazione di ricarica,,,Robot no puede encontrar la señal infrarroja en la posición actual,"Por favor, asegúrate de que los módulos transceptores infrarrojos tanto en la parte trasera de robot como en la estación de carga estén limpios. Controla a robot hacia la parte delantera de la estación de carga y alinea su parte trasera con la estación de carga",Robot nemůže získat infračervený signál ze své aktuální pozice,"Zkontrolujte a očistěte infračervené přijímače a vysílače v zadní části robot a na základně. Ovládejte robot do nabíjecí oblasti, zadní stranou k nabíjecí základně a zkuste to znova",,,Robot nemôže získať infračervený signál zo svojej aktuálnej pozície,"Skontrolujte a očistite infračervené prijímače a vysielače v zadnej časti robot a na základni. Ovládajte robot do nabíjacej oblasti, zadnou stranou k nabíjacej základni a skúste to znova",Robot nie może znaleźć sygnału podczerwieni na obecnej pozycji,"Proszę upewnić się, że moduły odbiorników i nadajników podczerwieni na tylnej części robot i na stacji ładowania są czyste. Kontroluj robot do przodu stacji ładowania i wyrównaj tylną część robot w kierunku stacji ładowania",Robot kan het infraroodsignaal niet vinden op de huidige positie.,Zorg ervoor dat de infraroodtransmissiemodules aan de achterkant van robot en op het laadstation schoon zijn. Bedien robot naar de voorkant van het laadstation en lijn de achterkant uit naar het laadstation,Robotten kan ikke få det infrarøde signal fra dets aktuelle placering,"Kontroller og rengør infrarøde transceivere på robottens bagside og ladestationen. Styr robotten ind i ladeområdet med bagenden til ladestationen, og prøv igen",,,Roboten kan inte få den infraröda signalen från sin nuvarande plats,Kontrollera och rengör infraröda transceivrar på robotens baksida och laddstationen. Styr roboten in i laddningsområdet med baksidan mot laddstationen och försök igen,Robot ne more dobiti infrardečega signala s trenutne lokacije,Preverite in očistite infrardeče oddajnike na zadnji strani naprave robot in na polnilni postaji. Upravite napravo robot v polnilno območje z zadnjim delom proti polnilni postaji in poskusite znova.,,,,,,,,,,,,,,,,,,,,
1311,3,navigation,STATE_1311,1,Robot位于作业区域外，无法回充,Unable to recharge here,Please control the robot into a task area and retry,启动回充的区域不合理,请把Robot控制到作业区域中心后重试,"Der Bereich, in dem das Aufladen eingeleitet wird, ist nicht zumutbar",Bitte steuern Sie Roboter in den Aufgabenbereich und versuchen Sie es erneut,La zone de rechargement de démarrage est déraisonnable,Veuillez contrôler robot dans la zone des tâches et réessayer,Area irragionevole per l'avvio della ricarica,Si prega di controllare robot nell’area delle attività e riprovare,,,El área para iniciar la recarga no es razonable,"Por favor, controla a robot dentro del área de tareas e inténtalo de nuevo",Nepřiměřená oblast pro zahájení dobíjení,Ovládejte robot do oblasti sečení a zkuste to znovu,,,Neprimeraná oblasť pre začatie dobíjania,Ovládajte robot do oblasti kosenia a skúste to znova,Nieuzasadniony obszar do rozpoczęcia ładowania,Proszę kontrolować robot w obszarze zadania i spróbować ponownie,Onredelijk gebied voor het initiëren van opladen,Controleer robot in de taakzone en probeer het opnieuw.,Uregelmæssigt område til iværksættelse af genopladning,"Styr robotten ind i et opgaveområde, og prøv igen",,,Orimligt område för att inleda laddning,Vänligen styr roboten till ett klippningsområde och försök igen,Nerazumno območje za začetek polnjenje,Upravljajte napravo robot v območje za naloge in poskusite znova,,,,,,,,,,,,,,,,,,,,
1312,3,common,STATE_1312,1,视觉定位与轮速定位偏差较大,The 3D vision module's positioning data differs significantly from that of the wheel speed sensor,Please restart the robot and try again in a well-lit environment,视觉定位与轮速定位偏差较大,请重启机器，并在光线充足的环境重试,Die Positionsdaten des 3D-Visionsmoduls weichen erheblich von denen des Raddrehzahlsensors ab,Bitte starten Sie den Roboter neu und versuchen Sie es erneut in einer gut beleuchteten Umgebung,Les données de positionnement du module de vision 3D diffèrent considérablement de celles du capteur de vitesse de roue,Veuillez redémarrer le robot et réessayer dans un environnement bien éclairé,I dati di posizionamento del modulo di visione 3D differiscono significativamente da quelli del sensore di velocità della ruota,Si prega di riavviare il robot e riprovare in un ambiente ben illuminato,,,Los datos de posicionamiento del módulo de visión 3D difieren significativamente de los del sensor de velocidad de la rueda,"Por favor, reinicie el robot e inténtelo de nuevo en un entorno bien iluminado",Poloha dat modulu 3D vidění se výrazně liší od dat senzoru rychlosti kola,Restartujte robota a zkuste to znovu v dobře osvětleném prostředí,,,Poloha dát modulu 3D vízie sa výrazne líši od dátumov snímača rýchlosti kolesa,Restartujte robota a skúste to znova v dobre osvetlenom prostredí,Dane pozycjonowania modułu wizji 3D znacznie różnią się od danych czujnika prędkości koła,Proszę zrestartować robota i spróbować ponownie w dobrze oświetlonym środowisku,Grote afwijking tussen visuele positionering en wielsnelheidspositionering,Start de machine opnieuw op en probeer het opnieuw in een goed verlichte omgeving,3D-visionmodulets positioneringsdata adskiller sig væsentligt fra hjulhastighedssensorens,"Genstart robotten, og prøv igen i et godt oplyst miljø",,,3D-visionmodulens positionsdata skiljer sig väsentligt från hjulhastighetssensorn,Starta om roboten och försök igen i en väl upplyst miljö,Velik odklon med vizualnim položajem in položajem hitrosti kolesa,"Prosim, ponovno zaženite stroj in poskusite znova v dobro osvetljenem okolju",,,,,,,,,,,,,,,,,,,,
1313,3,mcu,STATE_1313,1,未在充电桩上启动作业,Unable to work because the robot is not at the charging station,Please move the robot to the charging station and try again,未在充电桩上启动作业,请移动到充电桩上，然后启动作业,"Betrieb nicht möglich, da sich der Roboter nicht an der Ladestation befindet",Bitte bringen Sie den Roboter zur Ladestation und versuchen Sie es erneut,"Travail impossible, car le robot n’est pas à la station de charge",Veuillez déplacer le robot vers la station de charge et réessayez,Non è possibile procedere perché il robot non si trova nella stazione di ricarica,Spostare il robot nella stazione di ricarica e riprovare,,,No se puede trabajar porque el robot no está en la estación de carga,Mueva el robot a la estación de carga e inténtelo de nuevo,"Nelze fungovat, protože robot není v nabíjecí stanici",Přesuňte robot do nabíjecí stanice a zkuste to znovu,,,"Nie je možné pracovať, lebo robot nie je v nabíjacej stanici",Premiestnite robota do nabíjacej stanice a skúste to znova,"Robot nie może pracować, ponieważ nie znajduje się w stacji ładującej",Przenieś robota do stacji ładującej i spróbuj ponownie,Kan niet werken omdat de robot niet bij het laadstation staat,Verplaats de robot naar het laadstation en probeer opnieuw,"Kan ikke arbejde, fordi robotten ikke er på opladningsstationen","Flyt robotten til opladningsstationen, og prøv igen",,,Kan inte fungera eftersom roboten inte är vid laddstationen,Flytta roboten till laddstationen och försök igen,"Ne more delovati, ker robota ni na polnilni postaji","Prosimo, premaknite robota na polnilno postajo in poskusite znova",Não é possível trabalhar porque o robô não está na estação de carregamento,Desloque o robô para a estação de carregamento e tente novamente,"Nem tud dolgozni, mert a robot nincs a töltőállomáson","Kérjük, vigye a robotot a töltőállomásra, és próbálja meg újra",Rad nije moguć je robot nije na stanici za punjenje,Pomaknite robota na stanicu za punjenje i pokušajte ponovno,Kan ikke jobbe fordi roboten ikke er ved ladestasjonen,Flytt roboten til ladestasjonen og prøv igjen,"Työskentely ei onnistu, koska robotti ei ole latausasemassa",Siirrä robotti latausasemaan ja yritä uudelleen,Nu poate funcționa deoarece robotul nu este la stația de încărcare,Vă rugăm să mutați robotul la stația de încărcare și să încercați din nou,"Действието не е възможно, защото роботът не е в станцията за зареждане",Преместете робота в станцията за зареждане и опитайте отново,"Ei ole võimeline töötama, kuna robot pole laadimisjaamas",Viige robot laadimisjaama ja proovige uuesti,"Nevar strādāt, jo robots nav uzlādes stacijā","Lūdzu, pārvietojiet robotu uz uzlādes staciju un mēģiniet vēlreiz","Negalima dirbti, nes robotas nėra įkrovimo stotelėje",Perkelkite robotą į įkrovimo stotelę ir bandykite dar kartą
1314,3,navigation,STATE_1314,1,定位精度差,Weak positioning signal,Please move the robot to an open area or place it on the charging station before restarting the task,定位精度差,请控车到开阔的地方继续作业或者在充电桩启动作业,Schwaches Positionssignal,"Bitte bewegen Sie den Roboter in einen offenen Bereich oder stellen Sie ihn auf die Ladestation, bevor Sie die Aufgabe erneut starten",Faible signal de positionnement,Veuillez déplacer le robot dans une zone ouverte ou le placer sur la station de charge avant de redémarrer la tâche,Segnale di posizionamento debole,Spostare il robot in un'area aperta o posizionarlo sulla stazione di ricarica prima di riavviare l'attività,,,Señal de posicionamiento débil,Traslade el robot a una zona abierta o colóquelo en la estación de carga antes de reiniciar la tarea,Slabý signál polohy,"Než úlohu znovu spustíte, přesuňte robot do otevřeného prostoru nebo ho umístěte na nabíjecí stanici",,,Slabý signál zisťovania polohy,Pred reštartovaním danej úlohy premiestnite robota na otvorené priestranstvo alebo ho položte na nabíjaciu stanicu,Słaby sygnał położenia,Przed wznowieniem działania przenieś robota w inne miejsce wolne od przeszkód lub umieść go na stacji ładowania,Zwak positioneringssignaal,Plaats de robot in een open ruimte of op het laadstation voordat u de taak herstart,Svagt positioneringssignal,"Flyt robotten ud i et åbent område, eller anbring den på ladestationen, før du genstarter opgaven",Slab signal za pozicioniranje,Premestite robot u otvoreni prostor ili ga stavite na stanicu za punjenje pre nego što ponovo pokrenete zadatak,,Innan du startar om uppgiften ska du flytta roboten till ett öppet område eller placera den på laddningsstationen,Šibek signal za pozicioniranje,"Premaknite robota na odprto območje ali ga postavite na polnilno postajo, preden ponovno zaženete nalogo",Sinal de posicionamento fraco,Desloque o robô para uma área aberta ou coloque-o na estação de carregamento antes de reiniciar a tarefa,Helyzetjel gyenge,"A feladat folytatása előtt vigye a robotot egy üres területre, vagy helyezze a töltőállomásra",Slab signal pozicioniranja,Prije ponovnog pokretanja zadatka pomaknite robota na otvoreno područje ili ga postavite na stanicu za punjenje,Svak posisjoneringssignal,Flytt roboten til et åpent område eller plasser den på ladestasjonen før du starter oppgaven på nytt,Heikko paikannussignaali,"Siirrä robotti avoimelle alueelle tai aseta se latausasemaan, ennen kuin aloitat tehtävän uudelleen",Semnal de poziționare slab,Deplasați robotul către o zonă deschisă sau așezați-l pe o stație de încărcare înainte de a relua sarcina,Слаб сигнал за местоположение,"Преместете робота в открито пространство или го поставете на станцията за зареждане, преди да рестартирате задачата",Asukoha määramise signaal on nõrk,Viige robot enne töö jätkamist lagedale alale või laadimisjaama,Vājš pozicionēšanas signāls,Pārvietojiet robotu uz brīvu zonu vai novietojiet to uzlādes stacijā pirms uzdevuma restartēšanas,Silpnas padėties nustatymo signalas,"Prieš iš naujo paleisdami užduotį, perkelkite robotą į atvirą vietą arba padėkite jį ant įkrovimo stotelės"
1315,3,navigation,STATE_1315,1,定位丢失，录制失败,Lawn mapping failed due to positioning loss,"Please remap the lawn. If the issue persists, contact after-sales support",定位丢失，录制失败,请尝试重新录制，若多次录制失败，请联系售后,Rasen kartieren aufgrund von Positionsverlust fehlgeschlagen,"Bitte kartieren Sie den Rasen neu. Wenn das Problem weiterhin besteht, wenden Sie sich an den Kundendienst",La cartographie de la pelouse a échoué en raison d'une perte de positionnement,"Veuillez cartographier la pelouse à nouveau. Si le problème persiste, contactez le service après-vente",Mappatura del prato non riuscita per perdita di posizionamento,"Ripetere la mappatura del prato. Se i problemi persistono, contattare il servizio post-vendita",,,Fallo al crear el mapa del césped debido a una pérdida de posicionamiento,"Vuelva a crear el mapa del césped. Si el problema persiste, póngase en contacto con el servicio postventa",Mapování trávníku se nezdařilo kvůli ztrátě polohy,"Namapujte trávník znovu. Pokud problém přetrvává, obraťte se na poprodejní podporu",,,Mapovanie trávnika zlyhalo v dôsledku poruchy zisťovania polohy,"Znova vykonajte mapovanie trávnika. Ak problém pretrváva, obráťte sa na oddelenie podpory po predaji",Mapowanie trawnika nie powiodło się z powodu utraty lokalizacji,"Ponów mapowanie trawnika. Jeżeli problem nie ustępuje, skontaktuj się z obsługą klienta",Het in kaart brengen van het gazon is mislukt vanwege verlies van positionering,Breng het gazon opnieuw in kaart. Neem contact op met de klantenservice als het probleem aanhoudt,Kortlægningen af plænen mislykkedes på grund af mistet positionering,"Kortlæg plænen igen. Kontakt kundesupport, hvis problemet vedvarer",Mapiranje travnjaka nije uspelo zbog gubitka pozicioniranja,"Ponovo mapirajte travnjak. Ako se problem i dalje bude javljao, obratite se korisničkoj podršci",,Kartlägg gräsmattan igen. Kontakta kundsupport om problemet kvarstår,Zemljevid trate ni bil uspešno ustvarjen zaradi izgube signala za pozicioniranje,"Ponovno ustvarite zemljevid travnika. Če težave ne odpravite, se obrnite na poprodajno podporo",O mapeamento do relvado falhou devido a perda de posicionamento,"Mapeie novamente o relvado. Se o problema persistir, contacte a assistência pós-venda",A gyep feltérképezése sikertelen a helyzetjel elvesztése miatt,"Térképezze fel újra a gyepet. Ha a probléma továbbra is fennáll, forduljon a vevőszolgálathoz",Mapiranje travnjaka nije uspjelo zbog gubitka pozicioniranja,"Ponovno mapirajte travnjak. Ako to ne riješi problem, obratite se poslijeprodajnoj podršci",Plenkartlegging mislyktes på grunn av tap av posisjonering,Kartlegg plenen på nytt. Kontakt ettersalgsstøtten hvis problemet vedvarer,Nurmikon kartoitus epäonnistui paikannushäviön vuoksi,"Kartoita nurmikko uudelleen. Jos ongelma jatkuu, ota yhteyttä myynnin jälkeiseen tukeen",Maparea peluzei nu a reușit din cauza pierderii semnalului de poziționare,"Remapați peluza. Dacă problema persistă, contactați serviciul de asistență post-vânzări",Неуспешно картографиране на тревната площ поради загуба на сигнала за местоположение,"Картографирайте отново тревната площ. Ако проблемът продължава, потърсете екипа за обслужване на клиенти","Muru kaardistamine nurjus, sest asukoha määramine katkes","Kaardistage muruplats uuesti. Kui probleem püsib, võtke ühendust müügijärgse toega",Zāliena kartēšana neizdevās pozicionēšanas zuduma dēļ,"Veiciet zāliena kartēšanu no jauna. Ja problēma joprojām pastāv, sazinieties ar pēcpārdošanas atbalsta dienestu",Vejos atvaizdavimas nepavyko dėl padėties nustatymo signalo praradimo,"Iš naujo susiekite veją. Jei problema išlieka, susisiekite su aptarnavimo komanda"
1400,3,common,STATE_1400,3,系统内存不足,Out of memory,,系统内存不足,,Kein Speicher mehr,,Manque de mémoire,,,,,,,,,,,,,,,,,,,,,,,,,,,,,,,,,,,,,,,,,,,,,
1406,3,navigation,STATE_1406,1,检测到无效作业区域,Invalid task area detected,Please try again after restarting the robot,检测到无效作业区域,请在重启Robot后重试,Ungültiger Arbeitsbereich erkannt,"Bitte versuchen Sie es erneut, nachdem Sie Roboter neu gestartet haben",Zone de travail non valide détectée,Veuillez réessayer après avoir redémarré robot,Rilevata un‘area di lavoro non valida,Si prega di riprovare dopo aver riavviato robot,,,Se detectó un área de trabajo no válida,"Por favor, inténtelo de nuevo después de reiniciar robot",Zjištěna neplatná oblast sečení,Zkuste to znova po restartování robot,,,Zistená neplatná oblasť kosenia,Skúste to znova po reštartovaní robot,Wykryto nieprawidłowy obszar roboczy,Proszę spróbować ponownie po restarcie robot,Ongeldig werkgebied gedetecteerd,Probeer opnieuw na opnieuw opstarten van robot,Der blev registreret et ugyldigt opgaveområde,"Prøv igen, når du har genstartet robotten",,,Ogiltigt aktivitetsområde upptäcktes,Försök igen efter att ha startat om roboten,Zaznano nepravilno območje opravil,Po ponovnem zagonu naprave robot poskusite znova,,,,,,,,,,,,,,,,,,,,
1407,3,navigation,STATE_1407,1,未标记充电桩位置,The charging station location is unknown,Please move the robot on the charging station and relocate the charging station,未标记充电桩位置,请先将机器移到充电桩上充电，并标记充电桩位置,Die Position der Ladestation ist nicht markiert,"Bitte stellen Sie Roboter auf die Ladestation und verwenden Sie die Taste Ladestation zurücksetzen, um die Ladestation auf der Karte zu setzen",L’emplacement de la station de recharge n’est pas marqué,Veuillez placer robot sur la station de recharge et utilisez le bouton réinitialiser la station de recharge pour positionner la station de recharge sur la carte,La posizione della stazione di ricarica non è contrassegnata,Si prega di posizionare robot sulla stazione di ricarica e utilizzare il pulsante resetta stazione di ricarica per posizionare la stazione di ricarica sulla mappa,,,No se ha marcado la ubicación de la estación de carga,"Por favor, coloca a robot en la estación de carga y utiliza el botón restablecer estación de carga para establecer la estación de carga en el mapa",Poloha nabíjecí základny neznámá,Nechte robot zajit do nabíjecí základny pro zanesení polohy základny do mapy,,,Poloha nabíjacej základne neznáma,Nechajte robot zájsť do nabíjacej základne pre zanesenie polohy základne do mapy,Lokalizacja stacji ładowania nie jest oznaczona,"Proszę umieścić robot na stacji ładowania i użyć przycisku resetuj stację ładowania, aby umieścić stację ładowania na mapie",Locatie van laadstation is niet gemarkeerd,Plaats robot op het laadstation en gebruik de knop voor het resetten van het laadstation om het laadstation op de kaart te positioneren,Placeringen af ladestationen er ukendt,"Flyt robotten til ladestationen, og tilpas placering ladestationen",,,Laddstationens plats är okänd,Flytta roboten på laddstationen och flytta om laddstationen,Lokacija polnilne postaje ni znana,"Prosimo, premaknite robot na polnilno postajo in prestavite polnilno postajo",,,,,,,,,,,,,,,,,,,,
1411,3,navigation,STATE_1411,1,Robot当前位于作业区域外或禁区内,The robot is outside a task area or is inside a no-go zone,Please control the robot into a task area and retry,Robot当前位于作业区域外或禁区内,请将机器移到作业区域并重试,Roboter ist außerhalb des Aufgabenbereichs oder in der No-Go-Zone und kann nicht automatisch gehen,Bitte steuern Sie Roboter in den Aufgabenbereich und versuchen Sie es erneut,Robot est en dehors de la zone de tâches ou dans la zone interdite et ne peut pas se déplacer automatiquement,Veuillez contrôler robot dans la zone des tâches et réessayer,Robot è fuori dall’area delle attività o nella zona non consentita e non può muoversi automaticamente,Si prega di controllare robot nell’area delle attività e riprovare,,,Robot está fuera del área de tareas o en la zona prohibida y no puede desplazarse automáticamente,"Por favor, controla a robot dentro del área de tareas e inténtalo de nuevo",Robot je mimo oblast sečení nebo je uvnitř no-go zóny,Ovládejte manuálně robot do oblasti sečení a zkuste to znova,,,Robot je mimo oblasti kosenia alebo je vo vnútri no-go zóny,Ovládajte manuálne robot do oblasti kosenia a skúste to znova,Robot jest poza obszarem zadania lub w strefie zabronionej i nie może poruszać się automatycznie,Proszę kontrolować robot w obszarze zadania i spróbować ponownie,Robot bevindt zich buiten de taakzone of in de verboden zone en kan niet automatisch bewegen,Controleer robot in het taakgebied en probeer het opnieuw.,Robotten er uden for opgaveområdet eller er inde i en no-go zone,"Styr robotten ind i opgaveområdet, og prøv igen",,,Roboten är utanför klippningsområdet eller är inom en no-go-zon,Vänligen styr roboten till klippningsområdet och försök igen,Robot je zunaj območja opravila ali je na območju prepovedane cone,Upravite napravo robot v območje naloge in poskusite znova,,,,,,,,,,,,,,,,,,,,
1412,3,navigation,STATE_1412,1,Robot无法到达下一个点,The robot cannot reach the next point,"Restart the robot. If the issue persists after restart, contact the after-sales support",Robot无法到达下一个点,请尝试重新开始，若多次重试无效，请联系售后,Roboter kann den nächsten Punkt nicht erreichen,"Bitte versuchen Sie es erneut zu starten. Wenn mehrere Versuche nicht erfolgreich sind, kontaktieren Sie bitte den Kundendienst",Robot ne peut pas atteindre le prochain pont,Recommencer. Si vous échouez après plusieurs tentatives contacter le Service après-ventes,Robot non riesce a raggiungere il punto successivo,"Si prega di provare a riavviare. Se i tentativi ripetuti non hanno successo, contattare l‘assistenza clienti",,,Robot no puede llegar al siguiente punto,"Por favor, intente reiniciar. Si varios intentos no tienen éxito, por favor, comuníquese con el servicio de atención al cliente",Robot nemůže dosáhnout dalšího bodu,"Restartujte robot. Pokud problém přetrvává, kontaktujte autorizovaný servis",,,Robot nemôže dosiahnuť ďalší bod,"Reštartujte robot. Ak problém pretrváva, kontaktujte autorizovaný servis",Robot nie może dotrzeć do następnego punktu,"Spróbuj ponownie uruchomić. Jeśli wiele ponownych prób zakończy się niepowodzeniem, skontaktuj się z obsługą posprzedażną",Robot kan de volgende brug niet bereiken.,"Begin opnieuw. Als het na meerdere pogingen niet lukt, neem dan contact op met de Klantenservice",Robotten kan ikke nå det næste punkt,"Genstart robotten. Hvis problemet fortsætter efter genstart, skal du kontakte support",,,Roboten kan inte nå nästa punkt,Starta om roboten. Om problemet kvarstår efter omstart kontaktar du kundsupporten,Robot ne more doseči naslednje točke,"Ponovno zaženite napravo robot. Če se težava po ponovnem zagonu nadaljuje, se obrnite na poprodajno podporo",,,,,,,,,,,,,,,,,,,,
1413,3,navigation,STATE_1413,1,回充路线规划失败,Recharge route planning failed,"Please make sure that there are no obstacles around the robot and the task areas are accessible, then try recharge again",回充路线规划失败,请确保Robot周围无异常且地图区域可通行后重试回充,Fehler bei der Planung der Nachladestrecke,"Bitte stellen Sie sicher, dass es keine Anomalien in der Umgebung von Roboter gibt und das Kartenareal passierbar ist, bevor Sie den Wiederaufladeprozess erneut versuchen",le rechargement des plannings n’a pas fonctionné,"Veuillez vous assurer qu’il n’y a pas de problème particulier autour de robot et que la zone de la carte est accessible, puis essayez de recharger à nouveau",Pianificazione del percorso di ricarica non riuscita,Si prega di assicurarsi che non ci siano anomalie intorno a robot e che l‘area della mappa sia accessibile prima di riprovare la ricarica,,,Falló la planificación de la ruta de recarga,"Por favor, asegúrese de que no haya anomalías alrededor de robot y que el área del mapa sea transitable antes de volver a intentar la recarga",Plánování propojovací cesty k základně selhalo,"Ujistěte se, že kolem robot nejsou žádné překážky a oblast sečení je dostupná, poté opět zahajte návrat do základny",,,Plánovanie prepojovacej cesty k základni zlyhalo,"Uistite sa, že okolo robot nie sú žiadne prekážky a oblasť kosenia je dostupná, potom opäť zahájte návrat do základne",Planowanie trasy ładowania nie powiodło się,"Upewnij się, że wokół robot nie ma żadnych nieprawidłowości, a obszar mapy jest dostępny, a następnie spróbuj ponownie",Het herladen van schema's is mislukt.,Controleer of er geen specifieke problemen zijn rond robot en of het kaartgebied toegankelijk is. Probeer vervolgens opnieuw te laden.,Ruteplanlægning til opladning mislykkedes,"Sørg for, at der ikke er forhindringer omkring robotten, og at opgaveområderne er tilgængelige, og prøv derefter at genoplade igen",,,Ladda ruttplaneringen misslyckades,"Se till att det inte finns några hinder runt roboten och att klippningsområdena är tillgängliga, försök sedan ladda igen",Načrtovanje poti polnjenja ni uspelo,"Prepričajte se, da okoli naprave robot ni ovir in da so območja nalog dostopna, nato poskusite ponovno napolniti napravo",,,,,,,,,,,,,,,,,,,,
1414,3,navigation,STATE_1414,1,充电桩未与任务区域连通，且不在任务区域内,The charging station is outside a task area and not connected to any task area,Please add a channel between the charging station and a task area,充电桩未与任务区域连通，且不在任务区域内,请将充电站连接到任务区域,"Die Ladestation ist weder mit dem Aufgabenbereich verbunden, noch innerhalb des Aufgabenbereichs",Bitte verbinden Sie die Ladestation mit dem Aufgabenbereich oder setzen Sie die Ladestation im Aufgabenbereich zurück,"La station de recharge n’est ni connectée à la zone des tâches, ni située dans la zone des tâches",Veuillez connecter la station de recharge à la zone de tâches ou réinitialiser la station de recharge dans la zone de tâches,"La stazione di ricarica non è né collegata all’area delle attività, né all’interno dell’area delle attività",Si prega di collegare la stazione di ricarica all’area delle attività o ripristinare la stazione di ricarica nell’area delle attività,,,"La estación de carga no está conectada ni al área de tareas, ni dentro del área de tareas","Por favor, conecte la estación de carga al área de tareas o reinicie la estación de carga en el área de tareas",Nabíjecí základna je mimo oblast sečení a není připojena k žádné oblasti sečení,Přidejte propojovací cestu mezi nabíjecí základnou a oblastí sečení,,,Nabíjacia základňa je mimo oblasti kosenia a nie je pripojená k žiadnej oblasti kosenia,Pridajte prepojovaciu cestu medzi nabíjacou základňou a oblasťou kosenia,"Stacja ładowania nie jest ani podłączona do obszaru zadań, ani nie znajduje się w obszarze zadań",Proszę podłączyć stację ładowania do obszaru zadań lub zresetować stację ładowania w obszarze zadań,Het laadstation is niet verbonden met het taakgebied en bevindt zich ook niet in het taakgebied,Sluit het laadstation aan op het taakgebied of reset het laadstation op het taakgebied.,Ladestationen er uden for opgaveområdet og ikke forbundet til noget opgaveområde,Tilføj en vej mellem ladestationen og opgaveområdet,,,Laddstationen är utanför klippningsområdet och inte ansluten till något klippningsområde,Lägg till en väg mellan laddstationen och klippområdet,Polnilna postaja je zunaj območja opravil in ni povezana z nobenim območjem opravil,"Prosimo, dodajte pot med polnilno postajo in območjem opravil",,,,,,,,,,,,,,,,,,,,
1415,3,common,STATE_1415,2,区域选择异常,Mowing area selection is abnormal,Please reselect the mowing area,区域选择异常,请重新选择区域,Die Auswahl des Mähbereichs ist anormal,Bitte wählen Sie den Mähbereich erneut aus,Zone de tonte sélection anormale,Veuillez sélectionner à nouveau la zone de tonte,,,,,,,,,,,,,,,,,,,,,,,,,,,,,,,,,,,,,,,,,,,,
1416,3,navigation,STATE_1416,1,连通路径无法通行,The channel is unpassable,Please try again after removing the obstacle on the channel,连通路径无法通行,请清除通道上的障碍后重试,Die Verbindung ist nicht passierbar,Bitte entfernen Sie das Hindernis auf der Strecke und versuchen Sie es erneut,Le chemin connecté est infranchissable,Veuillez réessayer après avoir supprimé l’obstacle sur le chemin,Il percorso di connessione non è praticabile,Si prega di rimuovere l‘ostacolo sul percorso e riprovare,,,La ruta de conexión no es transitable,"Por favor, elimine el obstáculo en el camino y vuelva a intentarlo",Propojovací cesta je neprůjezdná,Zkuse to znova po odstranění překážky z propojovací cesty,,,Prepojovacia cesta je neprejazdná,Skúste to znova po odstránení prekážky z prepojovacej cesty,Trasa połączenia jest nieprzejezdna,Proszę usunąć przeszkodę na drodze i spróbować ponownie,Het aangesloten pad kan niet worden gebruikt,Probeer het opnieuw nadat u het obstakel in het pad hebt verwijderd.,Vejen er uacceptabel,"Prøv igen, når du har fjernet forhindringen på vejen",,,Vägen är opassande,Försök igen efter att ha tagit bort hindret på vägen,Pot ni prehodna,"Poskusite znova, ko odstranite oviro na poti",,,,,,,,,,,,,,,,,,,,
1417,3,navigation,STATE_1417,1,检测到无效作业区域,Invalid task area detected,"Please try again after restarting the robot. If the issue persists, please delete the map and remap the task area",检测到无效作业区域,请重启Robot后重试。若重试无效，请在设置中点击清空地图后重新创建作业区域,Ungültiger Arbeitsbereich erkannt,"Bitte starten Sie Roboter neu und versuchen Sie es erneut. Wenn der erneute Versuch nicht erfolgreich ist, klicken Sie bitte in den Einstellungen auf Karte leeren und erstellen Sie den Arbeitsbereich erneut",Zone de travail invalide détectée,"Veuillez redémarrer robot et réessayer. Si la nouvelle tentative ne fonctionne pas, veuillez cliquer sur Supprimer la carte dans les paramètres et recréer la zone de travail.",Rilevata un‘area di lavoro non valida,"Si prega di riavviare robot e riprovare. Se il riprovare non è efficace, fare clic su Svuota mappa nelle impostazioni e creare nuovamente l‘area di lavoro",,,Se detectó un área de trabajo no válida,"Por favor, reinicie robot e inténtelo de nuevo. Si el reintento no funciona, haga clic en Limpiar mapa en la configuración y cree el área de trabajo nuevamente",Zjištěna neplatná oblast sečení,"Restartujte robot a zkuste to znova. Pokud problém přetrvává, smažte mapu a naplánujte znovu oblast sečení",,,Zistená neplatná oblasť kosenia,"Reštartujte robot a skúste to znova. Ak problém pretrváva, vymažte mapu a naplánujte znovu oblasť kosenia",Wykryto nieprawidłowy obszar roboczy,"Proszę zrestartować robot i spróbować ponownie. Jeśli ponowna próba nie przynosi rezultatu, proszę kliknąć Wyczyść mapę w ustawieniach i ponownie utworzyć obszar roboczy",Ongeldig werkgebied gedetecteerd.,"Start robot opnieuw op en probeer opnieuw. Als dit niet werkt, klik dan op Kaart verwijderen in Instellingen en maak het werkgebied opnieuw aan.",Der blev registreret et ugyldigt opgaveområde,"Prøv igen, når du har genstartet robotten. Hvis problemet fortsætter, skal du slette kortet og tilknytte opgaveområdet igen",,,Ogiltigt aktivitetsområde upptäcktes,"Försök igen efter att ha startat om roboten. Om problemet kvarstår, ta bort kartan och mappa om aktivitetsområdet",Zaznano nepravilno območje opravil,"Poskusite znova po ponovnem zagonu naprave robot. Če se težava ne odpravi, izbrišite zemljevid in ponovno določite območje opravil",,,,,,,,,,,,,,,,,,,,
1418,3,navigation,STATE_1418,1,定位超时,Positioning timeout,"Restart the robot. If the issue persists, contact the after-sales support",定位超时,请重启Robot，若多次重启无效，请联系售后,Timeout bei der Positionierung,"Bitte starten Sie Roboter neu. Wenn mehrere Neustarts fehlschlagen, kontaktieren Sie bitte den Kundendienst",perte du positionnement,"Veuillez redémarrer robot. Si plusieurs redémarrages échouent, veuillez contacter le service après-vente",Timeout nella posizione,"Si prega di riavviare robot. Se diversi riavvii falliscono, si prega di contattare il servizio post-vendita",,,Tiempo de espera agotado en la geolocalización,"Por favor, reinicie robot. Si varios reinicios fallan, por favor, póngase en contacto con el servicio postventa",Vypršel časový limit polohování,"Restartujte robot. Pokud problém přetrvává, kontaktujte autorizovaný servis",,,Vypršal časový limit polohovania,"Reštartujte robot. Ak problém pretrváva, kontaktujte autorizovaný servis",Przekroczono limit czasu lokalizacji,"Uruchom ponownie robot. Jeśli nie działa, skontaktuj się z naszym zespołem obsługi posprzedażnej.",Geen positionering mogelijk door meerdere kruispunten.,"Start robot opnieuw op. Als meerdere herstarts mislukken, neem dan contact op met de klantendienst",Timeout for placering,"Genstart robotten. Hvis problemet fortsætter, skal du kontakte support",,,Tidsgräns för positionering,"Starta om roboten. Om problemet kvarstår, kontakta kundsupporten",Časovna omejitev pozicioniranja,"Ponovno zaženite robot. Če se težava nadaljuje, se obrnite na poprodajno podporo",,,,,,,,,,,,,,,,,,,,
1419,3,navigation,STATE_1419,1,imu数据超时,IMU data timeout,"Restart the robot. If the issue persists, contact the after-sales support",imu数据超时,请重启Robot，若多次重启无效，请联系售后,Timeout bei IMU-Daten,"Bitte starten Sie Roboter neu. Wenn mehrere Neustarts fehlschlagen, kontaktieren Sie bitte den Kundendienst",expiration des données IMU,"Veuillez redémarrer robot. Si plusieurs redémarrages échouent, veuillez contacter le service après-vente",Timeout dei dati IMU,"Si prega di riavviare robot. Se diversi riavvii falliscono, si prega di contattare il servizio post-vendita",,,Tiempo de espera agotado en los datos IMU,"Por favor, reinicie robot. Si varios reinicios fallan, por favor, póngase en contacto con el servicio postventa",Vypršel časový limit IMU dat,"Restartujte robot. Pokud problém přetrvává, kontaktujte autorizovaný servis",,,Vypršal časový limit IMU dát,"Reštartujte robot. Ak problém pretrváva, kontaktujte autorizovaný servis",Przekroczono limit czasu dla danych z IMU,"Uruchom ponownie robot. Jeśli nie działa, skontaktuj się z naszym zespołem obsługi posprzedażnej.",De IMU Data is verlopen,"Start robot opnieuw op. Als meerdere herstarts mislukken, neem dan contact op met de klantendienst",IMU data timeout,"Genstart robotten. Hvis problemet fortsætter, skal du kontakte support",,,IMU data timeout,"Starta om roboten. Om problemet kvarstår, kontakta kundsupporten",Časovna omejitev podatkov IMU,"Ponovno zaženite napravo robot. Če se težava nadaljuje, se obrnite na poprodajno podporo",,,,,,,,,,,,,,,,,,,,
1420,3,navigation,STATE_1420,1,轮速数据超时,Wheel speed data timeout,"Restart the robot. If the issue persists, contact after-sales support",轮速数据超时,请重启Robot，若多次重启无效，请联系售后,Zeitüberschreitung der Raddaten für Geschwindigkeit,"Starten Sie den Roboter neu. Wenn das Problem weiterhin besteht, wenden Sie sich an den Kundendienst.",Délai d’attente dépassé pour les données de vitesse des roues,"Redémarrez le robot. Si le problème persiste, contactez le service après-vente.",Timeout dei dati di velocità delle ruote,"Riavvia il robot. Se il problema persiste, contatta l’assistenza post-vendita.",,,Tiempo de espera agotado en los datos de velocidad de las ruedasTiempo de espera agotado para los datos de velocidad de las ruedas,"Reinicie el robot. Si el problema persiste, contacte con el servicio posventa.",Časový limit dat o rychlosti kola vypršel,"Restartujte robota. Pokud problém přetrvává, obraťte se na poprodejní podporu.",,,Časový limit údajov o rýchlosti kolesa vypršal,"Reštartujte robota. Ak problém pretrváva, kontaktujte popredajnú podporu.",Przekroczono limit czasu danych prędkości kół,"Uruchom ponownie robota. Jeśli problem będzie się powtarzał, skontaktuj się z obsługą posprzedażową.",Time-out voor wiel-snelheidsgegevens,"Start de robot opnieuw. Als het probleem aanhoudt, neem contact op met de after-sales ondersteuning.",Timeout for hjulhastighedsdata,"Genstart robotten. Hvis problemet fortsætter, skal du kontakte eftersalgsservice.",Istek vremena za podatke o brzini točka,"Restartujte robota. Ako problem i dalje postoji, obratite se postprodajnoj podršci.",Timeout för hjulhastighetsdata,"Starta om roboten. Om problemet kvarstår, kontakta eftermarknadssupporten.",Časovna prekoračitev podatkov o hitrosti koles,"Znova zaženite robota. Če težava ostaja, obrnite se na poprodajno podporo.",Tempo limite dos dados de velocidade das rodas,"Reinicie o robô. Se o problema persistir, contacte o suporte pós-venda.",Keréksebesség-adatok időkorlátja lejárt,"Indítsa újra a robotot. Ha a probléma továbbra is fennáll, vegye fel a kapcsolatot az értékesítés utáni támogatással.",Istek vremena za podatke o brzini kotača,"Ponovno pokrenite robota. Ako problem potraje, obratite se postprodajnoj podršci.",Tidsavbrudd for hjulhastighetsdata,"Start roboten på nytt. Hvis problemet vedvarer, kontakt kundestøtte etter salg.",Pyörännopeustietojen aikakatkaisu,"Käynnistä robotti uudelleen. Jos ongelma jatkuu, ota yhteyttä jälkimyynnin tukeen.",Timp de așteptare expirat pentru datele de viteză ale roții,"Reporniți robotul. Dacă problema persistă, contactați suportul post-vânzare.",Времето за данни за скоростта на колелото е изтекло,"Рестартирайте робота. Ако проблемът продължи, свържете се с поддръжката след продажбата.",Ratta kiirusandmete ajalõpp,"Taaskäivitage robot. Kui probleem püsib, võtke ühendust müügijärgse toega.",Riteņa ātruma datu noildze,"Restartējiet robotu. Ja problēma saglabājas, sazinieties ar pēcpārdošanas atbalstu.",Rato greičio duomenų laiko limitas pasibaigė,"Perkraukite robotą. Jei problema išlieka, susisiekite su garantiniu aptarnavimu."
1421,3,navigation,STATE_1421,1,Robot回充过程中受困,The robot stuck during recharge process,"Please make sure that there are no obstacles on the recharge route and try again. If the issue persists, contact the after-sales support",Robot回充过程中受困,请确保Robot周围无障碍物后重试回充，若多次重试无效，请联系售后,Roboter steckt im Aufladeprozess fest,"Vor erneutem Aufladen bitte sicherstellen, dass um Roboter herum keine Hindernisse vorhanden sind. Bei wiederholtem Misserfolg Kundendienst kontaktieren",Robot est bloqué pendant la recharge automatique,"Veuillez vous assurer que l’accès à la recharge est dégagé et réessayez, si la nouvelle tentative est invalide, veuillez contacter le service après-vente",Robot è intrappolato durante il processo di ricarica,"Prima di riprovare la ricarica, assicurarsi che non ci siano ostacoli intorno a robot. Se i tentativi ripetuti non hanno successo, contattare l‘assistenza clienti",,,Robot está atrapado durante el proceso de recarga,"Antes de volver a intentar la recarga, asegúrese de que no haya obstáculos alrededor de robot. Si varios intentos no tienen éxito, contacte con el servicio de atención al cliente",Robot uvízla v průběhu návratu do nabíjecí základny,"Ujistěte se, že je cesta k nabíjecí základně volná, a zkuste to znovu. Pokud problém přetrvává, kontaktujte autorizovaný servis",,,Robot uviazla v priebehu návratu do nabíjacej základne,"Uistite sa, že je cesta k nabíjacej základni voľná, a skúste to znova. Ak problém pretrváva, kontaktujte autorizovaný servis",Robot jest zablokowana w stacji ładowania,"Upewnij się, że wokół robot nie ma żadnych przeszkód i spróbuj ponownie naładować. Jeśli wiele ponownych prób zakończy się niepowodzeniem, skontaktuj się z obsługą posprzedażną",Robot loopt vast tijdens automatisch herladen,"Zorg ervoor dat de toegang tot het opladen vrij is en probeer het opnieuw. Als de nieuwe poging ongeldig is, neem dan contact op met de klantenservice",Robotten sidder fast under genopladningsprocessen,"Sørg for, at der ikke er forhindringer på opladningsruten, og prøv igen. Hvis problemet fortsætter, skal du kontakte eftersalgssupport",,,Roboten fastnade under laddningsprocessen,"Se till att det inte finns några hinder vid laddarens väg och försök igen. Om problemet kvarstår, kontakta kundsupporten",Robot se je zataknila med postopkom polnjenja,"Prepričajte se, da na poti polnjenja ni ovir, in poskusite znova. Če se težava ne odpravi, se obrnite na poprodajno podporo",,,,,,,,,,,,,,,,,,,,
1422,3,navigation,STATE_1422,1,Robot回桩失败且处于界外,The robot failed to return to the charging station and is out of a task area,Please control the robot into a task area or the charging area and then click the button to recharge,Robot回桩失败且处于界外,请控制Robot移动到界内后点击自动回充,Roboter-Pfahlsetzung fehlgeschlagen und außerhalb der Grenzen,Bitte bringen Sie Roboter in den Grenzbereich und klicken Sie dann auf automatische Rückkehr zur Ladestation,Robot n’a pas réussi à revenir à la station de charge. Il est hors périmètre,"Veuillez contrôler le robot pour vous déplacer vers la zone de tâches, puis essayez de le recharger automatiquement.",Il piantamento del palo robot è fallito ed è al di fuori dei confini.,Si prega di spostare robot all‘interno dei confini e quindi fare clic su ritorno automatico alla base di ricarica,,,Fracaso en el posicionamiento de la estaca robot y está fuera de los límites,"Por favor, mueva a robot dentro de los límites y luego haga clic en regresar automáticamente a la estación de carga","Návrat do nabíjecí základny selhal, robot je mimo oblast sečení",Ovládejte manuálně robot do oblasti sečení nebo dobíjecí oblasti a znova stiskněte tlačítko pro automatické zajetí do základny,,,"Návrat do nabíjacej základne zlyhal, robot je mimo oblasti kosenia",Ovládajte manuálne robot do oblasti kosenia alebo dobíjacej oblasti a znova stlačte tlačidlo pre automatické zajatie do základne,Niepowodzenie wbijania palika robot i znajduje się poza granicami,Proszę przenieść robot w obszar w granicach i następnie kliknąć automatyczne powroty do ładowania,Robot kon niet terugkeren naar het laadstation. Het valt buiten het bereik.,Controleer robot om naar het taakgebied te gaan en probeer hem vervolgens automatisch op te laden.,Robotten kunne ikke vende tilbage til ladestationen og er ude af opgaveområdet,"Kør robotten ind i opgaveområdet eller opladningsområdet, og klik derefter på knappen for at genoplade",,,Roboten kunde inte återvända till laddstationen och är utanför arbetsområdet,Vänligen styr roboten till klippningsområdet eller laddningsområdet och klicka sedan på knappen för att ladda om,Robot se ni vrnila na polnilno postajo in je zunaj območja opravil,Upravljajte napravo robot v območje opravil ali območje polnjenja in nato kliknite gumb za ponovno polnjenje,,,,,,,,,,,,,,,,,,,,
1423,3,common,STATE_1423,3,无法获取RTK基站位置,Unable to access the RTK reference station location,"Please restart the RTK reference station and retry. If the issue persists, please contact our after-sales support",无法获取RTK基站位置,请重启RTK基站，若多次重启无效，请联系售后,Zugriff auf den Standort der RTK-Referenzstation ist nicht möglich,"Bitte starten Sie die RTK-Referenzstation neu und versuchen Sie es erneut. Wenn das Problem weiterhin besteht, kontaktieren Sie bitte unseren Kundendienst",Impossible d'accéder à l'emplacement de la station de référence RTK,"Veuillez redémarrer la station de référence RTK et réessayer. Si le problème persiste, veuillez contacter notre service après - vente",,,,,,,,,,,,,,,,,,,,,,,,,,,,,,,,,,,,,,,,,,,,
1424,3,common,STATE_1424,3,沿边界回充失败，系统自动切换为最短路径回充,Failed to perform Follow the Perimeter mode and automatically switched to Direct mode for recharging path,Please ensure the perimeter is accessible,沿边界回充失败，系统自动切换为最短路径回充,请检查边界附近是否不可通行,Befolgen Sie den Perimeter-Modus und schalten Sie automatisch in den Direktmodus zum Aufladen um.,"Bitte stellen Sie sicher, dass der Umkreis zugänglich ist.","Ne pas exécuter le mode ""suivre le périmètre"" et passer automatiquement en mode ""direct"" pour le chemin de charge",Veuillez vous assurer que les environs sont accessibles,,,,,,,,,,,,,,,,,,,,,,,,,,,,,,,,,,,,,,,,,,,,
1425,3,common,STATE_1425,3,视觉模块异常,Error detected in the 3D vision module,"Please verify whether the vision camera is blocked. If not, restart the robot. If the issue persists, please contact the after-sales support",视觉模块异常,请检测摄像头后重试，若多次重启无效，请联系售后,Fehler im 3D Vision Modul erkannt,"Bitte überprüfen Sie, ob die Kamera blockiert ist. Wenn nicht, starten Sie den Roboter neu. Wenn das Problem weiterhin besteht, wenden Sie sich bitte an den Kundendienst",Erreur détectée dans le module 3D Vision,"Vérifiez que la caméra de vision est masquée. Si ce n'est pas le cas, redémarrez le robot. Si le problème persiste, veuillez contacter le support après - vente",,,,,,,,,,,,,,,,,,,,,,,,,,,,,,,,,,,,,,,,,,,,
1429,3,common,STATE_1429,3,视觉标定失败,Vision calibration failed,Please ensure there are no obstacles around calibration location,视觉标定失败,检查标定点附近是否有障碍物,Vision Kalibrierung fehlgeschlagen,"Bitte stellen Sie sicher, dass es keine Hindernisse rund um den Kalibrierort gibt",Échec de la Calibration visuelle,Assurez - vous qu'il n'y a pas d'obstacles autour de l'emplacement d'étalonnage,,,,,,,,,,,,,,,,,,,,,,,,,,,,,,,,,,,,,,,,,,,,
1430,3,common,STATE_1430,3,视觉没有输出,The vision module has no output,Please ensure the front bumper is normal and the camera can view the guidance line,视觉没有输出,检查撞板是否正常及前方是否有引导,Das Vision Modul hat keinen Ausgang,"Bitte stellen Sie sicher, dass der vordere Stoßfänger normal ist und die Kamera die Führungslinie sehen kann",Module de vision sans sortie,"S'il vous plaît assurez - vous que le pare - chocs avant est ok, la caméra peut voir la ligne de guidage",,,,,,,,,,,,,,,,,,,,,,,,,,,,,,,,,,,,,,,,,,,,
1510,3,position,STATE_1510,1,Robot周围亮度过低，已关闭视觉定位,"The ambient light is too weak, 3D vision has been turned off",,Robot周围亮度过低，已关闭视觉定位,,"Die Helligkeit um Roboter ist zu niedrig, und die visuelle Positionierung wurde ausgeschaltet",,La luminosité autour de robot est trop faible et le positionnement visuel a été désactivé,,La luminosità intorno a robot è troppo bassa e il posizionamento visivo è stato disattivato,,,,El brillo alrededor de robot es demasiado bajo y se ha desactivado el posicionamiento visual,,"Okolní světlo je příliš slabé, 3D Vision vidění bylo vypnuto",,,,"Okolité svetlo je príliš slabé, 3D Vision videnie bolo vypnuté",,"Jasność wokół Luby jest zbyt niska, a lokalizacja wizualna została wyłączona",,De helderheid rond robot is te zwak en de visuele positionering is uitgeschakeld.,,"Det omgivende lys er for svagt, 3D-vision er slukket",,,,"Det omgivande ljuset är för svagt, 3D-seende har stängts av",,"Ambientalna svetloba je prešibka, 3D vision je bil izklopljen",,,,,,,,,,,,,,,,,,,,,
1511,3,position,STATE_1511,1,视觉定位异常，将在3s后复位,Vision positioning error and will be reset in 3 seconds,,视觉定位异常，将在3s后复位,,Die visuelle Positionierung ist gestört und wird in 3 Sekunden zurückgesetzt,,Le positionnement visuel est anormal et sera réinitialisé dans 3 secondes,,Il posizionamento visivo è anomalo e verrà ripristinato in 3 secondi,,,,El posicionamiento visual es anormal y se restablecerá en 3 segundos,,Chyba 3D Vision polohování a bude restartováno za 3 sekundy,,,,Chyba 3D Vision polohovanie a bude reštartované za 3 sekundy,,Lokalizacja wizualna jest nieprawidłowa i zostanie zresetowana za 3 sekundy,,De visuele positionering is abnormaal en wordt binnen 3 seconden gereset,,Vision positioneringsfejl og nulstilles om 3 sekunder,,,,Visionspositioneringsfel och kommer att återställas om 3 sekunder,,Napaka pri pozicioniranju 3d vision in bo ponastavljen v 3 sekundah,,,,,,,,,,,,,,,,,,,,,
1550,3,mcu,STATE_1550,1,RTK初始化失败,RTK initialization failed,"If the error persists after restart, contact the after-sales support",RTK初始化失败,若重启机器无效，请联系售后,RTK-Initialisierung fehlgeschlagen,"Wenn das Neustarten der Maschine nicht erfolgreich ist, kontaktieren Sie bitte den Kundendienst",Échec de l‘initialisation RTK,"Si le redémarrage de la machine est inefficace, veuillez contacter le service après-vente",Inizializzazione RTK fallita,"Se il riavvio della macchina non è efficace, si prega di contattare l‘assistenza clienti",,,Falló la inicialización de RTK,"Si reiniciar la máquina no es efectivo, por favor, póngase en contacto con el servicio de atención al cliente",Inicializace RTK selhala,"Pokud chyba přetrává po restartu robot, kontaktujte autorizovaný servis",,,Inicializácia RTK zlyhala,"Pokiaľ chyba pretráva po reštarte robot, kontaktujte autorizovaný servis",Nieudana inicjalizacja RTK,"Jeśli ponowne uruchomienie maszyny nie przynosi rezultatu, proszę skontaktować się z serwisem posprzedażowym",RTK-initialisatie mislukt,"Als het herstarten van de machine niet helpt, neem dan contact op met de klantenservice.",RTK-initialisering mislykkedes,"Hvis fejlen fortsætter efter genstart, skal du kontakte support",,,RTK-initiering misslyckades,"Om felet kvarstår efter omstart, kontakta kundsupporten",Inicializacija RTK ni uspela,"Če se napaka po ponovnem zagonu ponovi, se obrnite na poprodajno podporo",,,,,,,,,,,,,,,,,,,,
1551,3,mcu,STATE_1551,1,基站连接已断开,The RTK reference station has been disconnected,Please wait for automatic reconnection,基站连接已断开,请等待自动恢复连接,Die Verbindung zur Basisstation wurde getrennt,Bitte warten Sie auf die automatische Wiederherstellung der Verbindung,La connexion à la station de base a été interrompue,Veuillez patienter pour la reconnexion automatique,La connessione alla stazione base è stata interrotta,Si prega di attendere il ripristino automatico della connessione,,,Se ha desconectado la conexión con la estación base,Espere la reconexión automática,RTK referenční stanice byla odpojena,Počkejte na automatické znovupřipojení,,,RTK referenčná stanica bola odpojená,Prosím čakajte na automatické opätovné pripojenie,Połączenie z bazową stacją zostało przerwane,Proszę czekać na automatyczne ponowne połączenie,Verbinding met het basisstation is onderbroken.,Wacht op automatische herverbinding,RTK-referencestationen er blevet afbrudt,Vent på automatisk genforbindelse,,,RTK-referensstationen har tappat kontakten,Vänta på automatisk återanslutning,Referenčna postaja RTK je bila prekinjena,Počakajte na avtomatsko ponovno povezavo,,,,,,,,,,,,,,,,,,,,
1552,3,mcu,STATE_1552,1,RTK数据延时大,RTK data transmission is delayed,"If the error persists after restart, please contact the after-sales support",RTK数据延时大,若重启机器无效，请联系售后,Abnormale RTK-Datenfrequenz auf der Fahrzeugseite,"Wenn das Neustarten der Maschine nicht erfolgreich ist, kontaktieren Sie bitte den Kundendienst",Fréquence anormale des données RTK côté véhicule,"Si le redémarrage de la machine est inefficace, veuillez contacter le service après-vente",Frequenza anomala dei dati RTK sul veicolo,"Se il riavvio della macchina non è efficace, si prega di contattare l‘assistenza clienti",,,Frecuencia anormal de los datos RTK en el extremo del vehículo,"Si reiniciar la máquina no es efectivo, por favor, póngase en contacto con el servicio de atención al cliente",Přenos dat RTK je zpožděný,"Pokud chyba přetrává po restartu robot a RTK, kontaktujte autorizovaný servis",,,Prenos dát RTK je oneskorený,"Pokiaľ chyba pretráva po reštarte robot, kontaktujte autorizovaný servis",Nieprawidłowa częstotliwość danych RTK na końcu pojazdu,"Jeśli ponowne uruchomienie maszyny nie przynosi rezultatu, proszę skontaktować się z serwisem posprzedażowym",Abnormale frequentie van RTK-gegevens aan voertuigzijde.,"Als het opnieuw opstarten van de machine niet helpt, neem dan contact op met de klantenservice.",RTK-dataoverførsel er forsinket,"Hvis fejlen fortsætter efter genstart, skal du kontakte support",,,RTK-dataöverföringen är försenad,"Om felet kvarstår efter omstart, kontakta kundsupporten",Prenos podatkov RTK je zakasnjen,"Če se napaka po ponovnem zagonu ponovi, se obrnite na poprodajno podporo",,,,,,,,,,,,,,,,,,,,
1553,3,mcu,STATE_1553,1,Robot的RTK连接已断开,The RTK reference station has been disconnected to the robot,"If the error persists after restart, please contact the after-sales support",Robot的RTK连接已断开,若重启机器无效，请联系售后,Die RTK-Verbindung von Roboter wurde getrennt,"Wenn das Neustarten der Maschine nicht erfolgreich ist, kontaktieren Sie bitte den Kundendienst",La connexion RTK de robot a été interrompue,"Si le redémarrage de la machine est inefficace, veuillez contacter le service après-vente",La connessione RTK di robot è stata interrotta,"Se il riavvio della macchina non è efficace, si prega di contattare l‘assistenza clienti",,,Se ha desconectado la conexión RTK de robot,"Si reiniciar la máquina no es efectivo, por favor, póngase en contacto con el servicio de atención al cliente",RTK referenční stanice byla odpojena od robot,"Pokud chyba přetrává po restartu robot a RTK, kontaktujte autorizovaný servis",,,RTK referenčná stanica bola odpojená od robot,"Pokiaľ chyba pretráva po reštarte robot, kontaktujte autorizovaný servis",Połączenie RTK robot zostało przerwane,"Jeśli ponowne uruchomienie maszyny nie przynosi rezultatu, proszę skontaktować się z serwisem posprzedażowym",De RTK-verbinding van robot is onderbroken,"Als het opnieuw opstarten van de machine niet helpt, neem dan contact op met de klantenservice.",RTK-referencestationen er blevet afbrudt til robotten,"Hvis fejlen fortsætter efter genstart, skal du kontakte support",,,RTK-referensstationen har kopplats bort från roboten,"Om felet kvarstår efter omstart, kontakta kundsupporten",Referenčna postaja RTK je bila prekinjena z robot,"Če se napaka po ponovnem zagonu ponovi, se obrnite na poprodajno podporo",,,,,,,,,,,,,,,,,,,,
1554,3,mcu,STATE_1554,1,wifi网络不稳定,Unstable Wi-Fi network,iNavi Service may be affected. Please switch to 4G network for better stability,wifi网络不稳定,"inavi工作可能不正常,可考虑切换4G模式",Instabiles WLAN-Netzwerk,"Der iNavi-Dienst kann beeinträchtigt sein. Bitte wechseln Sie zu einem 4G-Netzwerk, um die Stabilität zu verbessern",Réseau Wi-Fi instable,le service iNavi peut être affecté. Veuillez basculer vers le réseau 4G pour une meilleure stabilité,Rete Wi-Fi instabile,Il servizio iNavi potrebbe subire delle interruzioni. Passare alla rete 4G per migliorare la stabilità,,,Red Wi-Fi inestable,El servicio iNavi puede verse afectado. Cambie a la red 4G para una mejor estabilidad,Nestabilní síť Wi-Fi,Může být ovlivněna služba iNavi. Přepněte kvůli lepší stabilitě na síť 4G,,,Nestabilná sieť Wi-Fi,Služba iNavi môže byť ovplyvnená. Kvôli lepšej stabilite prepnite na sieť 4G,Niestabilna sieć Wi-Fi,"Może to mieć negatywny wpływ na iNavi Service. Aby poprawić stabilność, przełącz na sieć 4G",Onstabiel wifi-netwerk,iNavi Service wordt mogelijk beïnvloed. Schakel over naar een 4G-netwerk voor betere stabiliteit,Ustabilt wi-fi-netværk,Det kan påvirke tjenesten iNavi. Skift til 4G-netværket for at opnå bedre stabilitet,Nestabilna Wi-Fi mreža,Može uticati na rad usluge iNavi Service. Pređite na 4G mrežu radi veće stabilnosti,,iNavi-tjänsten kan påverkas. Växla till 4G-nätverket för bättre stabilitet,Nestabilno Wi-Fi omrežje,Storitev iNavi je lahko motena. Za boljšo stabilnost preklopite na omrežje 4G,Rede Wi-Fi instável,O Serviço iNavi pode ser afetado. Mude para uma rede 4G para uma maior estabilidade,Instabil Wi-Fi hálózat,Hatással lehet az iNavi szolgáltatásra. A jobb stabilitás érdekében váltson 4G hálózatra,Nestabilna Wi-Fi mreža,To bi moglo utjecati na uslugu iNavi. Prebacite se na 4G mrežu radi bolje stabilnosti,Ustabilt Wi-Fi-nettverk,iNavi-tjenesten kan bli påvirket. Bytt til 4G-nettverk for bedre stabilitet,Epävakaa Wi-Fi-verkko,Voi vaikuttaa iNavi-palveluun. Vaihda 4G-verkkoon vakauden parantamiseksi,Rețea Wi-Fi instabilă,iNavi Service poate fi afectat. Comutați la rețeaua 4G pentru o mai bună stabilitate,Нестабилна Wi-Fi мрежа,Това може да окаже влияние върху iNavi Service. Превключете на 4G мрежа за по-голяма стабилност,Wi-Fi võrk on ebastabiilne,See võib mõjutada teenust iNavi. Stabiilsema ühenduse jaoks kasutage 4G-võrku,Nestabils Wi-Fi tīkls,"iNavi pakalpojums var tikt ietekmēts. Lai nodrošinātu labāku stabilitāti, pārslēdziet 4G tīklu",Nestabilus „Wi-Fi“ tinklas,"„iNavi“ paslauga gali būti paveikta. Perjunkite į 4G tinklą, kad būtų užtikrintas geresnis stabilumas"
1555,3,common,STATE_1555,3,Robot的RTK数据异常,The RTK data of the robot is abnormal,"Restart the robot. If the issue persists, contact the after-sales support",Robot的RTK数据异常,请重启Robot，若多次重启无效，请联系售后,Die RTK-Daten des Roboters sind anormal,"Starten Sie den Roboter neu. Wenn das Problem weiterhin besteht, wenden Sie sich an den Kundendienst",Anomalies de données RTK pour Robots,"Redémarrez le robot. Si le problème persiste, veuillez contacter le support après - vente",,,,,,,,,,,,,,,,,,,,,,,,,,,,,,,,,,,,,,,,,,,,
1556,3,mcu,STATE_1556,1,4g网络不稳定,Unstable 4G network,iNavi Service may be affected. Please switch to Wi-Fi network for better stability,4g网络不稳定,"inavi工作可能不正常,可考虑切换wifi模式",Instabiles 4G-Netzwerk,Der iNavi-Dienst kann beeinträchtigt sein. Bitte wechseln Sie für eine bessere Stabilität zum WLAN-Netzwerk,Réseau 4G instable,le service iNavi peut être affecté. Veuillez basculer sur un réseau Wi-Fi pour une meilleure stabilité,Rete 4G instabile,Il servizio iNavi potrebbe subire delle interruzioni. Passare alla rete Wi-Fi per migliorare la stabilità,,,Red 4G inestable,El servicio iNavi puede verse afectado. Cambie a la red Wi-Fi para una mejor estabilidad,Nestabilní síť 4G,Může být ovlivněna služba iNavi. Přepněte kvůli lepší stabilitě na síť Wi-Fi,,,Nestabilná sieť 4G,Služba iNavi môže byť ovplyvnená. Kvôli lepšej stabilite prepnite na sieť Wi-Fi,Niestabilna sieć 4G,"Może to mieć negatywny wpływ na iNavi Service. Aby poprawić stabilność, przełącz na sieć Wi-Fi",Onstabiel 4G-netwerk,iNavi Service wordt mogelijk beïnvloed. Schakel over naar een wifi-netwerk voor betere stabiliteit,Ustabilt 4G-netværk,Det kan påvirke tjenesten iNavi. Skift til wi-fi-netværket for at opnå bedre stabilitet,Nestabilna 4G mreža,Može uticati na rad usluge iNavi Service. Pređite na Wi-Fi mrežu radi veće stabilnosti,,iNavi-tjänsten kan påverkas. Växla till Wi-Fi-nätverket för bättre stabilitet,Nestabilno 4G omrežje,Storitev iNavi je lahko motena. Za boljšo stabilnost preklopite na omrežje Wi-Fi,Rede 4G instável,O Serviço iNavi pode ser afetado. Mude para uma rede Wi-Fi para uma maior estabilidade,Instabil 4G hálózat,Hatással lehet az iNavi szolgáltatásra. A jobb stabilitás érdekében váltson Wi-Fi hálózatra,Nestabilna 4G mreža,To bi moglo utjecati na uslugu iNavi. Prebacite se na Wi-Fi mrežu radi bolje stabilnosti,Ustabilt 4G-nettverk,iNavi-tjenesten kan bli påvirket. Bytt til Wi-Fi-nettverk for bedre stabilitet,Epävakaa 4G-verkko,Voi vaikuttaa iNavi-palveluun. Vaihda Wi-Fi-verkkoon vakauden parantamiseksi,Rețea 4G instabilă,iNavi Service poate fi afectat. Comutați la rețeaua Wi-Fi pentru o mai bună stabilitate,Нестабилна 4G мрежа,Това може да окаже влияние върху iNavi Service. Превключете на Wi-Fi мрежа за по-голяма стабилност,Ebastabiilne 4G-võrk,See võib mõjutada teenust iNavi. Stabiilsema ühenduse jaoks kasutage Wi-Fi-võrku,Nestabils 4G tīkls,"iNavi pakalpojums var tikt ietekmēts. Lai nodrošinātu labāku stabilitāti, pārslēdziet Wi-Fi tīklu",Nestabilus 4G tinklas,"„iNavi“ paslauga gali būti paveikta. Perjunkite į „Wi-Fi“ tinklą, kad būtų užtikrintas didesnis stabilumas"
1557,3,mcu,STATE_1557,1,wifi网络不稳定,Unstable Wi-Fi network,Antenna over Internet may be affected. Please switch to 4G network for better stability,wifi网络不稳定,"rtk over internet工作可能不正常,可考虑切换4G模式",Instabiles WLAN-Netzwerk,"Antenne über Internet kann beeinträchtigt sein. Bitte wechseln Sie zu einem 4G-Netzwerk, um die Stabilität zu verbessern",Réseau Wi-Fi instable,L'antenne connectée à l'internet peut être affectée. Veuillez basculer vers le réseau 4G pour une meilleure stabilité,Rete Wi-Fi instabile,L'antenna internet potrebbe subire interferenze. Passare alla rete 4G per migliorare la stabilità,,,Red Wi-Fi inestable,La antena a través de Internet puede verse afectada. Cambie a la red 4G para una mejor estabilidad,Nestabilní síť Wi-Fi,Může být ovlivněna anténa přes internet. Přepněte kvůli lepší stabilitě na síť 4G,,,Nestabilná sieť Wi-Fi,Anténa cez internet môže byť ovplyvnená. Kvôli lepšej stabilite prepnite na sieť 4G,Niestabilna sieć Wi-Fi,"Może to mieć negatywny wpływ na usługę Antenna over Internet. Aby poprawić stabilność, przełącz na sieć 4G",Onstabiel wifi-netwerk,Antenne via internet wordt mogelijk beïnvloed. Schakel over naar een 4G-netwerk voor betere stabiliteit,Ustabilt wi-fi-netværk,Antenne over internettet kan blive påvirket. Skift til 4G-netværket for at opnå bedre stabilitet,Nestabilna Wi-Fi mreža,Može uticati na rad funkcije Antena preko interneta. Pređite na 4G mrežu radi veće stabilnosti,,Antenn över internet kan påverkas. Växla till 4G-nätverket för bättre stabilitet,Nestabilno Wi-Fi omrežje,Antena prek interneta je lahko prizadeta. Za boljšo stabilnost preklopite na omrežje 4G,Rede Wi-Fi instável,A antena por Internet pode ser afetada. Mude para uma rede 4G para uma maior estabilidade,Instabil Wi-Fi hálózat,Befolyásolhatja az interneten keresztüli antennajelet. A jobb stabilitás érdekében váltson 4G hálózatra,Nestabilna Wi-Fi mreža,Moglo bi utjecati na antenu preko interneta. Prebacite se na 4G mrežu radi bolje stabilnosti,Ustabilt Wi-Fi-nettverk,Antennen over internett kan bli påvirket. Bytt til 4G-nettverk for bedre stabilitet,Epävakaa Wi-Fi-verkko,Voi vaikuttaa antenniin internetin kautta. Vaihda 4G-verkkoon vakauden parantamiseksi,Rețea Wi-Fi instabilă,Antena pe bază de internet poate fi afectată. Comutați la rețeaua 4G pentru o mai bună stabilitate,Нестабилна Wi-Fi мрежа,Това може да окаже влияние върху интернет антената. Превключете на 4G мрежа за по-голяма стабилност,Wi-Fi võrk on ebastabiilne,Interneti-antenn võib olla mõjutatud. Stabiilsema ühenduse jaoks kasutage 4G-võrku,Nestabils Wi-Fi tīkls,"Antena, izmantojot internetu, var tikt ietekmēta. Lai nodrošinātu labāku stabilitāti, pārslēdziet 4G tīklu",Nestabilus „Wi-Fi“ tinklas,"Antena per internetą gali būti paveikta. Perjunkite į 4G tinklą, kad būtų užtikrintas geresnis stabilumas"
1558,3,mcu,STATE_1558,1,4g网络不稳定,Unstable 4G network,Antenna over Internet may be affected. Please switch to Wi-Fi network for better stability,4g网络不稳定,"rtk over internet工作可能不正常,可考虑切换wifi模式",Instabiles 4G-Netzwerk,Antenne über Internet kann beeinträchtigt sein. Bitte wechseln Sie für eine bessere Stabilität zum WLAN-Netzwerk,Réseau 4G instable,L'antenne connectée à l'internet peut être affectée. Veuillez basculer sur un réseau Wi-Fi pour une meilleure stabilité,Rete 4G instabile,L'antenna internet potrebbe subire interferenze. Passare alla rete Wi-Fi per migliorare la stabilità,,,Red 4G inestable,La antena a través de Internet puede verse afectada. Cambie a la red Wi-Fi para una mejor estabilidad,Nestabilní síť 4G,Může být ovlivněna anténa přes internet. Přepněte kvůli lepší stabilitě na síť Wi-Fi,,,Nestabilná sieť 4G,Anténa cez internet môže byť ovplyvnená. Kvôli lepšej stabilite prepnite na sieť Wi-Fi,Niestabilna sieć 4G,"Może to mieć negatywny wpływ na usługę Antenna over Internet. Aby poprawić stabilność, przełącz na sieć Wi-Fi",Onstabiel 4G-netwerk,Antenne via internet wordt mogelijk beïnvloed. Schakel over naar een wifi-netwerk voor betere stabiliteit,Ustabilt 4G-netværk,Antenne over internettet kan blive påvirket. Skift til wi-fi-netværket for at opnå bedre stabilitet,Nestabilna 4G mreža,Može uticati na rad funkcije Antena preko interneta. Pređite na Wi-Fi mrežu radi veće stabilnosti,,Antenn över internet kan påverkas. Växla till Wi-Fi-nätverket för bättre stabilitet,Nestabilno 4G omrežje,Antena prek interneta je lahko prizadeta. Za boljšo stabilnost preklopite na omrežje Wi-Fi,Rede 4G instável,A antena por Internet pode ser afetada. Mude para uma rede Wi-Fi para uma maior estabilidade,Instabil 4G hálózat,Befolyásolhatja az interneten keresztüli antennajelet. A jobb stabilitás érdekében váltson Wi-Fi hálózatra,Nestabilna 4G mreža,Moglo bi utjecati na antenu preko interneta. Prebacite se na Wi-Fi mrežu radi bolje stabilnosti,Ustabilt 4G-nettverk,Antennen over internett kan bli påvirket. Bytt til Wi-Fi-nettverk for bedre stabilitet,Epävakaa 4G-verkko,Voi vaikuttaa antenniin internetin kautta. Vaihda Wi-Fi-verkkoon vakauden parantamiseksi,Rețea 4G instabilă,Antena pe bază de internet poate fi afectată. Comutați la rețeaua Wi-Fi pentru o mai bună stabilitate,Нестабилна 4G мрежа,Това може да окаже влияние върху интернет антената. Превключете на Wi-Fi мрежа за по-голяма стабилност,Ebastabiilne 4G-võrk,Interneti-antenn võib olla mõjutatud. Stabiilsema ühenduse jaoks kasutage Wi-Fi-võrku,Nestabils 4G tīkls,"Antena, izmantojot internetu, var tikt ietekmēta. Lai nodrošinātu labāku stabilitāti, pārslēdziet Wi-Fi tīklu",Nestabilus 4G tinklas,"Antena per internetą gali būti paveikta. Perjunkite į „Wi-Fi“ tinklą, kad būtų užtikrintas didesnis stabilumas"
2001,3,common,STATE_2001,1,相机配置参数错误，已经关闭视觉避障功能,The 3D vision obstacle avoidance function has been disabled as the camera configuration error,"Restart the robot. If the issue persists, please contact our after-sales support",相机配置参数错误，已经关闭视觉避障功能,重启设备，若多次重启无效，请联系售后,Die Kamera konfiguration parameter sind falsch und die Funktion zur Vermeidung visueller Hindernisse wurde aus geschaltet,"Starten Sie das Gerät neu. Wenn mehrere Neustarts ungültig sind, wenden Sie sich bitte an den Kundendienst","Les paramètres de configuration de la caméra sont incorrects, la fonction d'évitement visuel a été désactivée","Redémarrez l'appareil, si plusieurs redémarrages sont invalides, veuillez contacter après-vente","Errore nel parametro di configurazione della fotocamera, la funzione visiva di evitamento degli ostacoli è stata disabilitata","Riavvia il dispositivo. Se più riavvii non sono validi, contatta il servizio post-vendita.",,,Los parámetros de configuración de la cámara son incorrectos y la función de evitación de obstáculos visuales está desactivada,"Reinicie el equipo, si varios reinicios no son válidos, comuníquese con el servicio posventa","Chyba parametru konfigurace fotoaparátu, funkce vyhýbání se vizuálním překážkám byla zakázána","Restartujte zařízení. Pokud více restartů není platné, obraťte se na poprodejní službu.",,,Súbor kalibrácie GDC neexistuje,"Reštartovať zariadenie. Ak je viacero reštartov neplatné, kontaktujte prosím popredajnú službu.","Błąd parametru konfiguracji kamery, funkcja wizualnego unikania przeszkód została wyłączona","Uruchom ponownie urządzenie. Jeśli wiele restartów jest nieprawidłowych, skontaktuj się z działem obsługi posprzedażnej.","Cameraconfiguratieparameterfout, visuele obstakelvermijdingsfunctie is uitgeschakeld","Start het apparaat opnieuw op. Als meerdere herstarts ongeldig zijn, kunt u contact opnemen met de after-sales service.",GDC-kalibreringsfilen findes ikke,"Genstart robotten. Hvis problemet fortsætter, bedes du kontakte vores support",,,GDC-kalibreringsfilen finns inte,"Starta om roboten. Om problemet kvarstår, kontakta vår kundsupport","Napaka nastavitve parametra kamere, funkcija izogibanja vizualnih ovir je bila onemogočena","Zaženi napravo. Če več ponovnih zagonov niso veljavni, se obrnite na poprodajne storitve.",,,,,,,,,,,,,,,,,,,,
2002,3,common,STATE_2002,1,视觉接收不到GDC图像，图像驱动出错,No GDC image has been received. The image driver error,"Restart the robot. If the issue persists, please contact our after-sales support",视觉接收不到GDC图像，图像驱动出错,重启设备，若多次重启无效，请联系售后,"Das Bild kann das GDC-Bild nicht visuell empfangen, der Bild treiber ist falsch","Starten Sie das Gerät neu. Wenn mehrere Neustarts ungültig sind, wenden Sie sich bitte an den Kundendienst","Vision ne reçoit pas d'images GDC, erreur de pilote d'image","Redémarrez l'appareil, si plusieurs redémarrages sont invalides, veuillez contacter après-vente","La visione non può ricevere l'immagine GDC, errore di guida dell'immagine","Riavvia il dispositivo. Se più riavvii non sono validi, contatta il servizio post-vendita.",,,"La visión no puede recibir imágenes GDC, error de controlador de imagen","Reinicie el equipo, si varios reinicios no son válidos, comuníquese con el servicio posventa","Vize nemůže přijímat gdc obrázek, chybu řízení obrázku","Restartujte zařízení. Pokud více restartů není platné, obraťte se na poprodejní službu.",,,Nebolo prijaté žiadne GDC obraz. Chyba ovládača obrazu,"Reštartovať zariadenie. Ak je viacero reštartov neplatné, kontaktujte prosím popredajnú službu.","Wizja nie może odbierać obrazu GDC, błąd jazdy obrazem","Uruchom ponownie urządzenie. Jeśli wiele restartów jest nieprawidłowych, skontaktuj się z działem obsługi posprzedażnej.","Vision kan geen GDC-afbeelding ontvangen, fout bij het aansturen van afbeeldingen","Start het apparaat opnieuw op. Als meerdere herstarts ongeldig zijn, kunt u contact opnemen met de after-sales service.",Der er ikke modtaget noget GDC-billede. Fejlen i billeddriveren,"Genstart robotten. Hvis problemet fortsætter, bedes du kontakte vores support",,,Ingen GDC-bild har tagits emot. Bilddrivrutinfelet,"Starta om roboten. Om problemet kvarstår, kontakta vår kundsupport","Vizija ne more prejemati slike GDC, napake pri vožnji slike","Zaženi napravo. Če več ponovnih zagonov niso veljavni, se obrnite na poprodajne storitve.",,,,,,,,,,,,,,,,,,,,
2700,3,mcu,STATE_2700,1,电量低于15%，无法开始作业,The robot cannot work as the battery level is too low (〈15%),Please charge the robot,电量低于15%，无法开始作业,请给Robot充电,Der Batteriestand liegt unter 15% und die Arbeit kann nicht gestartet werden,Bitte laden Sie Roboter auf,Le niveau de la batterie est inférieur à 15% et la tâche ne peut pas être démarrée.,Veuillez recharger robot.,Il livello della batteria è inferiore al 15% e il lavoro non può essere avviato,Ricaricare robot,,,El nivel de la batería es inferior al 15% y no se puede iniciar el trabajo,Cargue robot,"Robot nemůže pracovat, protože je baterie příliš vybitá (〈15 %)",Nechte robot nabít,,,"Robot nemôže pracovať, pretože je batéria príliš vybitá (〈15 %)",Nechajte robot nabiť,"Poziom naładowania baterii jest zbyt niski (〈15%), aby rozpocząć pracę. Proszę naładować robot.",Proszę naładować robot,"Het batterijniveau is lager dan 15%, de taak kan niet worden gestart.",Laad robot op.,"Robotten kan ikke fungere, da batteriniveauet er for lavt (〈15%)",Oplad robotten,,,Roboten kan inte fungera eftersom batterinivån är för låg (〈15%),Ladda roboten,"Robot ne more delovati, ker je raven baterije prenizka (〈15 %)",Napolnite napravo robot,,,,,,,,,,,,,,,,,,,,
2701,3,mcu,STATE_2701,1,电量低于15%,The battery level is low (〈15%),Please charge the robot,电量低于15%,请给Robot充电,Der Batteriestand liegt unter 15%,Bitte laden Sie Roboter auf,Le niveau de la batterie est inférieur à 15%.,Veuillez recharger robot.,Il livello della batteria è inferiore al 15%,Ricaricare robot,,,El nivel de la batería está por debajo del 15%,Cargue robot,Baterie je příliš vybitá (〈15 %),Nechte robot nabít,,,Batéria je príliš vybitá (〈15 %),Nechajte robot nabiť,Bateria jest słaba (〈15%),Proszę naładować robot,Het batterijniveau is lager dan 15%.,Laad robot op.,Batteriniveauet er lavt (〈15%),Oplad robotten,,,Batterinivån är låg (〈15 %),Ladda roboten,Raven baterije je nizka (〈15 %),Napolnite napravo robot,,,,,,,,,,,,,,,,,,,,
2702,3,mcu,STATE_2702,1,电量低于5%，30秒内没有控制将关机,"The battery level is too low (〈5%). If there is no control within 30 seconds, the robot will power off to conserve power",Please charge the robot,电量低于5%，30秒内没有控制将关机,请给Robot充电,"Der Batteriestand liegt unter 5%. Wenn innerhalb von 30 Sekunden keine Steuerung erfolgt, wird das Gerät ausgeschaltet",Bitte laden Sie Roboter auf,"Le niveau de la batterie est inférieur à 5%. Si aucune commande n’est saisie dans les 30 secondes, l’appareil sera arrêté.",Veuillez recharger robot.,"Il livello della batteria è inferiore al 5%. Se non vi è alcun controllo entro 30 secondi, si verificherà lo spegnimento",Ricaricare robot,,,"El nivel de la batería está por debajo del 5%. Si no hay ningún control en 30 segundos, se apagará",Cargue robot,"Baterie je příliš vybitá (〈5 %). Pokud do 30 sekund nedojde k nabíjení, robot se vypne.",Nechte robot nabít,,,"Batéria je príliš vybitá (〈5 %). Pokiaľ do 30 sekúnd nedôjde k nabíjaniu, robot sa vypne.",Nechajte robot nabiť,Poziom naładowania baterii jest zbyt niski (〈5%). W ciągu 30 sekund robot zostanie wyłączona.,Proszę naładować robot,"Het batterijniveau is lager dan 5%. Als er binnen 30 seconden geen commando wordt ingevoerd, wordt het apparaat uitgeschakeld.",Laad robot op.,"Batteriniveauet er for lavt (〈5%). Hvis der ikke er nogen kontrol inden for 30 sekunder, slukker robotten for at spare strøm",Oplad robotten,,,Batterinivån är för låg (〈5%). Om det inte finns någon kontroll inom 30 sekunder stängs roboten av för att spara ström,Ladda roboten,"Raven baterije je prenizka (〈5 %). Če v 30 sekundah ni nadzora, se naprava robot izklopi, da bi varčevala z energijo",Napolnite napravo robot,,,,,,,,,,,,,,,,,,,,
2705,3,mcu,STATE_2705,1,电池系统异常,Battery system error,"Restart the robot. If the issue persists, contact the after-sales support",电池系统异常,请重启Robot，若重启无效，请联系售后,Ausnahme im Batteriesystem,"Wenn die Maschine nicht ordnungsgemäß von der Ladestation herunterfahren kann oder der Ladestromkreis nicht ausgeschaltet werden kann, wenden Sie sich bitte an den Kundendienst.",Erreur du système de batterie,"Si la machine ne parvient pas à sortir correctement de la station de charge ou si le circuit de charge ne s’éteint pas, merci de contacter le service après-vente",Eccezione sistema di batterie,"Se la macchina non riesce a scendere correttamente dalla stazione di ricarica o il circuito di ricarica non può essere spento, contattare il servizio post-vendita",,,Excepción del sistema de baterías,"Si la máquina no puede salir de la estación de carga correctamente o el circuito de carga no puede apagarse, póngase en contacto con el servicio posventa",Chyba systému baterie,"Restartujte robot. Pokud problém přetrvává, kontaktujte autorizovaný servis",,,Chyba systému batérie,"Reštartujte robot. Ak problém pretrváva, kontaktujte autorizovaný servis",Błąd baterii.,"Jeżeli urządzenie nie może opuścić stacji ładującej lub nie można wyłączyć obwodu ładowania, należy skontaktować się z serwisem",Fout in batterijsysteem,"Als de machine niet correct van het laadstation kan worden verwijderd of als het laadcircuit niet wordt uitgeschakeld, neem dan contact op met de klantenservice",Fejl i batterisystem,"Genstart robotten. Hvis problemet fortsætter, skal du kontakte support",,,Batterisystemfel,"Starta om roboten. Om problemet kvarstår, kontakta kundsupporten",Napaka sistema baterije,"Ponovno zaženite napravo robot. Če se težava nadaljuje, se obrnite na poprodajno podporo",,,,,,,,,,,,,,,,,,,,
2706,3,mcu,STATE_2706,1,电池系统异常,Battery system error,Please power off the robot and restart it after 15 minutes,电池系统异常,请尝试关机15分钟之后再启动,Ausnahme im Batteriesystem,"Versuchen Sie bitte, nach dem Ausschalten für 15 Minuten neu zu starten",Erreur du système de batterie,Veuillez essayer de redémarrer après l‘avoir éteint pendant 15 minutes,Eccezione sistema di batterie,Si prega di provare a riavviare dopo aver spento per 15 minuti,,,Excepción del sistema de baterías,"Por favor, intente reiniciar después de apagar durante 15 minutos",Chyba systému baterie,Vypněte robot a restartuje ji po 15 minutách,,,Chyba systému batérie,Vypnite robot a reštartuje ju po 15 minútach,Błąd baterii.,Proszę spróbować ponownie uruchomić po wyłączeniu na 15 minut,Fout in batterijsysteem,Probeer opnieuw op te starten nadat u het apparaat gedurende 15 minuten hebt uitgeschakeld,Fejl i batterisystem,"Sluk for robotten, og genstart den efter 15 minutter",,,Batterisystemfel,Stäng av roboten och starta om den efter 15 minuter,Napaka sistema baterije,Izklopite napravo robot in jo ponovno zaženite po 15 minutah,,,,,,,,,,,,,,,,,,,,
2707,3,mcu,STATE_2707,1,电池系统异常,Battery system error,,电池系统异常,,Ausnahme im Batteriesystem,,Erreur du système de batterie,,Eccezione sistema di batterie,,,,Excepción del sistema de baterías,,Chyba systému baterie,,,,Chyba systému batérie,,Błąd baterii.,,Fout in batterijsysteem,,Fejl i batterisystem,,,,Batterisystemfel,,Napaka sistema baterije,,,,,,,,,,,,,,,,,,,,,
2708,3,mcu,STATE_2708,1,电池系统异常,Battery system error,,电池系统异常,,Ausnahme im Batteriesystem,,Erreur du système de batterie,,Eccezione sistema di batterie,,,,Excepción del sistema de baterías,,Chyba systému baterie,,,,Chyba systému batérie,,Błąd baterii.,,Fout in batterijsysteem,,Fejl i batterisystem,,,,Batterisystemfel,,Napaka sistema baterije,,,,,,,,,,,,,,,,,,,,,
2709,3,mcu,STATE_2709,1,电池电压较低,Battery voltage is low,Please charge,电池电压较低,请返回充电,Die Batteriespannung ist niedrig,Bitte zum Aufladen zurückkehren,La tension de la batterie est faible,Veuillez revenir pour charger,La tensione della batteria è bassa,Si prega di tornare per la ricarica,,,El voltaje de la batería es bajo,Por favor regrese para cargar,Napětí baterie je nízké,Nabijte robot,,,Napätie batérie je nízke,Nabite robot,Napięcie baterii jest niskie,Proszę wrócić do ładowania,De batterijspanning is laag.,Ga terug om op te laden.,Batterispændingen er lav,Oplad venligst,,,Batterispänningen är låg,Vänligen ladda,Napetost baterije je nizka,"Prosimo, napolnite baterijo",,,,,,,,,,,,,,,,,,,,
2711,3,mcu,STATE_2711,3,升降电机异常,Lift motor error,"Please check if the cutting disk is jammed. If the issue persists, contact the after-sales support",升降电机异常,请清理刀盘异物，若无法恢复，请联系售后,Ausnahme des Hubmotors,Bitte laden Sie Roboter auf,Erreur du moteur de soulevement,Veuillez recharger robot.,Eccezione motore di sollevamento,Ricaricare robot,,,Excepción del motor de elevación,Cargue robot,Chyba motoru zdvihu,"Zkontrolujte žací kotouče, zda nejsou zaseknuté. Pokud problém přetrvává, kontaktujte autorizovaný servis",,,Chyba motora zdvihu,"Skontrolujte kosiace kotúče, či nie sú zaseknuté. Ak problém pretrváva, kontaktujte autorizovaný servis",Błąd baterii.,Proszę naładować robot,Fout hefmotor,Laad robot op.,Fejl i løftemotor,"Kontroller, om slåskiven sidder fast. Hvis problemet fortsætter, skal du kontakte support",,,Lyftmotorfel,"Kontrollera om klipptallriken har fastnat. Om problemet kvarstår, kontakta kundsupporten",Napaka motorja dvigala,"Preverite, ali je rezalni disk zataknjen. Če se težava nadaljuje, se obrnite na poprodajno podporo",,,,,,,,,,,,,,,,,,,,
2713,3,mcu,STATE_2713,1,电池电压太低，已停止充电,Battery voltage is too low. Charging has been paused,"Restart the robot. If the issue persists, contact the after-sales support",电池电压太低，已停止充电,请重启Robot，若多次重启无效，请联系售后,Die Batteriespannung ist zu niedrig. Das Laden wurde gestoppt,"Bitte starten Sie Roboter neu. Wenn mehrere Neustarts fehlschlagen, kontaktieren Sie bitte den Kundendienst",La tension de la batterie est trop basse. La charge a été arrêtée,"Veuillez redémarrer robot. Si plusieurs redémarrages échouent, veuillez contacter le service après-vente",La tensione della batteria è troppo bassa. La ricarica è stata interrotta,"Si prega di riavviare robot. Se diversi riavvii falliscono, si prega di contattare l‘assistenza post-vendita",,,El voltaje de la batería es demasiado bajo. La carga se ha detenido,"Por favor, reinicie robot. Si varios reinicios fallan, por favor, póngase en contacto con el servicio postventa",Napětí baterie je příliš nízké. Nabíjení bylo pozastaveno,"Restartujte robot. Pokud problém přetrvává, kontaktujte autorizovaný servis",,,Napätie batérie je príliš nízke. Nabíjanie bolo pozastavené,"Reštartujte robot. Ak problém pretrváva, kontaktujte autorizovaný servis",Napięcie baterii jest zbyt niskie. Ładowanie zostało zatrzymane,"Proszę zrestartować robot. Jeśli kilkakrotnie nie uda się to, proszę skontaktować się z obsługą posprzedażową",Batterijspanning is te laag. Het opladen is gestopt,"Start robot opnieuw op. Als meerdere herstarts mislukken, neem dan contact op met de klantenservice.",Batterispændingen er for lav. Opladningen er sat på pause,"Genstart robotten. Hvis problemet fortsætter, skal du kontakte support",,,Batterispänningen är för låg. Laddningen har pausats,"Starta om roboten. Om problemet kvarstår, kontakta kundsupporten",Napetost baterije je prenizka. Polnjenje je zaustavljeno,"Ponovno zaženi robot. Če težave ne odpravite, se obrnite na poprodajno podporo",,,,,,,,,,,,,,,,,,,,
2714,3,mcu,STATE_2714,1,电池MOS温度高,Battery MOS temperature is too high,Please power off the robot and restart it after 15 minutes,电池MOS温度高,请尝试关机15分钟之后再启动,Die Batterie-MOS-Temperatur ist hoch,Bitte versuchen Sie es nach dem Ausschalten für 15 Minuten neu zu starten,La température du MOS de la batterie est élevée,Veuillez essayer de redémarrer après l‘avoir éteint pendant 15 minutes,La temperatura del MOS della batteria è alta,Si prega di provare a riavviare dopo aver spento per 15 minuti,,,La temperatura del MOS de la batería es alta,"Por favor, intenta reiniciar después de apagarlo durante 15 minutos",Teplota MOS baterie je vysoká,Vypněte robot a restartuje ji po 15 minutách,,,Teplota MOS batérie je vysoká,Vypnite robot a reštartuje ju po 15 minútach,Wysoka temperatura MOS baterii,Proszę spróbować ponownie uruchomić po wyłączeniu na 15 minut,De MOS-temperatuur van de batterij is hoog.,Probeer opnieuw op te starten nadat u de batterij 15 minuten hebt uitgeschakeld.,Batteriets MOS-temperatur er for høj,"Sluk for robotten, og genstart den efter 15 minutter",,,Batteriets MOS-temperatur är för hög,Stäng av roboten och starta om den efter 15 minuter,Temperatura baterije MOS je previsoka,Izklopite napravo robot in jo ponovno zaženite po 15 minutah,,,,,,,,,,,,,,,,,,,,
2715,3,mcu,STATE_2715,1,触发电池二次保护,Battery secondary protection triggered,"Restart the robot. If the issue persists, contact the after-sales support",触发电池二次保护,请重启Robot，若多次重启无效，请联系售后,Battery secondary protection triggered,"Bitte starten Sie Roboter neu. Wenn mehrere Neustarts fehlschlagen, kontaktieren Sie bitte den Kundendienst",La protection secondaire de la batterie a été déclenchée,"Veuillez redémarrer robot. Si plusieurs redémarrages échouent, veuillez contacter le service après-vente",È stata attivata la protezione secondaria della batteria,"Si prega di riavviare robot. Se diversi riavvii falliscono, si prega di contattare l‘assistenza post-vendita",,,Se ha activado la protección secundaria de la batería,"Por favor, reinicie robot. Si varios reinicios fallan, por favor, póngase en contacto con el servicio postventa",Byla spuštěna sekundární ochrana baterie,"Restartujte robot. Pokud problém přetrvává, kontaktujte autorizovaný servis",,,Bola aktivovaná sekundárna ochrana batérie,"Reštartujte robot. Ak problém pretrváva, kontaktujte autorizovaný servis",Wywołano drugorzędne zabezpieczenie baterii,"Proszę zrestartować robot. Jeśli kilkakrotnie nie uda się to, proszę skontaktować się z obsługą posprzedażową",Secundaire batterijbescherming is geactiveerd,"Start robot opnieuw op. Als meerdere herstarts mislukken, neem dan contact op met de klantenservice.",Batteriets sekundære beskyttelse udløst,"Genstart robotten. Hvis problemet fortsætter, skal du kontakte support",,,Batteri sekundärt skydd utlöst,"Starta om roboten. Om problemet kvarstår, kontakta kundsupporten",Sprožila se je sekundarna zaščita baterije,"Ponovno zaženi robot. Če težave ne odpravite, se obrnite na poprodajno podporo",,,,,,,,,,,,,,,,,,,,
2716,3,mcu,STATE_2716,1,电池温度过低,Battery temperature is too low,The ambient temperature is too low. Recommended to operate the robot above -10°C.,电池温度过低,环境温度过低，建议让Robot在高于-10摄氏度的作业环境下作业,Die Batterietemperatur ist zu niedrig,"Die Umgebungstemperatur ist zu niedrig. Es wird empfohlen, Roboter in einer Umgebung über -10 Grad Celsius zu betreiben",La température de la batterie est trop basse,La température ambiante est trop basse. Il est recommandé de faire fonctionner robot dans un environnement supérieur à -10 degrés Celsius,La temperatura della batteria è troppo bassa,La temperatura ambiente è troppo bassa. Si consiglia di far funzionare robot in un ambiente superiore a -10 gradi Celsius,,,La temperatura de la batería es demasiado baja,La temperatura ambiente es demasiado baja. Se recomienda operar robot en un entorno por encima de los -10 grados Celsius,Teplota baterie je příliš nízká,Okolní teplota je příliš nízká. Provozujte robot v prostředí s teplotou nad -10°C,,,Teplota batérie je príliš nízka,Okolitá teplota je príliš nízka. Prevádzkujte robot v prostredí s teplotou nad -10°C,Temperatura baterii jest zbyt niska,Temperatura otoczenia jest zbyt niska. Zaleca się używanie robot w środowisku o temperaturze powyżej -10 stopni Celsiusza,Batterijtemperatuur is te laag.,Omgevingstemperatuur is te laag. Het wordt aanbevolen om robot te gebruiken in een omgeving boven -10 graden Celsius.,Batteritemperaturen er for lav,Omgivelsestemperaturen er for lav. Anbefales til at betjene robotten over -10 °C.,,,Batteritemperaturen är för låg,Den omgivande temperaturen är för låg. Rekommenderas för att använda roboten över -10°C.,Temperatura baterije je prenizka,"Temperatura okolja je prenizka. Priporočljivo je, da robot deluje nad -10°C.",,,,,,,,,,,,,,,,,,,,
2717,3,mcu,STATE_2717,1,放电过程电池温度过高,Battery temperature is too high during the discharge process,Please power off the robot and restart it after 15 minutes,放电过程电池温度过高,请尝试关机15分钟之后再启动,Die Batterietemperatur ist während des Entladungsprozesses übermäßig hoch,Bitte versuchen Sie es nach dem Ausschalten für 15 Minuten neu zu starten,La température de la batterie est excessivement élevée pendant le processus de décharge,Veuillez essayer de redémarrer après l‘avoir éteint pendant 15 minutes,La temperatura della batteria è eccessivamente alta durante il processo di scarica,Si prega di provare a riavviare dopo aver spento per 15 minuti,,,La temperatura de la batería es excesivamente alta durante el proceso de descarga,"Por favor, intenta reiniciar después de apagarlo durante 15 minutos",Teplota baterie je během procesu vybíjení příliš vysoká,Vypněte robot a restartuje ji po 15 minutách,,,Teplota batérie je počas procesu vybíjania príliš vysoká,Vypnite robot a reštartuje ju po 15 minútach,Temperatura baterii jest nadmiernie wysoka w trakcie procesu rozładowywania,Proszę spróbować ponownie uruchomić po wyłączeniu na 15 minut,De batterijtemperatuur is te hoog tijdens het ontlaadproces,Probeer opnieuw op te starten nadat u robot gedurende 15 minuten hebt uitgeschakeld.,Batteritemperaturen er for høj under afladningsprocessen,"Sluk for robotten, og genstart den efter 15 minutter",,,Batteritemperaturen är för hög under urladdningsprocessen,Stäng av roboten och starta om den efter 15 minuter,Temperatura baterije je med postopkom praznjenja previsoka,Izklopite napravo robot in jo po 15 minutah ponovno zaženite,,,,,,,,,,,,,,,,,,,,
2718,3,mcu,STATE_2718,1,电池温度过低,Battery temperature is too low,The ambient temperature is too low.,电池温度过低,环境温度过低,Die Batterietemperatur ist zu niedrig,Die Umgebungstemperatur ist zu niedrig.,La température de la batterie est trop basse,La température ambiante est trop basse.,La temperatura della batteria è troppo bassa,La temperatura ambiente è troppo bassa.,,,La temperatura de la batería es demasiado baja,La temperatura ambiente es demasiado baja.,Teplota baterie je příliš nízká,Okolní teplota je příliš nízká.,,,Teplota batérie je príliš nízka,Okolitá teplota je príliš nízka.,Temperatura baterii jest zbyt niska,Temperatura otoczenia jest zbyt niska.,Batterijtemperatuur is te laag.,Omgevingstemperatuur is te laag.,Batteritemperaturen er for lav,Omgivelsestemperaturen er for lav.,,,Batteritemperaturen är för låg,Den omgivande temperaturen är för låg.,Temperatura baterije je prenizka,Temperatura okolja je prenizka.,,,,,,,,,,,,,,,,,,,,
2719,3,mcu,STATE_2719,1,电池温度高，充电异常,Battery temperature too high. Charging error,Please power off the robot and restart it after 15 minutes,电池温度高，充电异常,请尝试关机15分钟之后再启动,"Die Batterietemperatur ist hoch, die Ladung ist abnorm",Bitte versuchen Sie es nach dem Ausschalten für 15 Minuten neu zu starten,"La température de la batterie est élevée, la charge est anormale",Veuillez essayer de redémarrer après l‘avoir éteint pendant 15 minutes,"La temperatura della batteria è alta, la ricarica è anomala",Si prega di provare a riavviare dopo aver spento per 15 minuti,,,"La temperatura de la batería es alta, la carga es anormal","Por favor, intenta reiniciar después de apagarlo durante 15 minutos","Teplota baterie je příliš vysoká, error nabíjení",Vypněte robot a restartuje ji po 15 minutách,,,"Teplota batérie je príliš vysoká, error nabíjania",Vypnite robot a reštartuje ju po 15 minútach,"Temperatura baterii jest wysoka, ładowanie jest nieprawidłowe",Proszę spróbować ponownie uruchomić po wyłączeniu na 15 minut,"Batterijtemperatuur is hoog, het opladen is abnormaal.",Probeer opnieuw op te starten nadat u robot gedurende 15 minuten hebt uitgeschakeld.,Batteritemperaturen er for høj. Fejl ved opladning,"Sluk for robotten, og genstart den efter 15 minutter",,,Batteritemperaturen är för hög. Laddningsfel,Stäng av roboten och starta om den efter 15 minuter,Temperatura baterije je previsoka. Napaka pri polnjenju,Izklopite napravo robot in jo po 15 minutah znova zaženite.,,,,,,,,,,,,,,,,,,,,
2720,3,mcu,STATE_2720,1,触发电池短路保护,Battery short circuit protection triggered,"Restart the robot. If the issue persists, contact the after-sales support",触发电池短路保护,请重启Robot，若多次重启无效，请联系售后,Der Kurzschlussschutz der Batterie wurde ausgelöst,"Bitte starten Sie Roboter neu. Wenn mehrere Neustarts fehlschlagen, kontaktieren Sie bitte den Kundendienst",La protection contre les courts-circuits de la batterie a été déclenchée,"Veuillez redémarrer robot. Si plusieurs redémarrages échouent, veuillez contacter le service après-vente",È stata attivata la protezione da cortocircuito della batteria,"Si prega di riavviare robot. Se diversi riavvii falliscono, si prega di contattare l‘assistenza post-vendita",,,Se ha activado la protección contra cortocircuitos de la batería,"Por favor, reinicie robot. Si varios reinicios fallan, por favor, póngase en contacto con el servicio postventa",Byla spuštěna ochrana proti zkratu baterie,"Restartujte robot. Pokud problém přetrvává, kontaktujte autorizovaný servis",,,Bola aktivovaná ochrana proti skratu batérie,"Reštartujte robot. Ak problém pretrváva, kontaktujte autorizovaný servis",Wywołano zabezpieczenie przed zwarciami baterii,"Proszę zrestartować robot. Jeśli kilkakrotnie nie uda się to, proszę skontaktować się z obsługą posprzedażową",De kortsluitbeveiliging van de batterij is geactiveerd,"Start robot opnieuw op. Als meerdere keren opnieuw opstarten mislukt, neem dan contact op met de klantenservice.",Beskyttelse mod batterikortslutning udløst,"Genstart robotten. Hvis problemet fortsætter, skal du kontakte support",,,Kortslutningsskydd för batteri utlöst,"Starta om roboten. Om problemet kvarstår, kontakta kundsupporten",Sprožila se je zaščita pred kratkim stikom baterije,"Ponovno zaženi robot. Če težave ne odpravite, se obrnite na poprodajno podporo",,,,,,,,,,,,,,,,,,,,
2721,3,mcu,STATE_2721,1,电池过流,Battery overcurrent,"Check if the wheels or cutting disks are jammed. If not, restart the robot. If the error persists, contact the after-sales support",电池过流,请检查Robot轮子或刀盘是否卡住后重启，若多次重启无效，请联系售后,Batterie Überstrom,"Kundendienst. Bitte überprüfen Sie, ob die Räder oder der Schneidscheibe blockiert sind und starten Sie neu. Wenn mehrere Neustartversuche erfolglos sind, wenden Sie sich bitte an den Kundendienst",Surintensité de la batterie,"Service après-vente. Veuillez vérifier si les roues ou le disque de coupe sont bloqués et redémarrer. Si plusieurs tentatives de redémarrage échouent, veuillez contacter le service après-vente",Sovracorrente della batteria,"Assistenza post-vendita. Si prega di verificare se le ruote o il disco tagliante sono bloccati e riavviare. Se diversi tentativi di riavvio non hanno successo, si prega di contattare l‘assistenza post-vendita",,,Sobrecorriente de la batería,"Servicio postventa. Por favor, verifique si las ruedas o el disco de corte están atascados y reinicie. Si varios intentos de reinicio no tienen éxito, por favor contacte al servicio postventa",Přetížení baterie,"Zkontrolujte, zda nejsou kola nebo žací kotouče zablokované. Pokud ne, restartujte robot. Pokud chyba přetrvává, kontaktujte autorizovaný servis",,,Preťaženie batérie,"Skontrolujte, či nie sú kolesá alebo kosiace kotúče zablokované. Pokiaľ nie, reštartujte robot. Pokiaľ chyba pretrváva, kontaktujte autorizovaný servis",Przeciążenie prądem baterii,"Serwis posprzedażowy. Proszę sprawdzić, czy koła lub tarcza tnąca są zablokowane i uruchomić ponownie. Jeśli kilka prób uruchomienia się nie powiedzie, proszę skontaktować się z serwisem posprzedażowym",Batterij in overstroom,"Dienst na verkoop. Controleer of de wielen of de snijschijf geblokkeerd zijn en start opnieuw. Als meerdere herstartpogingen mislukken, neem dan contact op met de klantenservice",Batteri overstrøm,"Kontroller, om hjulene eller slåskiverne sidder fast. Hvis ikke, genstart robotten. Hvis fejlen fortsætter, skal du kontakte support",,,Batteri överström,"Kontrollera om hjulen eller skärskivorna har fastnat. Om inte, starta om roboten. Om felet kvarstår, kontakta kundsupporten",Prekomerni tok baterije,"Preverite, ali so kolesa ali rezalne plošče zataknjene. Če ne, znova zaženite robot. Če se napaka ponovi, se obrnite na poprodajno podporo",,,,,,,,,,,,,,,,,,,,
2722,3,mcu,STATE_2722,1,电池过流,Battery overcurrent,"Check if the wheels or cutting disks are jammed. If not, restart the robot. If the error persists, contact the after-sales support",电池过流,请检查Robot轮子或刀盘是否卡住后重启，若多次重启无效，请联系售后,Batterie Überstrom,"Kundendienst. Bitte überprüfen Sie, ob die Räder oder der Schneidscheibe blockiert sind und starten Sie neu. Wenn mehrere Neustartversuche erfolglos sind, wenden Sie sich bitte an den Kundendienst",Surintensité de la batterie,"Service après-vente. Veuillez vérifier si les roues ou le disque de coupe sont bloqués et redémarrer. Si plusieurs tentatives de redémarrage échouent, veuillez contacter le service après-vente",Sovracorrente della batteria,"Assistenza post-vendita. Si prega di verificare se le ruote o il disco tagliante sono bloccati e riavviare. Se diversi tentativi di riavvio non hanno successo, si prega di contattare l‘assistenza post-vendita",,,Sobrecorriente de la batería,"Servicio postventa. Por favor, verifique si las ruedas o el disco de corte están atascados y reinicie. Si varios intentos de reinicio no tienen éxito, por favor contacte al servicio postventa",Přetížení baterie,"Zkontrolujte, zda nejsou kola nebo žací kotouče zablokované. Pokud ne, restartujte robot. Pokud chyba přetrvává, kontaktujte autorizovaný servis",,,Preťaženie batérie,"Skontrolujte, či nie sú kolesá alebo kosiace kotúče zablokované. Pokiaľ nie, reštartujte robot. Pokiaľ chyba pretrváva, kontaktujte autorizovaný servis",Przeciążenie prądem baterii,"Serwis posprzedażowy. Proszę sprawdzić, czy koła lub tarcza tnąca są zablokowane i uruchomić ponownie. Jeśli kilka prób uruchomienia się nie powiedzie, proszę skontaktować się z serwisem posprzedażowym",Batterij in overstroom,"Dienst na verkoop. Controleer of de wielen of de snijschijf geblokkeerd zijn en start opnieuw. Als meerdere herstartpogingen mislukken, neem dan contact op met de klantenservice",Batteri overstrøm,"Kontroller, om hjulene eller slåskiverne sidder fast. Hvis ikke, genstart robotten. Hvis fejlen fortsætter, skal du kontakte support",,,Batteri överström,"Kontrollera om hjulen eller skärskivorna har fastnat. Om inte, starta om roboten. Om felet kvarstår, kontakta kundsupporten",Prekomerni tok baterije,"Preverite, ali so kolesa ali rezalne plošče zataknjene. Če ne, znova zaženite robot. Če se napaka ponovi, se obrnite na poprodajno podporo",,,,,,,,,,,,,,,,,,,,
2723,3,mcu,STATE_2723,1,电池过流,Battery overcurrent,"Check if the wheels or cutting disks are jammed. If not, restart the robot. If the error persists, contact the after-sales support",电池过流,请检查Robot轮子或刀盘是否卡住后重启，若多次重启无效，请联系售后,Batterie Überstrom,"Kundendienst. Bitte überprüfen Sie, ob die Räder oder der Schneidscheibe blockiert sind und starten Sie neu. Wenn mehrere Neustartversuche erfolglos sind, wenden Sie sich bitte an den Kundendienst",Surintensité de la batterie,"Service après-vente. Veuillez vérifier si les roues ou le disque de coupe sont bloqués et redémarrer. Si plusieurs tentatives de redémarrage échouent, veuillez contacter le service après-vente",Sovracorrente della batteria,"Assistenza post-vendita. Si prega di verificare se le ruote o il disco tagliante sono bloccati e riavviare. Se diversi tentativi di riavvio non hanno successo, si prega di contattare l‘assistenza post-vendita",,,Sobrecorriente de la batería,"Servicio postventa. Por favor, verifique si las ruedas o el disco de corte están atascados y reinicie. Si varios intentos de reinicio no tienen éxito, por favor contacte al servicio postventa",Přetížení baterie,"Zkontrolujte, zda nejsou kola nebo žací kotouče zablokované. Pokud ne, restartujte robot. Pokud chyba přetrvává, kontaktujte autorizovaný servis",,,Preťaženie batérie,"Skontrolujte, či nie sú kolesá alebo kosiace kotúče zablokované. Pokiaľ nie, reštartujte robot. Pokiaľ chyba pretrváva, kontaktujte autorizovaný servis",Przeciążenie prądem baterii,"Serwis posprzedażowy. Proszę sprawdzić, czy koła lub tarcza tnąca są zablokowane i uruchomić ponownie. Jeśli kilka prób uruchomienia się nie powiedzie, proszę skontaktować się z serwisem posprzedażowym",Batterij in overstroom,"Dienst na verkoop. Controleer of de wielen of de snijschijf geblokkeerd zijn en start opnieuw. Als meerdere herstartpogingen mislukken, neem dan contact op met de klantenservice",Batteri overstrøm,"Kontroller, om hjulene eller slåskiverne sidder fast. Hvis ikke, genstart robotten. Hvis fejlen fortsætter, skal du kontakte support",,,Batteri överström,"Kontrollera om hjulen eller skärskivorna har fastnat. Om inte, starta om roboten. Om felet kvarstår, kontakta kundsupporten",Prekomerni tok baterije,"Preverite, ali so kolesa ali rezalne plošče zataknjene. Če ne, znova zaženite robot. Če se napaka ponovi, se obrnite na poprodajno podporo",,,,,,,,,,,,,,,,,,,,
2724,3,mcu,STATE_2724,1,电池过放,Battery over-discharged,Please charge,电池过放,请返回充电,Batterie überentladen,Bitte zum Aufladen zurückkehren,Batterie trop déchargée,Veuillez revenir pour charger,Batteria troppo scarica,Si prega di tornare per la ricarica,,,Batería sobredescargada,Por favor regrese para cargar,Baterie je příliš vybitá,Nabijte robot,,,Batéria je príliš vybitá,Nabite robot,Wyładowana bateria,Proszę wrócić do ładowania,Batterijniveau is te laag.,Ga terug om op te laden.,Batteriet er overafladet,Oplad venligst,,,Batteri överladdat,Vänligen ladda,Baterija je preveč izpraznjena,"Prosimo, napolnite baterijo",,,,,,,,,,,,,,,,,,,,
2725,3,mcu,STATE_2725,1,电池过充,Battery overcharged,"Stop charging immediately. If overcharging occurs frequently, contact the after-sales support",电池过充,请勿继续充电，若多次出现过充，请联系售后,Batterie überladen,"Bitte setzen Sie das Aufladen nicht fort. Wenn wiederholt eine Überladung auftritt, kontaktieren Sie bitte den Kundendienst",Batterie surchargée,"Veuillez ne pas continuer la charge. En cas de surcharge répétée, veuillez contacter le service après-vente",Batteria sovra-caricata,"Si prega di non continuare a caricare. In caso di ripetute sovraccariche, si prega di contattare il servizio post-vendita",,,Batería sobrecargada,"Por favor, no continúe cargando. Si se produce una sobrecarga repetida, por favor, póngase en contacto con el servicio de posventa",Baterie je přebitá,"Okamžitě zastavte nabíjení. Pokud k přebíjení dochází často, kontaktujte autorizovaný servis",,,Batéria je prebitá,"Okamžite zastavte nabíjanie. Pokiaľ k prebíjaniu dochádza často, kontaktujte autorizovaný servis",Przeładowana bateria,"Proszę nie kontynuować ładowania. Jeśli występuje powtarzające się przeladowanie, proszę skontaktować się z obsługą posprzedażową",Batterij is overladen.,"Ga alsjeblieft niet door met opladen. Als u herhaaldelijk te veel laadt, neem dan contact op met de klantenservice.",Batteriet er overopladet,"Stop opladningen med det samme. Hvis der ofte forekommer overopladning, skal du kontakte support",,,Batteri överladdat,"Sluta ladda omedelbart. Om överladdning inträffar ofta, kontakta kundsupporten",Baterija je prenapolnjena,"Takoj prenehajte s polnjenjem. Če do preobremenjenosti prihaja pogosto, se obrnite na poprodajno podporo",,,,,,,,,,,,,,,,,,,,
2726,3,mcu,STATE_2726,1,电池过充,Battery overcharged,"Stop charging immediately. If overcharging occurs frequently, contact the after-sales support",电池过充,请勿继续充电，若多次出现过充，请联系售后,Batterie überladen,"Bitte setzen Sie das Laden nicht fort. Falls wiederholt Überladung auftritt, kontaktieren Sie bitte den Kundendienst",Batterie surchargée,"S‘il vous plaît, ne continuez pas la charge. En cas de surcharge répétée, veuillez contacter le service après-vente",Batteria sovraccaricata,"Si prega di non continuare a caricare. Se si verifica una sovraccarica ripetuta, si prega di contattare il servizio di assistenza post-vendita",,,Batería sobrecargada,"Por favor, no continúe cargando. Si ocurre una sobrecarga repetidamente, por favor, póngase en contacto con el servicio postventa",Baterie je přebitá,"Okamžitě zastavte nabíjení. Pokud k přebíjení dochází často, kontaktujte autorizovaný servis",,,Batéria je prebitá,"Okamžite zastavte nabíjanie. Pokiaľ k prebíjaniu dochádza často, kontaktujte autorizovaný servis",Przeładowana bateria,"Proszę nie kontynuować ładowania. Jeśli występuje powtarzające się przeladowanie, proszę skontaktować się z obsługą posprzedażową",Batterij is overladen.,"Ga niet verder met opladen. In geval van herhaaldelijk overladen, neem dan contact op met de after-sales service",Batteriet er overopladet,"Stop opladningen med det samme. Hvis der ofte forekommer overopladning, skal du kontakte support",,,Batteri överladdat,"Sluta ladda omedelbart. Om överladdning inträffar ofta, kontakta kundsupporten",Baterija je prenapolnjena,"Takoj prenehajte s polnjenjem. Če do preobremenjenosti prihaja pogosto, se obrnite na poprodajno podporo",,,,,,,,,,,,,,,,,,,,
2727,3,mcu,STATE_2727,1,电池单体过放,Battery over-discharged,Please charge,电池单体过放,请返回充电,Batterie überentladen,Bitte zum Aufladen zurückkehren,Batterie surdéchargée,Veuillez revenir pour charger,Batteria eccessivamente scarica,Si prega di tornare per la ricarica,,,Batería sobre-descargada,Por favor regrese para cargar,Baterie je příliš vybitá,Nabijte robot,,,Batéria je príliš vybitá,Nabite robot,Bateria przewartościowana,Proszę wrócić do ładowania,Batterijniveau is kristisch laag.,Ga terug om op te laden.,Batteriet er overafladet,Oplad venligst,,,Batteri överladdat,Vänligen ladda,Baterija je preveč izpraznjena,"Prosimo, napolnite baterijo",,,,,,,,,,,,,,,,,,,,
2728,3,common,STATE_2728,3,电池长时间无法充满,The battery cannot be charged fully even after prolonged charging,"Please ensure the robot and the charging station contact well. Allow the robot work until its battery drops from over 70% to 15%, then recharge it. Repeat this process 3 times. If the issue persists, please contact our after-sales support",电池长时间无法充满,请检查车和充电桩是否接触良好。作业消耗到15%作业再回充，反复3次还是报这个错误，请联系售后,Der Akku kann auch nach längerem Laden nicht vollständig aufgeladen werden,"Bitte achten Sie darauf, dass Roboter und Ladestation gut miteinander in Kontakt kommen. Lassen Sie den Roboter arbeiten, bis seine Batterie von über 70% auf 15% fällt und laden Sie ihn auf. Wiederholen Sie diesen Vorgang 3-mal. Wenn das Problem weiterhin besteht, kontaktieren Sie bitte unseren Kundendienst",La batterie ne peut pas être complètement chargée même après une longue charge,"Assurez - vous que le robot et la station de charge sont bien en contact. Laissez le robot fonctionner jusqu'à ce que sa batterie soit réduite de plus de 70% à 15%, puis rechargez - la. Répétez le processus 3 fois. Si le problème persiste, veuillez contacter notre service après - vente",,,,,,,,,,,,,,,,,,,,,,,,,,,,,,,,,,,,,,,,,,,,
2729,3,common,STATE_2729,1,电源适配器电压过低,The voltage of the power adapter is too low,"Please ensure you are using the original power adapter. If the issue persists, please contact the after-sales support",电源适配器电压过低,请检查是否是使用标配的适配器，若持续报错请联系售后,Netzteil spannung ist zu niedrig,"Stellen Sie sicher, dass Sie das originale Netzteil verwenden. Wenn das Problem weiterhin besteht, wenden Sie sich bitte an den Kundendienst",La tension de l'adaptateur d'alimentation est trop basse,"Assurez-vous d'utiliser l'adaptateur d'alimentation d'origine. Si le problème persiste, contactez le service après-vente",Tensione dell'adattatore di alimentazione troppo bassa,"Assicurati di utilizzare l'adattatore di alimentazione originale. Se il problema persiste, si prega di contattare il servizio post-vendita",,,El voltaje del adaptador de corriente es demasiado bajo,"Asegúrese de que está utilizando el adaptador de corriente original. Si el problema persiste, comuníquese con el servicio posventa",Napájení adaptéru příliš nízké,"Ujistěte se, že používáte originální napájecí adaptér. Pokud potíže přetrvávají, obraťte se na poprodejní službu",,,Napájací adaptér napätie príliš nízke,"Uistite sa, že používate pôvodný napájací adaptér. Ak problém pretrváva, obráťte sa na popredajný servis",Zbyt niskie napięcie zasilacza,"Upewnij się, że używasz oryginalnego adaptera zasilającego. Jeśli problem nie ustępuje, skontaktuj się z serwisem posprzedażowym",Stroomadapter spanning te laag,"Zorg ervoor dat u de originele voedingsadapter gebruikt. Als het probleem aanhoudt, neem contact op met de klantenservice",Strøm adapterspænding for lav,"Sørg for, at du bruger den originale strømadapter. Hvis problemet fortsætter, bedes du kontakte eftersalgstjenesten",,,Strömadaptersspänning för låg,"Se till att du använder den ursprungliga nätadaptern. Om problemet kvarstår, kontakta kundservice",Napetost z napajanjem prenizka,"Prepričajte se, da uporabljate originalni napajalni adapter. Če težava ostaja, obrnite se na službo za kupce",,,,,,,,,,,,,,,,,,,,
2735,3,common,STATE_2735,3,充电桩温度过高，充电失败,The charging station is too hot and the charging fails,Please disconnect Robot from the charging station and try charging again after waiting for 1-2 hours for the temperature to drop,充电桩温度过高，充电失败,请将Robot脱离充电桩，等待1至2个小时温度降低之后再重试充电,Die Ladestation ist zu heiß und das Laden schlägt fehl,"Bitte trennen Sie den Roboter von der Ladestation und versuchen Sie erneut aufzuladen, nachdem Sie 1-2 Stunden gewartet haben, bis die Temperatur sinkt.","La station de charge surchauffe, la charge échoue",Veuillez déconnecter le robot de la station de charge et attendre 1 à 2 heures avant que la température ne baisse pour essayer de recharger à nouveau,,,,,,,,,,,,,,,,,,,,,,,,,,,,,,,,,,,,,,,,,,,,
2741,3,motor,STATE_2741,1,升降电机上升时堵转,The lift motor stalled when ascending,"Check if the cutting disk is jammed. If not, restart the robot. If the error persists, contact the after-sales support",升降电机上升时堵转,请检查刀盘是否堵草后重试，多次重启无效请联系售后,Der Aufzugsmotor blockiert beim Aufsteigen,"Bitte überprüfen Sie, ob das Messer von Gras blockiert ist, und versuchen Sie es erneut. Wenn mehrere Neustarts erfolglos sind, kontaktieren Sie bitte den Kundendienst",Le moteur de levage se bloque lors de la montée,"Veuillez vérifier si la lame de coupe est obstruée par de l‘herbe, puis réessayez. Si plusieurs redémarrages sont infructueux, veuillez contacter le service après-vente",Il motore di sollevamento si blocca durante la salita,"Si prega di verificare se la lama di taglio è ostruita dall‘erba e riprovare. Se diversi riavvii non hanno successo, si prega di contattare l‘assistenza clienti",,,El motor de elevación se atasca durante el ascenso,"Por favor, compruebe si la cuchilla de corte está obstruida con hierba y vuelva a intentarlo. Si varios reinicios no tienen éxito, por favor, póngase en contacto con el servicio de atención al cliente",Motor žacího kotouče se zastavil při zdvihání,"Zkontrolujte, zda není zablokovaný žací kotouč. Pokud ne, restartujte robot. Pokud chyba přetrvává, kontaktujte autorizovaný servis",,,Motor žacieho kotúča sa zastavil pri zdvíhaní,"Skontrolujte, či nie je zablokovaný kosiaci kotúč. Pokiaľ nie, reštartujte robot. Pokiaľ chyba pretrváva, kontaktujte autorizovaný servis","Podczas podnoszenia, silnik podnośnika się zacina","Proszę sprawdzić, czy ostrze tnące nie jest zatarte trawą i spróbować ponownie. Jeśli kilkukrotne uruchomienia nie przyniosły rezultatu, proszę skontaktować się z serwisem posprzedażowym",Hefmotor blokkeert bij het stijgen,"Controleer of het maaimes verstopt is met gras en probeer het vervolgens opnieuw. Als verschillende herstarts niet succesvol zijn, neem dan contact op met de klantenservice.","Løftemotoren gik i stå, da den løftede op","Kontroller, om slåskiven sidder fast. Hvis ikke, genstart robotten. Hvis fejlen fortsætter, skal du kontakte support",,,Lyftmotorn stannade vid uppstigning,"Kontrollera om klipptallriken har fastnat. Om inte, starta om roboten. Om felet kvarstår, kontakta kundsupporten",Motor dvigala je zastal pri dvigovanju,"Preverite, ali je rezalna plošča zataknjena. Če ne, znova zaženite robot. Če se napaka ponovi, se obrnite na poprodajno podporo",,,,,,,,,,,,,,,,,,,,
2742,3,motor,STATE_2742,1,升降电机下降时堵转,The lift motor stalled when descending,"Check if the cutting disk is jammed. If not, restart the robot. If the error persists, contact the after-sales support",升降电机下降时堵转,请检查刀盘是否堵草后重试，多次重启无效请联系售后,Der Aufzugsmotor blockiert beim Absteigen,"Bitte überprüfen Sie, ob das Messer von Gras blockiert ist, und versuchen Sie es erneut. Wenn mehrere Neustarts erfolglos sind, kontaktieren Sie bitte den Kundendienst",Le moteur de levage se bloque lors de la descente,"Veuillez vérifier si la lame de coupe est obstruée par de l‘herbe, puis réessayez. Si plusieurs redémarrages sont infructueux, veuillez contacter le service après-vente",Il motore di sollevamento si blocca durante la discesa,"Si prega di verificare se la lama di taglio è ostruita dall‘erba e riprovare. Se diversi riavvii non hanno successo, si prega di contattare l‘assistenza clienti",,,El motor de elevación se atasca durante el descenso,"Por favor, compruebe si la cuchilla de corte está obstruida con hierba y vuelva a intentarlo. Si varios reinicios no tienen éxito, por favor, póngase en contacto con el servicio de atención al cliente",Motor žacího kotouče se zastavil při snižování,"Zkontrolujte, zda není zablokovaný žací kotouč. Pokud ne, restartujte robot. Pokud chyba přetrvává, kontaktujte autorizovaný servis",,,Motor žacieho kotúča sa zastavil pri znižovaní,"Skontrolujte, či nie je zablokovaný kosiaci kotúč. Pokiaľ nie, reštartujte robot. Pokiaľ chyba pretrváva, kontaktujte autorizovaný servis","Podczas opuszczania, silnik podnośnika się zacina","Proszę sprawdzić, czy ostrze tnące nie jest zatarte trawą i spróbować ponownie. Jeśli kilkukrotne uruchomienia nie przyniosły rezultatu, proszę skontaktować się z serwisem posprzedażowym",De hefmotor loopt vast bij het neerlaten.,"Controleer of het maaimes verstopt is met gras en probeer het vervolgens opnieuw. Als meerdere herstarts niet succesvol zijn, neem dan contact op met de klantenservice","Løftemotoren gik i stå, når den sænkede ned","Kontroller, om slåskiven sidder fast. Hvis ikke, genstart robotten. Hvis fejlen fortsætter, skal du kontakte support",,,Lyftmotorn stannade vid nedstigning,"Kontrollera om klipptallriken har fastnat. Om inte, starta om roboten. Om felet kvarstår, kontakta kundsupporten",Motor dvigala je zastal pri spuščanju,"Preverite, ali je rezalna plošča zataknjena. Če ne, znova zaženite robot. Če se napaka ponovi, se obrnite na poprodajno podporo",,,,,,,,,,,,,,,,,,,,
2743,3,motor,STATE_2743,1,升降电机上升时过流,Lift motor overcurrent when ascending,"Check if the cutting disk is jammed. If not, restart the robot. If the error persists, contact the after-sales support",升降电机上升时过流,请检查刀盘是否堵草后重试，多次重启无效请联系售后,Der Aufzugsmotor hat während des Aufstiegs eine Überstromsituation,"Bitte überprüfen Sie, ob das Messer von Gras blockiert ist, und versuchen Sie es erneut. Wenn mehrere Neustarts erfolglos sind, kontaktieren Sie bitte den Kundendienst",Le moteur de levage connaît une surintensité lors de la montée,"Veuillez vérifier si la lame de coupe est obstruée par de l‘herbe, puis réessayez. Si plusieurs redémarrages sont infructueux, veuillez contacter le service après-vente","Durante la salita, il motore di sollevamento presenta sovracorrente","Si prega di verificare se la lama di taglio è ostruita dall‘erba e riprovare. Se diversi riavvii non hanno successo, si prega di contattare l‘assistenza clienti",,,El motor de elevación experimenta sobrecorriente durante el ascenso,"Por favor, compruebe si la cuchilla de corte está obstruida con hierba y vuelva a intentarlo. Si varios reinicios no tienen éxito, por favor, póngase en contacto con el servicio de atención al cliente",Při zdvinání dochází k přetížení proudu motoru,"Zkontrolujte, zda není zablokovaný žací kotouč. Pokud ne, restartujte robot. Pokud chyba přetrvává, kontaktujte autorizovaný servis",,,Pri zdvíhaní dochádza k preťaženiu prúdu motora,"Skontrolujte, či nie je zablokovaný kosiaci kotúč. Pokiaľ nie, reštartujte robot. Pokiaľ chyba pretrváva, kontaktujte autorizovaný servis","Podczas podnoszenia, silnik podnośnika doświadcza przeciążenia prądu","Proszę sprawdzić, czy ostrze tnące nie jest zatarte trawą i spróbować ponownie. Jeśli kilkukrotne uruchomienia nie przyniosły rezultatu, proszę skontaktować się z serwisem posprzedażowym",De hefmotor ondervindt overstroom tijdens het stijgen,"Controleer of het maaimes verstopt is met gras en probeer het vervolgens opnieuw. Als meerdere herstarts niet succesvol zijn, neem dan contact op met de klantenservice",Løfte motorens overbelastes ved ændring af klippehøjde,"Kontroller, om slåskiven sidder fast. Hvis ikke, genstart robotten. Hvis fejlen fortsætter, skal du kontakte support",,,Lyft motorns överström när du stiger,"Kontrollera om klipptallriken har fastnat. Om inte, starta om roboten. Om felet kvarstår, kontakta kundsupporten",Prekomerni tok motorja dvigala pri dvigovanju,"Preverite, ali je rezalna plošča zataknjena. Če ne, znova zaženite robot. Če se napaka ponovi, se obrnite na poprodajno podporo",,,,,,,,,,,,,,,,,,,,
2744,3,motor,STATE_2744,1,升降电机下降时过流,Lift motor overcurrent when descending,"Check if the cutting disk is jammed. If not, restart the robot. If the error persists, contact the after-sales support",升降电机下降时过流,请检查刀盘是否堵草后重试，多次重启无效请联系售后,Der Aufzugsmotor hat während des Abstiegs eine Überstromsituation,"Bitte überprüfen Sie, ob das Messer von Gras blockiert ist, und versuchen Sie es erneut. Wenn mehrere Neustarts erfolglos sind, kontaktieren Sie bitte den Kundendienst",Le moteur de levage connaît une surintensité lors de la descente,"Veuillez vérifier si la lame de coupe est obstruée par de l‘herbe, puis réessayez. Si plusieurs redémarrages sont infructueux, veuillez contacter le service après-vente","Durante la discesa, il motore di sollevamento presenta sovracorrente","Si prega di verificare se la lama di taglio è ostruita dall‘erba e riprovare. Se diversi riavvii non hanno successo, si prega di contattare l‘assistenza clienti",,,El motor de elevación experimenta sobrecorriente durante el descenso,"Por favor, compruebe si la cuchilla de corte está obstruida con hierba y vuelva a intentarlo. Si varios reinicios no tienen éxito, por favor, póngase en contacto con el servicio de atención al cliente",Při snižování dochází k přetížení proudu motoru,"Zkontrolujte, zda není zablokovaný žací kotouč. Pokud ne, restartujte robot. Pokud chyba přetrvává, kontaktujte autorizovaný servis",,,Pri znižovaní dochádza k preťaženiu prúdu motora,"Skontrolujte, či nie je zablokovaný kosiaci kotúč. Pokiaľ nie, reštartujte robot. Pokiaľ chyba pretrváva, kontaktujte autorizovaný servis","Podczas opuszczania, silnik podnośnika doświadcza przeciążenia prądu","Proszę sprawdzić, czy ostrze tnące nie jest zatarte trawą i spróbować ponownie. Jeśli kilkukrotne uruchomienia nie przyniosły rezultatu, proszę skontaktować się z serwisem posprzedażowym",De hefmotor ondervindt overstroom bij het dalen,"Controleer of het maaimes verstopt is met gras en probeer het vervolgens opnieuw. Als meerdere herstarts niet succesvol zijn, neem dan contact op met de klantenservice",Løfte motorens overbelastes ved ændring af klippehøjde,"Kontroller, om slåskiven sidder fast. Hvis ikke, genstart robotten. Hvis fejlen fortsætter, skal du kontakte support",,,Lyft motorns överström vid nedstigning,"Kontrollera om klipptallriken har fastnat. Om inte, starta om roboten. Om felet kvarstår, kontakta kundsupporten",Prekomerni tok motorja dvigala pri spuščanju,"Preverite, ali je rezalna plošča zataknjena. Če ne, znova zaženite robot. Če se napaka ponovi, se obrnite na poprodajno podporo",,,,,,,,,,,,,,,,,,,,
2745,3,motor,STATE_2745,1,角位置传感器数据异常,Data error of angle position sensor,"Check if the lifting system is stuck, then restart the robot. If the error persists after restart, contact the after-sales support",角位置传感器数据异常,请检查升降机构是否被异物卡住或尝试重启Robot，多次重启无效请联系售后,Abnormale Daten des Winkellagesensors,"Bitte überprüfen Sie, ob der Aufzugmechanismus durch Fremdkörper blockiert ist oder versuchen Sie, Roboter neu zu starten. Wenn mehrere Neustarts erfolglos sind, kontaktieren Sie bitte den Kundendienst",Données anormales du capteur de position angulaire,"Veuillez vérifier si le mécanisme de levage est bloqué par des objets étrangers ou essayez de redémarrer robot. Si plusieurs redémarrages sont infructueux, veuillez contacter le service après-vente",Dati anomali del sensore di posizione angolare,"Si prega di verificare se il meccanismo di sollevamento è ostruito da oggetti estranei o provare a riavviare robot. Se diversi riavvii non hanno successo, si prega di contattare l‘assistenza clienti",,,Datos anormales del sensor de posición angular,"Por favor, verifique si el mecanismo de elevación está obstruido por objetos extraños o intente reiniciar robot. Si varios reinicios no tienen éxito, por favor, póngase en contacto con el servicio de atención al cliente",Chyba dat ze snímače náklonu,"Zkontrolujte, zda není zdvihací mechanismus zablokovaný a restartujte robot. Pokud chyba přetrává i po restartu, kontaktujte autorizovaný servis",,,Chyba údajov zo snímača náklonu,"Skontrolujte, či nie je zdvíhací mechanizmus zablokovaný a reštartujte robot. Ak chyba pretráva aj po reštarte, kontaktujte autorizovaný servis",Anormalne dane z czujnika pozycji kątowej,"Proszę sprawdzić, czy mechanizm podnoszenia nie jest zablokowany przez obce przedmioty lub spróbować ponownie uruchomić robot. Jeśli kilkukrotne uruchomienia nie przyniosły rezultatu, proszę skontaktować się z serwisem posprzedażowym",Abnormale gegevens hoekpositiesensor,"Controleer of het hefmechanisme wordt geblokkeerd door vreemde voorwerpen of probeer robot opnieuw te starten. Als meerdere herstarts niet succesvol zijn, neem dan contact op met de klantenservice",Datafejl i vinkelpositionssensoren,"Kontroller, om løftesystemet sidder fast, og genstart derefter robotten. Hvis fejlen fortsætter efter genstart, skal du kontakte support",,,Datafel för vinkelpositionsgivare,"Kontrollera om lyftsystemet har fastnat och starta sedan om roboten. Om felet kvarstår efter omstart, kontakta kundsupporten",Podatkovna napaka senzorja položaja kota,"Preverite, ali se je dvižni sistem zataknil, nato ponovno zaženite robot. Če se napaka po ponovnem zagonu ponovi, se obrnite na poprodajno podporo",,,,,,,,,,,,,,,,,,,,
2746,3,motor,STATE_2746,1,升降电机控制异常,Lift motor control error,"Check if the lifting system is stuck, then restart the robot. If the error persists after restart, contact the after-sales support",升降电机控制异常,请检查升降机构是否被异物卡住或尝试重启机器，多次重启无效请联系售后,Abnormale Steuerung des Aufzugsmotors,"Bitte überprüfen Sie, ob der Aufzugmechanismus durch Fremdkörper blockiert ist oder versuchen Sie, Roboter neu zu starten. Wenn mehrere Neustarts erfolglos sind, kontaktieren Sie bitte den Kundendienst",Des anomalies dans le contrôle du moteur de levage,"Veuillez vérifier si le mécanisme de levage est bloqué par des objets étrangers ou essayez de redémarrer robot. Si plusieurs redémarrages sont infructueux, veuillez contacter le service après-vente",Anomalie nel controllo del motore di sollevamento,"Si prega di verificare se il meccanismo di sollevamento è ostruito da oggetti estranei o provare a riavviare robot. Se diversi riavvii non hanno successo, si prega di contattare l‘assistenza clienti",,,Se presentan anomalías en el control del motor de elevación,"Por favor, verifique si el mecanismo de elevación está obstruido por objetos extraños o intente reiniciar robot. Si varios reinicios no tienen éxito, por favor, póngase en contacto con el servicio de atención al cliente",Chyba ovládání zdvihacího motoru,"Zkontrolujte, zda není zdvihací mechanismus zablokovaný a restartujte robot. Pokud chyba přetrává i po restartu, kontaktujte autorizovaný servis",,,Chyba ovládania zdvíhacieho motora,"Skontrolujte, či nie je zdvíhací mechanizmus zablokovaný a reštartujte robot. Ak chyba pretráva aj po reštarte, kontaktujte autorizovaný servis",Występują nieprawidłowości w sterowaniu silnikiem podnośnika,"Proszę sprawdzić, czy mechanizm podnoszenia nie jest zablokowany przez obce przedmioty lub spróbować ponownie uruchomić robot. Jeśli kilkukrotne uruchomienia nie przyniosły rezultatu, proszę skontaktować się z serwisem posprzedażowym",Afwijkingen in de besturing van de hefmotor,"Controleer of het hefmechanisme wordt geblokkeerd door vreemde voorwerpen of probeer robot opnieuw te starten. Als meerdere herstarts niet succesvol zijn, neem dan contact op met de klantenservice",Fejl ved styring af løftemotor,"Kontroller, om løftesystemet sidder fast, og genstart derefter robotten. Hvis fejlen fortsætter efter genstart, skal du kontakte support",,,Lyftmotorstyrningsfel,"Kontrollera om lyftsystemet har fastnat och starta sedan om roboten. Om felet kvarstår efter omstart, kontakta kundsupporten",Napaka krmiljenja motorja dvigala,"Preverite, ali se je dvižni sistem zataknil, nato ponovno zaženite robot. Če se napaka po ponovnem zagonu ponovi, se obrnite na poprodajno podporo",,,,,,,,,,,,,,,,,,,,
2747,3,motor,STATE_2747,1,升降电机无法到达指定高度,The lift motor cannot reach the designated height,"Check if the lifting system is stuck, then restart the robot. If the error persists after restart, contact the after-sales support",升降电机无法到达指定高度,请检查升降机构是否被异物卡住或尝试重启机器，多次重启无效请联系售后,Der Aufzugsmotor kann die angegebene Höhe nicht erreichen,"Bitte überprüfen Sie, ob der Aufzugmechanismus durch Fremdkörper blockiert ist oder versuchen Sie, Roboter neu zu starten. Wenn mehrere Neustarts erfolglos sind, kontaktieren Sie bitte den Kundendienst",Le moteur de levage ne peut pas atteindre la hauteur spécifiée,"Veuillez vérifier si le mécanisme de levage est bloqué par des objets étrangers ou essayez de redémarrer robot. Si plusieurs redémarrages sont infructueux, veuillez contacter le service après-vente",Il motore di sollevamento non può raggiungere l‘altezza specificata,"Si prega di verificare se il meccanismo di sollevamento è ostruito da oggetti estranei o provare a riavviare robot. Se diversi riavvii non hanno successo, si prega di contattare l‘assistenza clienti",,,El motor de elevación no puede alcanzar la altura especificada,"Por favor, verifique si el mecanismo de elevación está obstruido por objetos extraños o intente reiniciar robot. Si varios reinicios no tienen éxito, por favor, póngase en contacto con el servicio de atención al cliente",Zdvihací motor nemůže dosáhnout nastavené výšky,"Zkontrolujte, zda není zdvihací mechanismus zablokovaný a restartujte robot. Pokud chyba přetrává i po restartu, kontaktujte autorizovaný servis",,,Zdvíhací motor nemôže dosiahnuť nastavenú výšku,"Skontrolujte, či nie je zdvíhací mechanizmus zablokovaný a reštartujte robot. Ak chyba pretráva aj po reštarte, kontaktujte autorizovaný servis",Silnik podnośnika nie może osiągnąć określonej wysokości,"Proszę sprawdzić, czy mechanizm podnoszenia nie jest zablokowany przez obce przedmioty lub spróbować ponownie uruchomić robot. Jeśli kilkukrotne uruchomienia nie przyniosły rezultatu, proszę skontaktować się z serwisem posprzedażowym",Hefmotor kan de gespecificeerde hoogte niet bereiken,"Controleer of het hefmechanisme wordt geblokkeerd door vreemde voorwerpen of probeer robot opnieuw te starten. Als meerdere herstarts niet succesvol zijn, neem dan contact op met de klantenservice",Løftemotoren kan ikke nå den angivne højde,"Kontroller, om løftesystemet sidder fast, og genstart derefter robotten. Hvis fejlen fortsætter efter genstart, skal du kontakte support",,,Lyftmotorn kan inte nå den avsedda höjden,"Kontrollera om lyftsystemet har fastnat och starta sedan om roboten. Om felet kvarstår efter omstart, kontakta kundsupporten",Dvižni motor ne more doseči določene višine,"Preverite, ali se je dvižni sistem zataknil, nato ponovno zaženite robot. Če se napaka po ponovnem zagonu ponovi, se obrnite na poprodajno podporo",,,,,,,,,,,,,,,,,,,,
2748,3,motor,STATE_2748,1,升降电机角位置传感器断连,Angle position sensor of lift motor disconnected,"If the error persists after restart, contact the after-sales support",升降电机角位置传感器断连,若重启机器无效，请联系售后,Der Winkelsensor des Aufzugsmotors ist nicht verbunden,"Wenn das Neustarten der Maschine nicht erfolgreich ist, kontaktieren Sie bitte den Kundendienst",Capteur de position angulaire du moteur d’ascenseur déconnecté,"Si le redémarrage de la machine est inefficace, veuillez contacter le service après-vente",Sensore di posizione angolare del motore dell’ascensore disconnesso,"Se il riavvio della macchina non è efficace, si prega di contattare l‘assistenza clienti",,,Sensor de posición angular del motor del ascensor desconectado,"Si reiniciar la máquina no es efectivo, por favor, póngase en contacto con el servicio de atención al cliente",Snímač motoru zdvihu je odpojen,"Pokud chyba přetrává po restartu robot, kontaktujte autorizovaný servis",,,Snímač motora zdvihu je odpojený,"Pokiaľ chyba pretráva po reštarte robot, kontaktujte autorizovaný servis",Czujnik kąta położenia silnika podnośnika jest odłączony,"Jeśli ponowne uruchomienie maszyny nie przynosi rezultatu, proszę skontaktować się z serwisem posprzedażowym",Hoekpositiesensor van liftmotor losgekoppeld,"Als het herstarten van de machine niet helpt, neem dan contact op met de klantenservice.",Vinkelpositionssensor på løftemotor afbrudt,"Hvis fejlen fortsætter efter genstart, skal du kontakte support",,,Vinkellägesgivare för lyftmotor frånkopplad,"Om felet kvarstår efter omstart, kontakta kundsupporten",Senzor položaja kota motorja dvigala je odklopljen,"Če se napaka po ponovnem zagonu ponovi, se obrnite na poprodajno podporo",,,,,,,,,,,,,,,,,,,,
2800,3,mcu,STATE_2800,1,触发Stop按键,STOP button triggered,,触发Stop按键,,Stopptaste auslösen,,Bouton d’arrêt déclenché,,Pulsante di arresto dell’interruttore,,,,Activar botón de parada,,Tlačítko STOP aktivováno,,,,Tlačidlo STOP aktivované,,Uruchomiony przycisk „STOP” na robot,,Stopknop geactiveerd,,STOP-knap udløst,,,,STOP-knappen utlöstes,,Sprožil se je gumb STOP,,,,,,,,,,,,,,,,,,,,,
2801,3,mcu,STATE_2801,1,触发抬举,Lift sensor triggered,Please handle promptly.​​,触发抬举,请及时处理,Hub auslösen,,Levage de la gâchette,,Sollevamento dell’interruttore,,,,Activar elevación,,Aktivován senzor nadzvednutí,,,,Aktivovaný senzor nadvihnutia,,Aktywowano czujnik podnoszenia,,Hefsensor geactiveerd,,Løftesensor udløst,,,,Lyftsensor utlöst,,Senzor dviga se je sprožil,,,,,,,,,,,,,,,,,,,,,
2803,3,navigation,STATE_2803,1,计划作业时间冲突,Time clash for tasks,Please set a task properly to avoid time clash,计划作业时间冲突,请合理规划作业，避免时间冲突,Es gibt einen Zeitkonflikt im geplanten Arbeitszeitplan,"Bitte planen Sie die Aufgaben vernünftig, um Zeitkonflikte zu vermeiden",Il y a un conflit d‘horaires dans le planning des tâches,Veuillez planifier les tâches de manière raisonnable afin d‘éviter les conflits horaires,C‘è un conflitto di orari nel programma delle attività pianificate,Si prega di pianificare le attività in modo ragionevole per evitare conflitti di tempo,,,Hay un conflicto de horarios en el plan de trabajo programado,"Por favor, planifique las tareas de manera adecuada para evitar conflictos de tiempo",Časový konflikt v plánovaném úkolu,"Nastavte prosím úkol správně, abyste se vyhnuli časovým konfliktům",,,Časový konflikt v plánovanej úlohe,"Nastavte prosím úlohu správne, aby ste sa vyhli časovým konfliktom",W harmonogramie planowanych prac występuje konflikt czasowy,"Proszę zaplanować zadania w sposób rozsądny, aby uniknąć konfliktów czasowych",Er is een planningsconflict in de taakplanning,Plan de taken redelijk om tijdconflicten te voorkomen.,Tidssammenstød for opgaver,Indstil en opgave korrekt for at undgå tidssammenstød,,,Tidskrock för klippningar,Ställ in en klippningen ordentligt för att undvika tidskollision,Časovno nasprotje za naloge,"Ustrezno nastavite nalogo, da se izognete časovnemu trku",,,,,,,,,,,,,,,,,,,,
2804,3,mcu,STATE_2804,1,蓝牙不佳导致控车延迟,The robot control is delayed due to poor Bluetooth connection,,蓝牙不佳导致控车延迟,,Fahrzeugsteuerung aufgrund eines schlechten Bluetooth-Signals verzögert,,Contrôle du robot  retardé en raison d’un signal Bluetooth faible,,Controllo veicolo ritardato a causa di segnale Bluetooth scarso,,,,Control del vehículo retrasado debido a una señal Bluetooth deficiente,,Ovládání robot je zpožděno kvůli špatnému připojení Bluetooth,,,,Ovládanie robot je oneskorené kvôli zlému pripojeniu Bluetooth,,Sterowanie robot opóźnione z powodu słabego połączenia Bluetooth,,Robotbesturing vertraagd vanwege zwak Bluetooth-signaal.,,Robotstyringen er forsinket på grund af dårlig Bluetooth-forbindelse,,,,Robotkontrollen är försenad på grund av dålig blåtand-anslutning,,Upravljanje naprave robot zamuja zaradi slabe povezave Bluetooth,,,,,,,,,,,,,,,,,,,,,
2805,3,mcu,STATE_2805,1,计划作业启动失败,The task failed to start,Please ensure that the robot is ready,计划作业启动失败,请提前确认Robot具备状态条件,Der geplante Arbeitsbeginn ist fehlgeschlagen,"Bitte bestätigen Sie im Voraus, ob Roboter die erforderlichen Zustandsbedingungen erfüllt",Le début planifié du travail a échoué,Veuillez confirmer à l‘avance si robot remplit les conditions d‘état requises,L‘inizio programmato del lavoro è fallito,Si prega di confermare in anticipo se robot soddisfa le condizioni di stato necessarie,,,El inicio planificado del trabajo ha fallado,"Por favor, confirme con antelación si robot cumple con las condiciones de estado requeridas",Úkol se nepodařilo spustit,"Ujistěte se, že je robot připravena",,,Úlohu sa nepodarilo spustiť,"Uistite sa, že je robot pripravená",Planowany rozpoczęcie pracy nie powiodło się,"Proszę potwierdzić wcześniej, czy robot spełnia wymagane warunki stanu",Geplande start van taak mislukt,Bevestig vooraf of robot aan de vereiste statusvoorwaarden voldoet,Opgaven kunne ikke startes,"Sørg for, at robotten er klar",,,Klippningen kunde inte starta,Se till att roboten är redo,Naloga se ni uspela zagnati,"Prepričajte se, da je naprava robot pripravljena",,,,,,,,,,,,,,,,,,,,
2806,3,common,STATE_2806,2,WiFi网络不良,Weak Wi-Fi signal,Please move the Robot closer to the network hotspot,WiFi网络不良,请将机器人靠近网络热点,Schwaches WLAN-Signal,Bitte bewegen Sie den Roboter näher an den Netzwerk-Hotspot,Signal Wi - Fi faible,Veuillez rapprocher le robot du point chaud du réseau,,,,,,,,,,,,,,,,,,,,,,,,,,,,,,,,,,,,,,,,,,,,
2807,3,common,STATE_2807,2,4G网络不良,Weak 4G signal,Please ensure that the 4G network coverage in the area of use is good,4G网络不良,请确保使用区域的4G网络覆盖良好,Schwaches 4G-Signal,"Bitte stellen Sie sicher, dass die 4G-Netzabdeckung im Einsatzbereich gut ist",Signal 4G faible,Assurez - vous que la couverture du réseau 4G dans la zone d'utilisation est bonne,,,,,,,,,,,,,,,,,,,,,,,,,,,,,,,,,,,,,,,,,,,,
2821,3,mcu,STATE_2821,1,后轮毂电机控制器通信超时→241111导入后台,Communication timeout occurred in the controller of the rear wheel hub motor,"Restart the robot. If the issue persists, please contact our after-sales support",后轮毂电机控制器通信超时,请重启Robot，若多次重启无效，请联系售后,Kommunikationszeitüberschreitung in der Steuerung des Hinterradnabenmotors,"Starten Sie den Roboter neu. Wenn das Problem weiterhin besteht, kontaktieren Sie bitte unseren Kundendienst",Communication timeout se produit au Contrôleur de moteur de moyeu de roue arrière,"Redémarrez le robot. Si le problème persiste, veuillez contacter notre service après - vente",,,,,,,,,,,,,,,,,,,,,,,,,,,,,,,,,,,,,,,,,,,,
2822,3,mcu,STATE_2822,1,刀盘电机控制器通信超时→241111导入后台,Communication timeout occurred in the controller of the cutting disc motor,"Restart the robot. If the issue persists, please contact our after-sales support",刀盘电机控制器通信超时,请重启Robot，若多次重启无效，请联系售后,Kommunikationszeitüberschreitung in der Steuerung des Schneidscheibenmotors,"Starten Sie den Roboter neu. Wenn das Problem weiterhin besteht, kontaktieren Sie bitte unseren Kundendienst",Délai de communication se produit pour le Contrôleur de moteur de disque de coupe,"Redémarrez le robot. Si le problème persiste, veuillez contacter notre service après - vente",,,,,,,,,,,,,,,,,,,,,,,,,,,,,,,,,,,,,,,,,,,,
2823,3,mcu,STATE_2823,1,集草电机控制器通信超时→241111导入后台,Communication timeout occurred in the controller of the sweeping motor,"Restart the robot. If the issue persists, please contact our after-sales support",集草电机控制器通信超时,请重启Robot，若多次重启无效，请联系售后,Kommunikations-Timeout trat in der Steuerung des Kehrmotors auf,"Starten Sie den Roboter neu. Wenn das Problem weiterhin besteht, kontaktieren Sie bitte unseren Kundendienst",Délai de communication se produit avec le Contrôleur du moteur de balayage,"Redémarrez le robot. Si le problème persiste, veuillez contacter notre service après - vente",,,,,,,,,,,,,,,,,,,,,,,,,,,,,,,,,,,,,,,,,,,,
2824,3,mcu,STATE_2824,1,卸草电机控制器通信超时→241111导入后台,Communication timeout occurred in the controller of the dumping motor,"Restart the robot. If the issue persists, please contact our after-sales support",卸草电机控制器通信超时,请重启Robot，若多次重启无效，请联系售后,Kommunikationszeitüberschreitung in der Steuerung des Dumpmotors,"Starten Sie den Roboter neu. Wenn das Problem weiterhin besteht, kontaktieren Sie bitte unseren Kundendienst",Un délai d'attente de communication se produit pour le Contrôleur de moteur de basculement,"Redémarrez le robot. Si le problème persiste, veuillez contacter notre service après - vente",,,,,,,,,,,,,,,,,,,,,,,,,,,,,,,,,,,,,,,,,,,,
2825,3,mcu,STATE_2825,1,升降电机控制器通信超时→241111导入后台,Communication timeout occurred in the controller of the lift motor,"Restart the robot. If the issue persists, please contact our after-sales support",升降电机控制器通信超时,请重启Robot，若多次重启无效，请联系售后,Kommunikations-Timeout trat in der Steuerung des Hubmotors auf,"Starten Sie den Roboter neu. Wenn das Problem weiterhin besteht, kontaktieren Sie bitte unseren Kundendienst",Délai de communication se produit avec le Contrôleur de moteur d'ascenseur,"Redémarrez le robot. Si le problème persiste, veuillez contacter notre service après - vente",,,,,,,,,,,,,,,,,,,,,,,,,,,,,,,,,,,,,,,,,,,,
2826,3,mcu,STATE_2826,1,前轮毂电机控制器通信超时→241111导入后台,Communication timeout occurred in the controller of the front wheel hub motor,"Restart the robot. If the issue persists, please contact our after-sales support",前轮毂电机控制器通信超时,请重启Robot，若多次重启无效，请联系售后,Kommunikationszeitüberschreitung in der Steuerung des Vorderradnabenmotors,"Starten Sie den Roboter neu. Wenn das Problem weiterhin besteht, kontaktieren Sie bitte unseren Kundendienst",Communication timeout se produit avec le Contrôleur de moteur de moyeu de roue avant,"Redémarrez le robot. Si le problème persiste, veuillez contacter notre service après - vente",,,,,,,,,,,,,,,,,,,,,,,,,,,,,,,,,,,,,,,,,,,,
2828,3,mcu,STATE_2828,1,安全钥匙缺失,Security key is not installed,Please install the security key,安全钥匙缺失,请插入安全钥匙,Sicherheitsschlüssel ist nicht eingesetzt,Bitte setzen Sie den Sicherheitsschlüssel ein,La clé de sécurité n’est pas installée,Veuillez installer la clé de sécurité,La chiave di sicurezza non è installata,Installare la chiave di sicurezza,,,La llave de seguridad no está instalada,Instale la llave de seguridad,Bezpečnostní klíč není nainstalován,Nainstalujte bezpečnostní klíč,,,Nie je vložený kľúč zabezpečenia,"Prosím, vložte kľúč zabezpečenia",Klucz bezpieczeństwa nie jest zainstalowany,Zainstaluj klucz bezpieczeństwa,De beveiligingssleutel is niet geïnstalleerd,Installeer de beveiligingssleutel,Sikkerhedsnøglen er ikke installeret,Installér sikkerhedsnøglen,,,Säkerhetsnyckeln är inte installerad,Installera säkerhetsnyckeln,Varnostni ključ ni nameščen,"Prosimo, namestite varnostni ključ",A chave de segurança não está instalada,Instale a chave de segurança,A biztonsági kulcs nincs telepítve,Telepítse a biztonsági kulcsot,Sigurnosni ključ nije postavljen,Postavite sigurnosni ključ,Sikkerhetsnøkkel er ikke installert,Installer sikkerhetsnøkkelen,Turva-avainta ei ole asennettu,Asenna turva-avain,Cheia de securitate nu este instalată,Vă rugăm să instalați cheia de securitate,Не е инсталиран ключ за сигурност,Инсталирайте ключ за сигурност,Turvavõtit pole installitud,Installige turvavõti,Nav instalēta drošības atslēga,"Lūdzu, instalējiet drošības atslēgu",Saugos raktas neįdiegtas,Įdiekite saugos raktą
2829,3,mcu,STATE_2829,1,电池温度低，机器可能无法工作,The robot may not charge properly because the battery temperature is too low,Please stop charging and place the robot in a room-temperature environment until the issue is resolved,电池温度过低，可能无法正常充电,请停止充电，并将设备放置于常温环境，直到故障消失,"Der Roboter wird möglicherweise nicht ordnungsgemäß geladen, da die Temperatur des Akkus zu niedrig ist","Bitte beenden Sie den Ladezyklus und stellen Sie den Roboter in eine Umgebung mit Raumtemperatur, bis das Problem behoben ist",Il est possible que le robot ne se charge pas correctement si la température de la batterie est trop basse,Veuillez arrêter la charge et placer le robot dans un environnement à température ambiante jusqu'à ce que le problème soit résolu,Il robot potrebbe non caricarsi correttamente in quanto la temperatura della batteria è troppo bassa,Interrompere la carica e lasciare il robot a temperatura ambiente fino a quando il problema non verrà risolto,,,El robot no puede cargarse correctamente porque la temperatura de la batería es demasiado baja,Deje de cargar el robot y colóquelo en un entorno a temperatura ambiente hasta que se resuelva el problema,"Robot se nemusí řádně nabít, protože teplota baterie je příliš nízká","Zastavte nabíjení a umístěte robot do prostředí s pokojovou teplotou, dokud nebude problém vyřešen",,,"Robot sa nemusí správne nabíjať, lebo teplota batérie je príliš nízka","Prestaňte nabíjať a premiestnite robota do prostredia s izbovou teplotou, kým sa táto porucha nevyrieši","Ładowanie robota może być nieprawidłowe, ponieważ temperatura baterii jest zbyt niska","Przerwij ładowanie i przenieś robota do pomieszczenia o temperaturze pokojowej, aż problem zostanie rozwiązany",De robot laadt niet goed op omdat de accutemperatuur te laag is,Stop met opladen en plaats de robot in een omgeving op kamertemperatuur totdat het probleem is opgelost,"Robotplæneklipperen oplader muligvis ikke korrekt, fordi batteritemperaturen er for lav","Afbryd opladningen, og placér robotplæneklipperen ved stuetemperatur, indtil problemet er løst",,,Roboten kanske inte laddas ordentligt eftersom batteritemperaturen är för låg,Avbryt laddningen och placera roboten i rumstemperatur tills problemet är löst,"Robot se morda ne bo pravilno polnil, ker je temperatura baterije prenizka","Prekinite polnjenje in postavite robota v prostor s sobno temperaturo, dokler težava ni odpravljena",O robot pode não carregar corretamente porque a temperatura da bateria é demasiado baixa,Interrompa o carregamento e coloque o robot num ambiente com temperatura ambiente até que o problema seja resolvido,"Előfordulhat, hogy a robot nem töltődik fel megfelelően, mert az akkumulátor hőmérséklete túl alacsony","Állítsa le a töltést, és helyezze a robotot szobahőmérsékletű környezetbe, amíg a probléma meg nem oldódik",Robot se možda neće ispravno puniti jer je temperatura baterije preniska,Zaustavite punjenje i postavite ga u okruženje sa sobnom temperaturom dok se problem ne riješi,Roboten kan ha problemer med å lade fordi batteritemperaturen er for lav,Stopp ladingen og plasser roboten i et romtemperert miljø til problemet er løst,"Robotti ei ehkä lataudu kunnolla, koska akun lämpötila on liian alhainen","Lopeta lataaminen ja aseta robotti huoneenlämpöiseen ympäristöön, kunnes ongelma on korjaantunut",Robotul s-ar putea să nu se încarce corect din cauza temperaturii prea scăzute a bateriei,Vă rugăm să opriți încărcarea și să așezați robotul într-un mediu cu temperatură ambientală până când problema este rezolvată,"Роботът може да не се зарежда правилно, защото температурата на батерията е прекалено ниска","Спрете зареждането и поставете робота в помещение със стайна температура, докато проблемът се разреши","Roboti laadimine ei pruugi korralikult toimida, kuna selle aku temperatuur on liiga madal",Probleemi lahendamiseks katkestage laadimine ja viige robot toatemperatuuriga kohta,"Robots var neuzlādēties pareizi, jo baterijas temperatūra ir pārāk zema","Pārtrauciet uzlādi un nolieciet robotu istabas temperatūras vidē, līdz problēma tiek atrisināta","Robotas gali netinkamai įkrauti, nes baterijos temperatūra per žema","Sustabdykite įkrovimą ir pastatykite robotą kambario temperatūros aplinkoje, kol problema bus išspręsta"
2830,3,mcu,STATE_2830,1,电池温度高，机器可能无法工作,The robot may not charge properly because the battery temperature is too high,Please stop charging and place the robot in a room-temperature environment until the issue is resolved,电池温度过高，可能无法正常充电,请停止充电，并将设备放置于常温环境，直到故障消失,"Der Roboter wird möglicherweise nicht ordnungsgemäß geladen, da die Temperatur des Akkus zu hoch ist","Bitte beenden Sie den Ladezyklus und stellen Sie den Roboter in eine Umgebung mit Raumtemperatur, bis das Problem behoben ist",Il est possible que le robot ne se charge pas correctement si la température de la batterie est trop élevée,Veuillez arrêter la charge et placer le robot dans un environnement à température ambiante jusqu'à ce que le problème soit résolu,Il robot potrebbe non caricarsi correttamente in quanto la temperatura della batteria è troppo alta,Interrompere la carica e lasciare il robot a temperatura ambiente fino a quando il problema non verrà risolto,,,El robot no puede cargarse correctamente porque la temperatura de la batería es demasiado alta,Deje de cargar el robot y colóquelo en un entorno a temperatura ambiente hasta que se resuelva el problema,"Robot se nemusí řádně nabít, protože teplota baterie je příliš vysoká","Zastavte nabíjení a umístěte robot do prostředí s pokojovou teplotou, dokud nebude problém vyřešen",,,"Robot sa nemusí správne nabíjať, lebo teplota batérie je príliš vysoká","Prestaňte nabíjať a premiestnite robota do prostredia s izbovou teplotou, kým sa táto porucha nevyrieši","Ładowanie robota może być nieprawidłowe, ponieważ temperatura baterii jest zbyt wysoka","Przerwij ładowanie i przenieś robota do pomieszczenia o temperaturze pokojowej, aż problem zostanie rozwiązany",De robot laadt mogelijk niet goed op omdat de accutemperatuur te hoog is,Stop met opladen en plaats de robot in een omgeving op kamertemperatuur totdat het probleem is opgelost,"Robotplæneklipperen oplader muligvis ikke korrekt, fordi batteritemperaturen er for høj","Afbryd opladningen, og placér robotplæneklipperen ved stuetemperatur, indtil problemet er løst",,,Roboten kanske inte laddas ordentligt eftersom batteritemperaturen är för hög,Avbryt laddningen och placera roboten i rumstemperatur tills problemet är löst,"Robot se morda ne bo pravilno polnil, ker je temperatura baterije previsoka","Prekinite polnjenje in postavite robota v prostor s sobno temperaturo, dokler težava ni odpravljena",O robot pode não carregar corretamente porque a temperatura da bateria é demasiado elevada,Interrompa o carregamento e coloque o robot num ambiente com temperatura ambiente até que o problema seja resolvido,"Előfordulhat, hogy a robot nem töltődik fel megfelelően, mert az akkumulátor hőmérséklete túl magas","Állítsa le a töltést, és helyezze a robotot szobahőmérsékletű környezetbe, amíg a probléma meg nem oldódik",Robot se možda neće ispravno puniti jer je temperatura baterije previsoka,Zaustavite punjenje i postavite ga u okruženje sa sobnom temperaturom dok se problem ne riješi,Roboten kan ha problemer med å lade fordi batteritemperaturen er for høy,Stopp ladingen og plasser roboten i et romtemperert miljø til problemet er løst,"Robotti ei ehkä lataudu kunnolla, koska akun lämpötila on liian korkea","Lopeta lataaminen ja aseta robotti huoneenlämpöiseen ympäristöön, kunnes ongelma on korjaantunut",Robotul s-ar putea să nu se încarce corect deoarece temperatura bateriei este prea ridicată,Vă rugăm să opriți încărcarea și să așezați robotul într-un mediu cu temperatură ambientală până când problema este rezolvată,"Роботът може да не се зарежда правилно, защото температурата на батерията е прекалено висока","Спрете зареждането и поставете робота в помещение със стайна температура, докато проблемът се разреши","Roboti laadimine ei pruugi korralikult toimida, kuna selle aku temperatuur on liiga kõrge",Probleemi lahendamiseks katkestage laadimine ja viige robot toatemperatuuriga kohta,"Robots var netikt uzlādēts pareizi, jo baterijas temperatūra ir pārāk augsta","Pārtrauciet uzlādi un nolieciet robotu istabas temperatūras vidē, līdz problēma tiek atrisināta","Robotas gali netinkamai įkrauti, nes baterijos temperatūra per aukšta","Sustabdykite įkrovimą ir pastatykite robotą kambario temperatūros aplinkoje, kol problema bus išspręsta"
2831,3,common,STATE_2831,1,电池温度过低，可能无法正常工作,The robot may not work properly due to the battery temperature being too low,Please stop using the robot and place it in a room-temperature environment until the issue is resolved,电池温度过低，可能无法正常工作,请停止工作，并将设备放置于常温环境，直到故障消失,"Der Roboter funktioniert möglicherweise nicht ordnungsgemäß, da die Temperatur des Akkus zu niedrig ist","Verwenden Sie den Roboter nicht weiter und stellen Sie ihn in eine Umgebung mit Raumtemperatur, bis das Problem behoben ist",Il est possible que le robot ne fonctionne pas correctement si la température de la batterie est trop basse,Veuillez cesser d'utiliser le robot et le placer dans un environnement à température ambiante jusqu'à ce que le problème soit résolu,Il robot potrebbe non funzionare correttamente per via della temperatura troppo bassa della batteria,Interrompere l'uso del robot e lasciarlo in un ambiente a temperatura ambiente fino a quando il problema non verrà risolto,,,El robot no funciona correctamente porque la temperatura de la batería es demasiado baja,Deje de usar el robot y colóquelo en un entorno a temperatura ambiente hasta que se resuelva el problema,"Robot nemusí řádně fungovat, protože teplota baterie je příliš nízká","Přestaňte robot používat a umístěte ho do prostředí s pokojovou teplotou, dokud nebude problém vyřešen",,,"Robot nemusí fungovať správne, lebo teplota batérie príliš poklesla","Prestaňte používať robota a premiestnite ho do prostredia s izbovou teplotou, kým sa táto porucha nevyrieši",Robot może nie działać prawidłowo ze względu na zbyt niską temperaturę baterii,"Zatrzymaj robota i przenieś go do pomieszczenia o temperaturze pokojowej, aż problem zostanie rozwiązany",De robot werkt mogelijk niet goed omdat de accutemperatuur te laag is,Stop met het gebruiken van de robot en plaats deze in een omgeving op kamertemperatuur totdat het probleem is opgelost,"Robotplæneklipperen fungerer muligvis ikke korrekt, fordi batteritemperaturen er for lav","Afbryd brugen af robotplæneklipperen, og placér robotplæneklipperen ved stuetemperatur, indtil problemet er løst",,,Roboten kanske inte fungerar som den ska eftersom batteritemperaturen är för låg,Sluta använda roboten och placera den i rumstemperatur tills problemet är löst,"Robot morda ne bo deloval pravilno, ker je temperatura baterije prenizka","Prenehajte uporabljati robota in ga postavite v prostor s sobno temperaturo, dokler težava ni odpravljena",O robot pode não funcionar corretamente devido à temperatura da bateria ser demasiado baixa,Deixe de utilizar o robot e coloque-o num ambiente com temperatura ambiente até que o problema seja resolvido,"Előfordulhat, hogy a robot nem működik megfelelően, mert az akkumulátor hőmérséklete túl alacsony","Ne használja tovább a robotot, és helyezze szobahőmérsékletű környezetbe, amíg a probléma meg nem oldódik",Robot možda neće ispravno funkcionirati jer je temperatura baterije preniska,Prestanite koristiti robota i postavite ga u okruženje sa sobnom temperaturom dok se problem ne riješi,Roboten kan ha problemer med å fungere fordi batteritemperaturen er for lav,Stopp bruken av roboten og plasser den i et romtemperert miljø til problemet er løst,"Robotti ei ehkä toimi kunnolla, koska akun lämpötila on liian alhainen","Lopeta robotin käyttö ja sijoita se huoneenlämpöiseen ympäristöön, kunnes ongelma on korjaantunut",Robotul s-ar putea să nu funcționeze corect din cauza temperaturii prea scăzute a bateriei,Vă rugăm să opriți utilizarea robotului și să-l plasați într-un mediu cu temperatură ambientală până când problema este rezolvată,"Роботът може да не работи правилно, защото температурата на батерията е прекалено ниска","Спрете робота и го поставете в помещение със стайна температура, докато проблемът се разреши","Robot ei pruugi korralikult töötada, kuna selle aku temperatuur on liiga madal",Probleemi lahendamiseks katkestage kasutamine ja viige robot toatemperatuuriga kohta,"Robots var nedarboties pareizi, jo baterijas temperatūra ir pārāk zema","Lūdzu, pārtrauciet robota lietošanu un nolieciet to istabas temperatūras vidē, līdz problēma tiek atrisināta","Robotas gali tinkamai neveikti, nes baterijos temperatūra per žema","Nebenaudokite roboto ir padėkite jį kambario temperatūros aplinkoje, kol problema bus išspręsta"
2832,3,common,STATE_2832,1,电池温度过高，可能无法正常工作,The robot may not work properly due to the battery temperature being too high,Please stop using the robot and place it in a room-temperature environment until the issue is resolved,电池温度过高，可能无法正常工作,请停止工作，并将设备放置于常温环境，直到故障消失,"Der Roboter funktioniert möglicherweise nicht ordnungsgemäß, da die Temperatur des Akkus zu hoch ist","Verwenden Sie den Roboter nicht weiter und stellen Sie ihn in eine Umgebung mit Raumtemperatur, bis das Problem behoben ist",Il est possible que le robot ne fonctionne pas correctement si la température de la batterie est trop élevée,Veuillez cesser d'utiliser le robot et le placer dans un environnement à température ambiante jusqu'à ce que le problème soit résolu,Il robot potrebbe non funzionare correttamente per via della temperatura troppo elevata della batteria,Interrompere l'uso del robot e lasciarlo in un ambiente a temperatura ambiente fino a quando il problema non verrà risolto,,,El robot no funciona correctamente porque la teçmperatura de la batería es demasiado alta,Deje de usar el robot y colóquelo en un entorno a temperatura ambiente hasta que se resuelva el problema,"Robot nemusí řádně fungovat, protože teplota baterie je příliš vysoká","Přestaňte robot používat a umístěte ho do prostředí s pokojovou teplotou, dokud nebude problém vyřešen",,,"Robot nemusí fungovať správne, lebo teplota batérie je príliš vysoká","Prestaňte používať robota a premiestnite ho do prostredia s izbovou teplotou, kým sa táto porucha nevyrieši",Robot może nie działać prawidłowo ze względu na zbyt wysoką temperaturę baterii,"Zatrzymaj robota i przenieś go do pomieszczenia o temperaturze pokojowej, aż problem zostanie rozwiązany",De robot werkt mogelijk niet goed omdat de accutemperatuur te hoog is,Stop met het gebruiken van de robot en plaats deze in een omgeving op kamertemperatuur totdat het probleem is opgelost,"Robotplæneklipperen fungerer muligvis ikke korrekt, fordi batteritemperaturen er for høj","Afbryd brugen af robotplæneklipperen, og placér robotplæneklipperen ved stuetemperatur, indtil problemet er løst",,,Roboten kanske inte fungerar som den ska eftersom batteritemperaturen är för hög,Sluta använda roboten och placera den i rumstemperatur tills problemet är löst,"Robot morda ne bo deloval pravilno, ker je temperatura baterije previsoka","Prenehajte uporabljati robota in ga postavite v prostor s sobno temperaturo, dokler težava ni odpravljena",O robot pode não funcionar corretamente devido à temperatura demasiado elevada da bateria,Deixe de utilizar o robot e coloque-o num ambiente com temperatura ambiente até que o problema seja resolvido,"Előfordulhat, hogy a robot nem működik megfelelően, mert az akkumulátor hőmérséklete túl magas","Ne használja tovább a robotot, és helyezze szobahőmérsékletű környezetbe, amíg a probléma meg nem oldódik",Robot možda neće ispravno funkcionirati jer je temperatura baterije previsoka,Prestanite koristiti robota i postavite ga u okruženje sa sobnom temperaturom dok se problem ne riješi,Roboten kan ha problemer med å fungere fordi batteritemperaturen er for høy,Stopp bruken av roboten og plasser den i et romtemperert miljø til problemet er løst,"Robotti ei ehkä toimi kunnolla, koska akun lämpötila on liian korkea","Lopeta robotin käyttö ja sijoita se huoneenlämpöiseen ympäristöön, kunnes ongelma on korjaantunut",Robotul s-ar putea să nu funcționeze corect din cauza temperaturii prea ridicate a bateriei,Vă rugăm să opriți utilizarea robotului și să-l plasați într-un mediu cu temperatură ambientală până când problema este rezolvată,"Роботът може да не работи правилно, защото температурата на батерията е прекалено висока","Спрете робота и го поставете в помещение със стайна температура, докато проблемът се разреши","Robot ei pruugi korralikult töötada, kuna selle aku temperatuur on liiga kõrge",Probleemi lahendamiseks katkestage kasutamine ja viige robot toatemperatuuriga kohta,"Robots var nedarboties pareizi, jo baterijas temperatūra ir pārāk augsta","Lūdzu, pārtrauciet robota lietošanu un nolieciet to istabas temperatūras vidē, līdz problēma tiek atrisināta","Robotas gali tinkamai neveikti, nes baterijos temperatūra per aukšta","Nebenaudokite roboto ir padėkite jį kambario temperatūros aplinkoje, kol problema bus išspręsta"
2833,3,mcu,STATE_2833,1,充电功能异常,Charging error,"Restart the robot. If the issue persists, please contact after-sales support",充电功能异常,重启设备，若多次重启无效，请联系售后,Fehler beim Laden,"Starten Sie den Roboter neu. Wenn das Problem weiterhin besteht, wenden Sie sich bitte an den Kundendienst",Erreur de charge,"Redémarrez le robot. Si le problème persiste, veuillez contacter le service après-vente",Errore di ricarica,"Riavviare il robot. Se i problemi persistono, contattare il servizio post-vendita",,,Error de carga,"Reinicie el robot. Si el problema persiste, póngase en contacto con el servicio posventa",Chyba nabíjení,"Restartujte robot. Pokud problém přetrvává, obraťte se na poprodejní podporu",,,Chyba nabíjania,"Reštartujte robota. Ak problém pretrváva, obráťte sa na oddelenie podpory po predaji",Błąd ładowania,"Uruchom ponownie robota. Jeżeli problem nie ustępuje, skontaktuj się z obsługą klienta",Oplaadfout,Start de robot opnieuw. Neem contact op met de klantenservice als het probleem aanhoudt,Opladningsfejl,"Genstart robotten. Kontakt kundesupport, hvis problemet vedvarer",Greška pri punjenju,"Ponovo pokrenite robot. Ako se problem i dalje bude javljao, obratite se korisničkoj podršci",,Starta om roboten. Kontakta kundsupport om problemet kvarstår,Napaka pri polnjenju,"Znova zaženite robota. Če težave ne odpravite, se obrnite na poprodajno podporo",Erro no carregamento,"Reinicie o robô. Se o problema persistir, contacte a assistência pós-venda",Töltési hiba,"Indítsa újra a robotot. Ha a probléma továbbra is fennáll, forduljon a vevőszolgálathoz",Pogreška punjenja,"Ponovno pokrenite robota. Ako to ne riješi problem, obratite se poslijeprodajnoj podršci",Ladefeil,Start roboten på nytt. Kontakt ettersalgsstøtten hvis problemet vedvarer,Latausvirhe,"Käynnistä robotti uudelleen. Jos ongelma jatkuu, ota yhteyttä myynnin jälkeiseen tukeen",Eroare de încărcare,"Reporniți robotul. Dacă problema persistă, contactați serviciul de asistență post-vânzări",Грешка при зареждане,"Рестартирайте робота. Ако проблемът продължава, потърсете екипа за обслужване на клиенти",Laadimisviga,"Taaskäivitage robot. Kui probleem püsib, võtke ühendust müügijärgse toega",Uzlādes kļūda,"Restartējiet robotu. Ja problēma joprojām pastāv, lūdzu, sazinieties ar pēcpārdošanas atbalsta dienestu",Įkrovimo klaida,"Paleiskite robotą iš naujo. Jei problema išlieka, susisiekite su aptarnavimo komanda"
2836,3,mcu,STATE_2836,1,组件版本不匹配,Component version mismatch detected,Please update the robot firmware to the latest version,组件版本不匹配,请更新机器最到新版本,Komponentenversion stimmt nicht überein,Bitte aktualisieren Sie die Roboter-Firmware auf die neueste Version,Inadéquation de la version du composant détectée,Veuillez mettre à jour le micrologiciel du robot avec la dernière version,È stata rilevata una mancata corrispondenza della versione di un componente,Aggiornare il firmware del robot alla versione più recente,,,Se ha detectado un desajuste en la versión de los componentes,Actualice el firmware del robot a la última versión,Byla detekována neshoda verzí součástí,Aktualizujte firmware robotu na nejnovější verzi,,,Bol zistený nesúlad verzií komponentov,Aktualizujte firmvér robota na najnovšiu verziu,Wykryto niezgodność wersji komponentów,Zaktualizuj oprogramowanie robota do najnowszej wersji,Onjuiste versie van component gedetecteerd,Update de robotfirmware naar de nieuwste versie,Der er registreret en uoverensstemmelse i komponentversionen,Opdatér robottens firmware til den nyeste version,,,Felaktig version av komponent upptäckt,Uppdatera robotens fasta programvara till den senaste versionen,Zaznano je neujemanje različice komponente,"Prosimo, posodobite strojno programsko opremo robota na najnovejšo različico",Detetada incompatibilidade de versões de componentes,Atualize o firmware do robô para a versão mais recente,Komponens verzióeltérés észlelve,"Kérjük, frissítse a robot firmware-ét a legújabb verzióra",Otkriveno je nepodudaranje verzija komponenti,Ažurirajte firmver robota na najnoviju verziju,Uoverensstemmelse med komponentversjon oppdaget,Oppdater robotens fastvare til den nyeste versjonen,Komponenttiversion ristiriita tunnistettu,Päivitä robotin laiteohjelmisto uusimpaan versioon,Neconcordanță între versiunea componentei detectată,Vă rugăm să actualizați firmware-ul robotului la cea mai recentă versiune,Отчетено е несъответствие във версията на компонентите,Актуализирайте фърмуера на робота до най-новата версия,Tuvastati komponendi versiooni mittevastavus,Värskendage roboti püsivara uusimale versioonile,Konstatēta komponentu versiju neatbilstība,"Lūdzu, atjauniniet robota aparātprogrammatūru uz jaunāko versiju",Aptiktas komponento versijos neatitikimas,Atnaujinkite roboto integruotą programinę įrangą į naujausią versiją
3789,3,imu,STATE_3789,1,机器检测到震动过大，请查看刀片是否异常,The machine has detected excessive vibration.,Please check if the blade is abnormal.,机器检测到震动过大,请查看刀片是否异常,,,,,,,,,,,,,,,,,,,,,,,,,,,,,,,,,,,,,,,,,,,,,,,,
5001,3,common,STATE_5001,1,Lora配置错误，请联系售后,LoRa configuration error,Please contact the after-sales support,Lora配置错误,请联系售后,"LoRa-Konfigurationsfehler, bitte wenden Sie sich an den After-Sales-Support",,"Erreur de configuration LoRa, veuillez contacter le service après-vente",,"Errore di configurazione LoRa, si prega di contattare il supporto post-vendita",,,,"Error de configuración LoRa, por favor contacte con el soporte postventa",,"Chyba konfigurace LoRa, kontaktujte prosím zákaznickou podporu",,,,"Chyba konfigurácie LoRa, kontaktujte prosím servis po predaji",,"Błąd konfiguracji LoRa, prosimy o kontakt z pomocą posprzedażną",,"LoRa-configuratiefout, neem contact op met de after-sales ondersteuning",,"LoRa-konfigurationsfejl, kontakt venligst efter-salgssupporten",,,,"LoRa-konfigurationsfel, kontakta efterförsäljningssupporten",,"Napaka konfiguracije LoRa, prosimo, kontaktirajte po prodaji",,,,,,,,,,,,,,,,,,,,,
40200,2,common,STATE_40200,1,业务异常,Service exception,,业务异常,,Service-Ausnahme,,Exception de service,,Eccezione servizio,,,,Excepción de servicio,,Výjimka služby,,,,Výnimka služby,,Wyjątek serwisowy,,Service-uitzondering,,Undtagelse for tjeneste,,,,Serviceundantag,,Izjema storitve,,,,,,,,,,,,,,,,,,,,,
40201,2,common,STATE_40201,1,用户不存在,User does not exist,,用户不存在,,Benutzer existiert nicht,,L’utilisateur n’existe pas,,L’utente non esiste,,,,El usuario no existe,,Uživatel neexistuje,,,,Užívateľ neexistuje,,użytkownik nie istnieje,,Gebruiker bestaat niet,,Brugeren findes ikke,,,,Användare finns inte,,Uporabnik ne obstaja,,,,,,,,,,,,,,,,,,,,,
40202,2,common,STATE_40202,1,密码错误,Incorrect password,,密码错误,,Falsches Passwort,,Mot de passe incorrect,,Password errata,,,,Contraseña incorrecta,,Špatné heslo,,,,Zlé heslo,,Złe hasło,,Onjuist wachtwoord,,Forkert adgangskode,,,,Fel lösenord,,Nepravilno geslo,,,,,,,,,,,,,,,,,,,,,
40203,2,common,STATE_40203,1,该邮箱已经注册过了,This email address has been already registered,,该邮箱已经注册过了,,Diese E-Mail-Adresse ist bereits registriert.,,Cette adresse e-mail est déjà enregistrée,,Questo indirizzo e-mail è già registrato,,,,Esta dirección de correo electrónico ya está registrada,,Tato emailová adresa je již registrována,,,,Táto emailová adresa je už registrovaná,,Ten adres email jest już zarejestrowany,,Dit e-mailadres is al geregistreerd,,Denne e-mailadresse er allerede registreret,,,,Denna e-postadress har redan registrerats,,Ta e-poštni naslov je bil že registriran,,,,,,,,,,,,,,,,,,,,,
40204,2,common,STATE_40204,1,新邮箱不能与旧邮箱一致,The new email address cannot be the same as the old one,,新邮箱不能与旧邮箱一致,,Die neue E-Mail-Adresse darf nicht mit der alten übereinstimmen.,,La nouvelle adresse e-mail ne peut pas être la même que l’ancienne,,Il nuovo indirizzo e-mail non può essere uguale a quello vecchio,,,,La nueva dirección de correo electrónico no puede ser la misma que la anterior,,Nová e-mailová adresa nemůže být stejná jako stará,,,,Nová e-mailová adresa nemôže byť rovnaká ako stará,,Nowy adres e-mail nie może być taki sam jak stary,,Het nieuwe e-mailadres kan niet hetzelfde zijn als het oude,,Den nye e-mailadresse må ikke være den samme som den gamle,,,,Den nya e-postadressen kan inte vara densamma som den gamla,,Novi e-poštni naslov ne more biti enak staremu,,,,,,,,,,,,,,,,,,,,,
40205,2,common,STATE_40205,1,业务超时,Service timeout,,业务超时,,Zeitüberschreitung beim Service,,Délai d’expiration du service,,Timeout servizio,,,,Tiempo de espera del servicio agotado,,Časový limit služby vypršel,,,,Časový limit služby vypršal,,Limit czasu usługi,,Servicetime-out,,Timeout for service,,,,Service timeout,,Časovna omejitev storitve,,,,,,,,,,,,,,,,,,,,,
40206,2,common,STATE_40206,1,发送邮件失败,Email failed to send,,发送邮件失败,,Fehler beim Senden der E-Mail,,Échec de l’envoi de l’e-mail,,Impossibile inviare l’e-mail,,,,Error al enviar el correo electrónico,,Odeslání e-mailu selhalo,,,,Odoslanie e-mailu zlyhalo,,Nie udało się wysłać wiadomości e-mail,,Kan geen e-mail verzenden,,E-mail kunne ikke sendes,,,,Det gick inte att skicka e-post,,Elektronsko sporočilo ni bilo poslano,,,,,,,,,,,,,,,,,,,,,
40300,2,common,STATE_40300,1,参数异常,Parameter is incorrect,,参数异常,,Parameter-Ausnahme,,Exception de paramètre,,Eccezione parametro,,,,Excepción de parámetro,,Parametr je nesprávný,,,,Parameter je nesprávny,,Wyjątek parametru,,Parameteruitzondering,,Parameteren er forkert,,,,Parametern är felaktig,,Parameter je napačen,,,,,,,,,,,,,,,,,,,,,
40301,2,common,STATE_40301,1,邮箱格式不正确,Invalid email address,,邮箱格式不正确,,Das Format der E-Mail-Adresse ist falsch.,,Le format de l’adresse e-mail est incorrect,,Il formato dell’indirizzo e-mail non è corretto,,,,El formato de la dirección de correo electrónico es incorrecto,,Neplatná e-mailová adresa,,,,Neplatná e-mailová adresa,,Format adresu e-mail jest nieprawidłowy,,Adresformaat e-mail is onjuist,,Ugyldig e-mailadresse,,,,Ogiltig e-postadress,,Nepravilen e-poštni naslov,,,,,,,,,,,,,,,,,,,,,
40302,2,common,STATE_40302,1,密码必须是8至16位字母、数字,Password must contain 8 to 16 letters or numbers,,密码必须是8至16位字母、数字,,Das Passwort muss 8 bis 16 Buchstaben oder Zahlen enthalten.,,Le mot de passe doit contenir entre 8 et 16 lettres ou chiffres,,La password deve contenere da 8 a 16 lettere o numeri,,,,La contraseña debe contener entre 8 y 16 letras o números,,Heslo musí obsahovat 8 až 16 písmena nebo čísla,,,,Heslo musí obsahovať 8 až 16 písmená alebo čísla,,Hasło musi zawierać od 8 do 16 liter lub cyfr,,Het wachtwoord moet tussen 8 en 16 letters of cijfers bevatten.,,Adgangskoden skal indeholde 8 til 16 bogstaver eller tal,,,,Lösenordet måste innehålla 8 till 16 bokstäver eller siffror,,Geslo mora vsebovati 8 do 16 črk ali številk,,,,,,,,,,,,,,,,,,,,,
50001,1,common,STATE_50001,1,请求服务器失败,Failed to request server,,请求服务器失败,,Serveranfrage fehlgeschlagen,,Échec de la demande du serveur,,Richiesta server non riuscita,,,,Error al solicitar el servidor,,Požadavek serveru selhal,,,,Požiadavka servera zlyhala,,Żądanie serwera nie powiodło się,,Serververzoek mislukt.,,Kunne ikke anmode om server,,,,Det gick inte att begära server,,Ni uspelo zahtevati strežnika,,,,,,,,,,,,,,,,,,,,,
50009,1,common,STATE_50009,1,蓝牙连接已断开,Connection has been interrupted,,连接已断开,,Die Verbindung wurde getrennt,,La connexion a été interrompue,,La connessione è stata interrotta,,,,La conexión se ha desconectado,,Spojení bylo přerušeno,,,,Spojenie bolo prerušené,,Połączenie zostało przerwane,,De verbinding is verbroken.,,Forbindelsen er blevet afbrudt,,,,Anslutningen har avbrutits,,Povezava je bila prekinjena,,,,,,,,,,,,,,,,,,,,,
50019,1,common,STATE_50019,1,当前蓝牙信号差，存在较大延迟,"Bluetooth signal is weak, causing delay",Please keep your phone within 5 meters of the robot,当前蓝牙信号差，存在较大延迟,请保持手机与Robot的距离不超过5米,Das aktuelle Bluetooth-Signal ist schlecht und dessen Verzögerung ist lang.,Bitte nutzen Sie Ihr Telefon in einem Umkreis von 5 Metern um den Roboter.,Le signal Bluetooth actuel est faible avec latence importante.,Gardez votre téléphone à moins de 5 mètres du robot.,Il segnale Bluetooth attuale è scarso con un ritardo lungo,Tenere il telefono entro 5 metri da robot,,,La señal Bluetooth actual es deficiente y presenta un retardo largo.,Mantenga su teléfono a menos de 5 metros del robot.,"Signál Bluetooth je slabý, což způsobuje zpoždění",Vzdálenost mezi robot a telefonem musí být max. 5 metrů,,,"Signál Bluetooth je slabý, čo spôsobuje oneskorenie",Vzdialenosť medzi robot a telefónom musí byť max. 5 metrov,Słabe połączenie Bluetooth,Trzymaj telefon w odległości nie większej niż 5 metrów od robot,Het huidige Bluetooth-signaal is zwak en veroorzaakt vertraging.,Houd uw telefoon binnen 5 meter van de robot.,Bluetooth-signalet er svagt og forårsager forsinkelse,Hold din telefon inden for 5 meter fra robotten,,,"Blåtand-signalen är svag, vilket orsakar fördröjning",Håll din telefon inom 5 meter från roboten,"Signal Bluetooth je šibek, kar povzroča zamudo","Prosimo, da je telefon v oddaljenosti do 5 metrov od robot",,,,,,,,,,,,,,,,,,,,
50020,1,common,STATE_50020,1,蓝牙连接超时,Connection failed,,连接已断开,,Die Verbindung wurde getrennt,,La connexion a été interrompue,,La connessione è stata interrotta,,,,La conexión se ha desconectado,,Spojení selhalo,,,,Spojenie zlyhalo,,Połączenie zostało przerwane,,De verbinding is verbroken.,,Forbindelsen mislykkedes,,,,Anslutningen misslyckades,,Povezava ni uspela,,,,,,,,,,,,,,,,,,,,,
50021,1,common,STATE_50021,1,IOT连接超时,Connection failed,,连接已断开,,Die Verbindung wurde getrennt,,La connexion a été interrompue,,La connessione è stata interrotta,,,,La conexión se ha desconectado,,Spojení selhalo,,,,Spojenie zlyhalo,,Połączenie zostało przerwane,,De verbinding is verbroken.,,Forbindelsen mislykkedes,,,,Anslutningen misslyckades,,Povezava ni uspela,,,,,,,,,,,,,,,,,,,,,
